,Raggio,Massa,Energia,Nickel,Mcsm,Rcsm,Slope
0,6.1,10.61,9.9,0.09,0.012,1.4,0.05
1,62.9,10.82,1.26,0.191,0.169,1.3,1.63
2,10.4,11.39,1.48,0.023,0.161,5.5,0.76
3,52.5,19.83,5.33,0.161,0.017,2.7,1.22
4,31.5,10.18,1.15,0.455,0.218,2.3,1.28
5,146.4,9.72,9.71,0.018,0.014,3.3,0.58
6,23.3,10.31,3.21,0.117,0.169,2.0,0.45
7,17.3,8.42,7.94,0.033,0.05,2.9,2.84
8,6.4,11.25,2.42,0.15,0.066,1.0,2.01
9,16.2,11.13,3.74,0.214,0.528,4.1,2.19
10,57.6,10.38,1.82,0.123,0.152,3.3,1.81
11,171.4,10.65,5.01,0.02,0.063,1.1,2.33
12,144.3,13.88,1.74,0.128,0.714,6.0,2.11
13,4.9,10.15,8.85,0.088,0.061,6.9,2.63
14,14.4,8.41,9.21,0.285,0.016,1.7,1.58
15,141.2,12.48,3.36,0.419,0.264,1.0,1.46
16,31.9,13.5,1.66,0.01,0.231,1.8,2.61
17,13.7,12.86,8.25,0.127,0.092,2.6,2.89
18,13.1,14.17,2.25,0.109,0.808,1.9,1.28
19,6.1,12.69,3.13,0.408,0.149,1.3,2.38
20,8.5,17.56,3.33,0.087,0.023,6.7,1.89
21,15.8,12.74,4.08,0.245,0.204,2.1,0.01
22,53.3,9.23,4.66,0.056,0.053,5.4,1.02
23,193.6,9.0,1.84,0.174,0.13,5.9,2.28
24,4.2,15.88,2.02,0.165,0.297,4.4,0.94
25,16.7,18.19,5.67,0.024,0.668,1.9,0.64
26,132.4,19.95,3.57,0.226,0.361,2.5,0.48
27,9.3,10.21,9.65,0.17,0.016,5.6,0.07
28,30.2,18.83,7.05,0.023,0.014,3.1,1.86
29,32.7,18.97,5.97,0.033,0.013,2.8,1.11
30,37.9,15.66,4.03,0.168,0.062,2.3,0.84
31,23.2,17.02,1.45,0.021,0.051,2.1,1.77
32,211.7,12.14,4.07,0.496,0.027,2.7,2.75
33,4.3,8.11,8.75,0.296,0.012,6.1,1.01
34,5.4,8.9,9.59,0.025,0.026,4.2,2.02
35,6.1,8.68,1.69,0.406,0.236,2.4,2.01
36,27.1,8.82,5.36,0.183,0.284,1.0,1.85
37,31.9,8.64,1.16,0.169,0.012,3.9,2.19
38,94.4,12.16,1.32,0.021,0.143,9.9,2.77
39,16.6,17.63,8.92,0.016,0.749,2.3,2.09
40,6.7,15.57,3.49,0.088,0.147,6.8,2.65
41,25.9,8.68,4.84,0.071,0.331,6.9,0.21
42,7.1,11.49,1.85,0.075,0.094,2.2,2.53
43,279.2,11.69,3.73,0.011,0.047,2.9,2.76
44,123.3,13.39,1.37,0.027,0.013,1.7,0.46
45,16.5,12.07,4.23,0.027,0.251,1.1,1.79
46,23.9,9.74,7.31,0.162,0.01,1.7,1.77
47,60.1,10.75,5.45,0.019,0.015,7.8,1.95
48,58.3,18.9,1.16,0.135,0.226,1.8,0.49
49,43.6,15.21,6.73,0.137,0.153,1.8,2.58
50,24.8,18.62,2.28,0.104,0.199,3.8,1.9
51,45.6,11.26,2.14,0.019,0.442,4.9,0.72
52,4.2,12.16,3.28,0.08,0.05,3.4,1.2
53,34.3,8.23,9.24,0.028,0.178,2.1,0.67
54,28.9,15.1,1.97,0.036,0.015,1.7,2.54
55,64.8,14.47,1.82,0.16,0.614,1.7,1.63
56,10.9,13.55,2.44,0.02,0.041,2.5,1.02
57,83.7,16.32,3.79,0.114,0.029,1.0,2.83
58,78.7,15.7,6.03,0.465,0.024,7.1,2.65
59,27.1,11.0,2.61,0.215,0.555,9.3,0.74
60,69.7,12.06,4.08,0.016,0.195,5.6,2.61
61,14.2,11.62,5.05,0.032,0.049,2.4,0.44
62,33.8,13.79,8.59,0.087,0.029,5.2,0.54
63,100.6,12.68,9.59,0.047,0.976,3.1,2.77
64,18.5,12.09,1.26,0.055,0.05,4.9,1.61
65,25.4,10.53,3.8,0.199,0.367,3.1,2.2
66,137.8,12.32,3.43,0.191,0.583,1.5,2.33
67,10.8,10.01,1.35,0.427,0.341,9.1,1.04
68,77.0,9.77,6.23,0.023,0.155,1.3,1.11
69,3.5,19.71,1.5,0.132,0.032,2.4,2.33
70,16.5,14.26,1.37,0.375,0.184,2.3,1.44
71,3.7,14.7,1.33,0.027,0.012,7.6,2.9
72,151.0,16.16,6.73,0.317,0.291,4.5,0.07
73,110.5,11.54,3.39,0.271,0.039,2.4,2.13
74,43.8,8.11,7.75,0.221,0.822,1.1,1.64
75,60.1,10.33,7.34,0.196,0.021,1.1,0.35
76,121.2,11.5,3.06,0.038,0.206,2.3,0.87
77,3.4,16.56,1.67,0.254,0.013,2.7,2.92
78,17.7,8.8,4.09,0.383,0.192,1.0,2.21
79,23.2,12.88,6.33,0.252,0.111,2.4,1.93
80,41.0,14.02,8.24,0.168,0.835,5.5,1.56
81,4.1,9.35,1.54,0.018,0.037,5.6,0.95
82,257.8,14.84,7.27,0.025,0.114,4.1,1.03
83,19.5,18.41,1.15,0.067,0.158,7.2,1.36
84,8.2,17.97,7.66,0.018,0.199,2.6,0.14
85,6.2,10.33,2.13,0.058,0.513,3.4,2.0
86,19.9,13.11,2.61,0.325,0.064,1.2,1.96
87,115.8,10.95,1.65,0.288,0.748,1.5,2.93
88,16.8,8.87,3.83,0.011,0.561,1.5,0.31
89,6.5,14.36,2.75,0.132,0.013,3.6,2.27
90,255.6,12.23,1.66,0.281,0.935,2.6,2.66
91,94.6,14.92,2.48,0.333,0.102,1.0,0.06
92,84.1,13.0,1.04,0.221,0.621,2.2,0.03
93,48.6,13.82,5.56,0.011,0.135,2.7,1.34
94,7.4,10.24,1.5,0.012,0.387,3.4,0.96
95,8.5,11.02,3.8,0.033,0.455,3.3,1.79
96,175.1,9.4,4.01,0.031,0.017,4.4,1.96
97,58.4,17.12,5.15,0.262,0.098,2.6,0.08
98,122.5,8.07,6.6,0.214,0.037,3.2,2.29
99,284.7,14.66,4.73,0.37,0.089,2.4,2.14
100,16.4,17.24,3.62,0.431,0.015,3.6,2.47
101,19.8,14.75,5.39,0.05,0.961,5.2,1.67
102,108.2,18.21,4.27,0.31,0.25,1.6,1.39
103,42.4,10.89,3.81,0.015,0.141,3.2,2.7
104,7.5,12.52,4.14,0.12,0.013,3.7,1.23
105,88.6,8.16,3.59,0.016,0.027,1.6,2.67
106,85.0,13.8,1.07,0.135,0.126,8.0,2.3
107,58.4,9.66,1.56,0.049,0.011,1.9,0.46
108,58.1,8.74,1.2,0.061,0.039,5.2,1.99
109,5.1,8.66,1.2,0.015,0.46,1.4,0.51
110,131.6,11.8,1.72,0.017,0.028,5.0,1.69
111,131.6,12.16,2.98,0.017,0.113,1.2,0.87
112,8.3,8.4,4.74,0.056,0.043,4.9,0.37
113,119.6,18.57,6.24,0.059,0.145,1.5,1.36
114,17.7,12.18,3.34,0.017,0.013,3.1,0.35
115,6.4,19.77,1.61,0.05,0.484,7.6,0.88
116,12.3,14.9,5.28,0.057,0.043,9.0,1.81
117,26.6,10.17,6.6,0.037,0.042,7.5,0.3
118,6.2,10.96,1.72,0.025,0.024,9.2,1.57
119,45.0,11.02,1.29,0.245,0.014,1.1,0.11
120,188.8,9.02,2.57,0.011,0.169,2.2,1.53
121,8.8,8.0,1.24,0.016,0.024,2.9,1.14
122,41.2,18.44,8.58,0.275,0.869,1.1,1.9
123,170.6,15.54,1.86,0.49,0.09,5.2,2.81
124,7.2,18.12,9.2,0.042,0.054,1.7,2.85
125,3.1,14.97,1.74,0.076,0.232,1.4,0.24
126,40.6,10.96,1.1,0.059,0.139,3.0,2.69
127,4.9,12.76,4.86,0.029,0.018,5.5,0.06
128,249.7,13.11,4.97,0.14,0.199,1.8,0.26
129,71.3,10.93,1.83,0.433,0.303,4.4,1.59
130,3.1,15.5,3.9,0.03,0.014,6.7,1.8
131,20.8,16.7,1.99,0.015,0.328,2.4,0.62
132,58.9,10.31,4.67,0.32,0.119,1.1,0.25
133,4.2,14.04,1.01,0.016,0.034,6.2,2.93
134,247.0,12.46,1.61,0.425,0.049,1.6,2.69
135,252.6,11.91,5.61,0.015,0.017,1.2,2.57
136,115.0,8.87,2.37,0.071,0.042,3.2,2.18
137,4.1,12.4,2.74,0.453,0.016,8.3,0.12
138,46.2,8.11,1.76,0.026,0.013,1.2,0.31
139,39.4,8.36,1.04,0.01,0.025,4.0,1.59
140,116.6,17.17,1.36,0.016,0.061,5.7,0.4
141,148.9,8.04,3.52,0.174,0.344,3.1,1.59
142,48.7,10.38,2.32,0.496,0.055,6.6,0.22
143,53.2,10.85,3.27,0.199,0.332,2.8,0.32
144,3.5,12.39,1.75,0.189,0.102,1.1,0.65
145,3.5,13.26,7.84,0.06,0.342,1.6,2.72
146,12.8,13.03,4.39,0.043,0.055,5.9,2.79
147,26.9,9.15,1.64,0.025,0.014,4.6,0.73
148,9.4,12.63,2.24,0.029,0.017,3.9,2.77
149,7.4,15.83,5.35,0.054,0.022,9.1,2.57
150,50.4,10.57,8.26,0.022,0.075,1.2,1.23
151,19.2,15.61,1.3,0.113,0.265,1.2,1.97
152,28.9,18.78,5.26,0.06,0.024,2.6,2.61
153,45.7,14.4,2.46,0.012,0.034,2.0,0.03
154,28.3,15.75,2.7,0.024,0.823,1.6,1.26
155,44.2,9.46,1.11,0.027,0.011,3.2,1.95
156,229.0,16.92,1.61,0.484,0.084,3.1,1.17
157,11.4,10.01,9.71,0.028,0.737,2.5,0.86
158,3.3,17.87,8.99,0.011,0.057,4.0,2.23
159,99.0,12.96,3.52,0.032,0.023,1.2,1.8
160,219.3,17.43,1.49,0.306,0.026,2.1,1.1
161,27.9,19.92,1.86,0.428,0.267,1.4,1.79
162,38.7,15.0,4.68,0.055,0.05,1.2,0.78
163,57.7,19.8,8.47,0.428,0.226,6.4,0.82
164,134.7,18.85,1.45,0.31,0.325,3.3,0.26
165,53.5,12.91,6.58,0.027,0.363,9.2,1.87
166,6.5,15.1,1.06,0.034,0.014,1.1,0.52
167,152.4,9.58,1.9,0.201,0.202,9.5,0.18
168,87.1,12.45,3.17,0.315,0.058,6.9,2.81
169,41.1,12.7,2.37,0.063,0.026,1.7,0.31
170,7.9,16.95,5.21,0.388,0.396,9.9,0.21
171,8.1,19.12,1.09,0.146,0.909,3.1,0.03
172,109.2,14.34,2.71,0.048,0.033,1.4,1.6
173,6.2,14.36,2.3,0.015,0.037,4.8,2.92
174,56.9,11.32,4.3,0.069,0.014,2.5,1.38
175,47.0,14.76,3.24,0.022,0.879,9.1,2.6
176,9.9,12.91,6.44,0.078,0.3,1.6,2.8
177,195.8,12.29,2.78,0.107,0.166,1.8,0.89
178,7.9,8.97,2.23,0.172,0.071,1.9,1.9
179,92.7,10.4,7.23,0.017,0.083,2.1,1.21
180,117.4,13.1,6.07,0.161,0.065,2.9,1.3
181,5.9,8.14,2.79,0.014,0.216,2.5,0.54
182,5.8,13.82,2.71,0.048,0.216,7.9,0.55
183,9.9,16.64,4.0,0.319,0.22,3.8,1.51
184,50.6,11.3,5.99,0.084,0.083,8.7,0.68
185,260.5,12.29,2.9,0.056,0.033,1.8,2.31
186,4.8,18.7,3.6,0.287,0.87,4.3,1.39
187,37.1,18.13,4.07,0.046,0.115,4.4,2.86
188,20.7,15.37,9.75,0.051,0.1,4.6,0.84
189,17.6,9.21,1.85,0.029,0.115,1.5,0.21
190,47.6,9.2,1.21,0.153,0.725,1.4,0.52
191,258.2,19.86,3.24,0.035,0.129,7.1,1.89
192,3.7,18.02,9.31,0.13,0.582,1.4,0.75
193,3.1,12.52,5.69,0.011,0.028,5.1,0.06
194,204.3,17.53,2.42,0.048,0.494,4.8,1.44
195,250.7,16.67,1.45,0.039,0.397,3.0,0.23
196,18.5,11.77,3.07,0.022,0.109,1.7,1.44
197,52.5,15.02,7.11,0.448,0.021,4.0,2.61
198,59.5,8.72,4.15,0.059,0.042,3.5,1.15
199,21.6,13.82,2.83,0.292,0.309,1.7,0.12
200,219.2,19.49,6.52,0.232,0.574,5.3,2.86
201,9.1,14.67,8.61,0.101,0.099,2.8,1.09
202,55.1,8.9,1.89,0.139,0.013,2.9,1.23
203,30.2,17.53,2.35,0.027,0.028,2.4,0.55
204,243.4,18.2,3.69,0.286,0.187,3.5,1.49
205,14.0,15.95,3.09,0.183,0.678,1.1,1.72
206,10.1,16.11,2.92,0.083,0.507,2.5,2.7
207,7.7,12.69,5.84,0.278,0.017,1.2,0.98
208,29.7,13.77,2.12,0.152,0.966,6.3,1.7
209,6.9,19.19,2.14,0.031,0.348,5.2,2.83
210,33.3,10.79,5.65,0.167,0.654,2.5,2.02
211,128.9,10.32,1.72,0.365,0.65,5.0,0.47
212,5.0,18.27,8.53,0.356,0.669,3.2,1.64
213,17.3,17.79,1.28,0.017,0.011,3.0,2.51
214,44.1,9.26,1.59,0.089,0.03,5.1,2.05
215,65.6,13.94,3.98,0.357,0.409,1.4,0.21
216,104.6,13.77,7.74,0.02,0.024,9.1,2.24
217,228.0,8.36,3.93,0.01,0.021,2.7,2.45
218,5.2,10.04,3.73,0.155,0.021,1.4,1.15
219,50.4,11.96,1.35,0.031,0.476,1.7,1.7
220,150.9,19.06,1.24,0.011,0.022,1.6,2.76
221,164.6,16.62,6.64,0.054,0.015,5.1,2.0
222,265.3,15.58,2.43,0.041,0.575,4.6,0.91
223,136.8,16.51,8.45,0.135,0.129,8.7,2.93
224,6.5,9.03,1.6,0.125,0.051,8.7,1.9
225,154.7,12.23,2.5,0.011,0.117,1.9,2.43
226,10.7,16.41,1.51,0.011,0.056,4.3,2.49
227,3.1,16.74,6.55,0.323,0.194,2.4,2.76
228,12.4,17.23,6.57,0.063,0.276,9.3,1.64
229,26.9,15.28,4.16,0.087,0.482,3.6,0.53
230,5.9,10.79,5.24,0.061,0.017,2.2,1.4
231,30.1,11.34,1.27,0.26,0.04,4.7,0.61
232,86.2,17.07,1.13,0.137,0.511,2.0,0.2
233,221.8,11.53,3.67,0.208,0.012,5.7,1.37
234,4.8,13.63,5.56,0.141,0.027,8.7,1.88
235,56.4,9.97,9.99,0.297,0.045,2.6,1.44
236,22.9,16.3,2.71,0.118,0.072,1.3,2.39
237,4.7,16.09,1.73,0.059,0.912,8.9,2.3
238,18.1,17.92,3.75,0.011,0.031,2.4,2.83
239,128.6,10.57,4.6,0.011,0.018,3.7,0.55
240,8.3,15.47,3.78,0.063,0.329,4.2,1.73
241,21.4,17.42,6.99,0.045,0.632,1.2,0.5
242,54.6,11.13,3.48,0.114,0.285,6.8,0.99
243,205.2,12.95,7.7,0.012,0.015,1.3,0.82
244,4.8,9.77,2.66,0.03,0.616,3.4,2.37
245,13.1,13.9,1.1,0.055,0.04,1.7,0.84
246,35.0,13.52,8.61,0.395,0.236,2.0,0.42
247,129.0,12.99,8.98,0.122,0.66,1.3,2.46
248,66.0,17.97,1.22,0.492,0.412,1.7,0.77
249,74.4,16.87,1.15,0.037,0.036,3.2,2.73
250,36.5,19.85,1.28,0.032,0.951,4.0,0.33
251,135.5,13.51,4.58,0.033,0.025,5.3,0.59
252,35.3,8.37,4.07,0.434,0.244,9.8,2.39
253,12.1,16.0,3.79,0.038,0.509,5.5,2.06
254,20.2,10.45,1.66,0.069,0.079,9.9,0.27
255,5.6,14.17,3.31,0.086,0.047,3.1,2.8
256,7.3,9.51,1.02,0.022,0.88,3.9,1.01
257,143.4,16.57,3.7,0.036,0.265,6.8,0.0
258,23.3,12.89,3.51,0.309,0.025,4.6,1.15
259,10.9,11.96,2.96,0.012,0.055,1.1,0.42
260,20.2,16.35,6.53,0.031,0.016,2.7,0.48
261,43.5,13.56,3.17,0.014,0.136,6.8,1.18
262,85.3,8.25,4.02,0.47,0.028,2.6,2.56
263,11.0,15.27,5.18,0.044,0.023,1.0,1.15
264,131.5,14.28,3.16,0.393,0.138,2.8,0.22
265,3.1,16.19,1.91,0.029,0.033,1.9,0.19
266,135.4,12.17,2.74,0.032,0.732,2.9,0.83
267,103.8,8.0,7.96,0.324,0.207,1.4,2.63
268,5.2,11.27,8.58,0.037,0.047,1.9,0.03
269,21.7,8.12,1.11,0.057,0.022,4.3,1.79
270,5.8,13.19,6.31,0.434,0.035,5.7,2.94
271,4.5,10.12,2.87,0.01,0.011,5.8,1.42
272,69.8,13.27,1.32,0.439,0.01,2.1,1.84
273,4.7,9.76,1.57,0.014,0.087,2.0,2.78
274,12.9,17.0,5.32,0.206,0.076,7.1,0.81
275,131.1,13.0,3.32,0.085,0.109,7.0,2.73
276,10.6,15.33,1.49,0.056,0.512,2.3,1.32
277,168.3,15.6,2.39,0.056,0.936,4.5,1.35
278,72.0,11.16,1.7,0.019,0.355,9.7,2.69
279,3.7,10.2,8.24,0.345,0.143,2.3,1.19
280,39.8,19.91,9.43,0.014,0.428,7.6,2.0
281,10.3,15.23,2.39,0.01,0.814,2.0,0.61
282,65.2,14.98,1.87,0.049,0.193,4.3,2.91
283,14.8,13.42,2.24,0.238,0.244,2.5,0.61
284,227.5,12.52,6.23,0.14,0.019,7.4,1.37
285,13.8,15.66,2.05,0.039,0.015,1.8,0.13
286,254.3,13.75,2.94,0.468,0.02,1.0,1.63
287,179.5,13.4,2.04,0.021,0.011,4.4,1.72
288,195.0,19.25,2.62,0.09,0.48,7.7,2.57
289,50.3,8.67,1.42,0.067,0.02,4.1,1.82
290,32.0,16.69,2.2,0.042,0.032,1.5,1.03
291,72.6,8.97,1.25,0.175,0.033,1.0,1.93
292,14.1,15.04,3.55,0.037,0.325,9.7,2.23
293,12.8,8.8,2.16,0.014,0.139,9.3,1.54
294,143.7,16.33,1.18,0.019,0.898,1.0,1.39
295,5.1,12.71,2.25,0.044,0.038,1.3,1.0
296,3.1,19.48,2.84,0.012,0.064,3.7,0.19
297,3.8,10.35,9.36,0.013,0.483,2.3,1.8
298,5.6,16.56,2.98,0.088,0.073,2.0,1.54
299,14.7,18.79,3.14,0.037,0.045,2.1,2.15
300,20.4,14.79,4.46,0.029,0.617,7.2,1.93
301,28.1,9.47,2.26,0.033,0.027,6.1,0.58
302,13.7,16.63,1.21,0.069,0.376,6.2,1.73
303,17.7,16.04,3.39,0.163,0.23,3.2,0.95
304,4.9,9.73,1.34,0.082,0.896,4.5,0.39
305,4.2,10.71,1.3,0.191,0.688,5.2,2.76
306,76.0,10.14,3.35,0.035,0.019,1.8,0.28
307,8.2,13.7,1.89,0.107,0.021,1.6,1.13
308,3.2,12.48,1.87,0.486,0.179,3.8,0.22
309,251.3,10.15,6.47,0.042,0.011,1.6,2.4
310,226.7,11.43,7.43,0.241,0.484,1.2,1.78
311,12.3,8.51,5.96,0.036,0.201,8.0,2.73
312,106.5,11.1,3.03,0.025,0.244,4.2,0.62
313,94.9,16.35,1.35,0.011,0.151,1.2,1.2
314,142.4,17.05,1.71,0.453,0.104,2.9,2.74
315,59.7,11.28,1.61,0.02,0.012,1.8,2.84
316,8.7,15.02,7.02,0.169,0.041,2.1,0.86
317,11.3,10.56,3.16,0.013,0.238,2.7,2.76
318,28.9,12.31,3.28,0.014,0.035,2.0,2.32
319,5.6,15.79,7.6,0.011,0.178,6.5,1.59
320,3.3,13.3,4.14,0.027,0.108,1.4,1.96
321,47.6,13.12,1.71,0.05,0.048,3.5,1.72
322,62.4,14.56,4.12,0.255,0.033,4.8,1.17
323,18.8,15.67,1.03,0.339,0.276,1.8,0.8
324,70.9,8.33,1.83,0.065,0.924,5.5,0.19
325,182.2,16.58,2.36,0.012,0.528,9.1,0.47
326,56.8,8.64,1.34,0.055,0.054,2.9,2.73
327,5.2,13.67,1.38,0.333,0.013,4.5,2.62
328,140.5,8.35,3.16,0.063,0.56,6.2,0.59
329,3.0,10.11,1.45,0.485,0.012,9.7,1.17
330,26.5,15.29,5.67,0.045,0.098,2.2,1.49
331,4.5,14.73,4.61,0.316,0.08,3.5,0.73
332,98.0,14.6,5.48,0.01,0.52,3.9,2.37
333,110.8,13.59,3.98,0.106,0.187,3.8,0.96
334,7.4,9.7,6.17,0.088,0.452,5.3,1.78
335,3.4,13.98,1.24,0.014,0.055,7.6,2.45
336,55.9,12.7,6.05,0.037,0.021,1.8,1.41
337,16.5,11.78,5.22,0.315,0.021,2.7,1.93
338,9.0,9.96,4.04,0.027,0.015,4.2,1.95
339,294.6,13.7,4.4,0.263,0.524,5.9,1.87
340,34.3,16.95,2.07,0.247,0.053,2.1,1.07
341,217.6,19.85,8.5,0.179,0.248,8.7,2.91
342,21.5,9.44,1.67,0.282,0.676,1.9,1.93
343,6.2,11.14,5.42,0.028,0.205,2.9,0.19
344,276.3,12.77,1.25,0.054,0.202,4.6,0.61
345,142.7,13.08,3.3,0.031,0.207,2.4,2.38
346,15.5,14.39,2.5,0.282,0.409,6.4,0.2
347,5.5,9.85,1.13,0.051,0.016,3.5,0.43
348,212.6,10.02,3.95,0.345,0.6,6.8,1.37
349,12.7,17.8,2.54,0.043,0.059,2.7,1.86
350,47.8,17.75,1.16,0.26,0.012,1.5,1.13
351,214.9,13.15,3.14,0.046,0.256,1.1,2.37
352,8.6,10.91,1.7,0.05,0.059,3.0,0.28
353,11.7,8.87,4.43,0.031,0.377,5.0,2.7
354,12.7,14.26,3.08,0.025,0.025,5.5,2.2
355,11.0,9.18,1.53,0.24,0.118,2.1,1.47
356,3.6,10.38,3.97,0.023,0.372,2.6,0.87
357,300.0,16.23,9.83,0.097,0.129,3.6,0.37
358,39.1,15.11,1.62,0.459,0.219,4.0,0.96
359,4.6,9.3,4.07,0.059,0.044,9.2,1.02
360,15.7,9.08,5.59,0.012,0.86,2.7,2.95
361,37.3,13.53,5.23,0.47,0.028,6.9,1.53
362,38.1,13.76,7.32,0.113,0.525,3.8,2.43
363,27.6,11.8,1.17,0.027,0.078,2.8,0.01
364,82.9,11.92,5.18,0.082,0.067,4.6,2.52
365,144.1,13.98,3.27,0.077,0.096,1.7,0.11
366,38.1,11.78,2.22,0.259,0.065,1.1,0.95
367,17.6,15.78,8.84,0.11,0.031,2.1,0.04
368,10.2,17.04,1.05,0.35,0.178,4.1,0.21
369,229.4,9.33,1.13,0.289,0.054,1.2,0.49
370,105.6,14.62,3.3,0.126,0.03,2.7,0.72
371,27.6,17.19,3.05,0.051,0.086,8.9,1.49
372,59.4,11.55,1.03,0.262,0.317,6.1,0.34
373,5.8,9.37,4.0,0.103,0.011,1.8,0.36
374,6.9,11.5,3.12,0.029,0.055,8.8,1.77
375,258.1,19.18,5.09,0.089,0.896,1.8,1.13
376,47.0,11.71,2.29,0.033,0.092,4.5,2.11
377,7.1,10.42,8.1,0.02,0.014,1.3,1.91
378,68.8,13.12,5.69,0.037,0.395,1.6,0.02
379,10.9,16.28,2.89,0.15,0.731,1.7,2.3
380,25.3,10.71,3.83,0.195,0.657,3.2,0.39
381,43.4,9.67,6.31,0.046,0.02,1.5,1.76
382,231.3,8.24,4.11,0.062,0.123,2.4,0.02
383,30.3,9.88,1.28,0.087,0.012,1.1,1.22
384,76.4,9.61,1.04,0.069,0.124,2.6,2.25
385,5.1,18.16,1.91,0.01,0.073,2.4,2.37
386,69.6,13.27,1.24,0.189,0.353,4.7,2.2
387,36.3,13.74,6.95,0.024,0.088,6.6,0.91
388,28.4,8.99,2.12,0.291,0.025,7.6,2.03
389,108.1,9.37,5.31,0.093,0.537,3.5,2.48
390,122.9,8.34,1.43,0.014,0.033,3.8,2.19
391,92.8,13.87,1.08,0.249,0.018,4.4,2.23
392,5.3,9.21,5.43,0.145,0.022,5.8,1.19
393,157.3,15.45,8.19,0.317,0.012,2.1,0.49
394,34.6,14.33,1.82,0.07,0.014,2.8,0.9
395,65.9,10.46,5.57,0.368,0.016,2.0,0.45
396,58.3,17.06,1.65,0.03,0.155,9.0,0.25
397,114.4,8.6,1.55,0.042,0.637,1.8,2.7
398,96.5,11.07,9.01,0.019,0.129,1.1,0.84
399,6.3,9.12,4.87,0.395,0.157,1.7,1.93
400,195.8,9.99,1.13,0.155,0.193,5.9,0.86
401,33.4,10.39,1.55,0.051,0.101,6.3,2.8
402,4.5,11.93,1.51,0.438,0.325,1.5,1.29
403,33.8,17.41,6.99,0.146,0.979,2.0,1.18
404,5.9,11.81,1.9,0.064,0.503,1.8,0.61
405,21.9,9.05,4.95,0.047,0.334,8.0,1.58
406,284.6,15.92,2.57,0.013,0.372,5.5,2.46
407,11.4,14.44,1.87,0.168,0.012,9.9,1.05
408,18.4,11.8,8.04,0.172,0.3,8.8,1.16
409,6.0,11.06,3.9,0.019,0.288,5.6,1.1
410,67.8,10.25,7.26,0.412,0.117,2.1,2.86
411,25.8,10.88,1.52,0.067,0.36,8.5,2.8
412,90.1,18.76,6.04,0.02,0.026,1.7,0.72
413,171.8,9.89,7.29,0.185,0.114,7.1,1.8
414,5.0,17.52,2.75,0.029,0.049,1.7,2.39
415,3.1,19.35,6.87,0.023,0.325,1.5,2.5
416,10.2,18.28,2.66,0.062,0.064,2.1,0.25
417,20.6,13.12,5.68,0.011,0.034,9.7,2.59
418,16.8,18.26,2.21,0.325,0.097,1.6,0.52
419,6.1,16.79,1.92,0.381,0.289,3.9,0.17
420,210.0,10.15,4.65,0.064,0.09,4.1,2.36
421,29.1,13.4,7.95,0.013,0.03,6.0,1.67
422,94.0,8.36,5.33,0.031,0.015,1.3,0.57
423,3.8,10.57,9.59,0.248,0.043,4.4,1.12
424,12.5,18.67,1.16,0.029,0.757,7.8,0.39
425,221.5,8.53,4.78,0.073,0.12,2.0,2.91
426,3.3,9.87,1.2,0.478,0.487,1.9,2.12
427,4.2,8.39,8.24,0.099,0.025,4.1,0.87
428,183.3,8.12,3.24,0.016,0.037,7.2,0.93
429,115.6,12.54,1.36,0.107,0.024,6.4,2.5
430,294.8,9.72,5.57,0.142,0.096,1.9,0.94
431,23.2,18.7,1.06,0.021,0.084,4.4,2.18
432,48.0,12.72,1.74,0.148,0.476,2.5,2.77
433,6.8,13.2,5.66,0.069,0.073,1.8,2.73
434,8.7,12.36,1.35,0.113,0.015,3.3,0.52
435,10.4,12.94,9.95,0.013,0.855,2.7,2.4
436,13.3,10.1,6.9,0.01,0.871,8.1,2.9
437,83.9,8.26,2.3,0.309,0.334,3.1,1.28
438,50.2,19.78,6.41,0.107,0.075,6.4,0.42
439,7.0,9.18,2.78,0.321,0.345,5.4,0.4
440,40.0,16.97,3.36,0.011,0.218,1.6,1.54
441,75.4,10.86,1.23,0.071,0.021,1.5,0.84
442,7.0,9.04,8.58,0.129,0.04,10.0,0.7
443,11.7,13.91,1.33,0.01,0.046,9.6,0.27
444,19.2,11.1,2.16,0.053,0.029,1.2,0.36
445,236.1,8.15,3.85,0.351,0.493,2.5,1.62
446,11.5,11.78,1.04,0.376,0.978,1.1,2.64
447,64.8,13.36,1.79,0.021,0.817,7.7,1.09
448,69.3,14.45,1.0,0.076,0.261,3.2,2.13
449,99.0,10.37,9.16,0.278,0.012,1.1,2.58
450,9.4,18.74,6.16,0.025,0.239,8.8,2.5
451,19.5,12.76,2.63,0.417,0.89,1.0,2.55
452,98.7,9.96,5.73,0.283,0.078,1.4,0.12
453,96.3,8.33,2.12,0.046,0.054,1.3,1.9
454,9.0,14.15,3.95,0.444,0.028,2.5,2.33
455,125.0,13.15,4.85,0.014,0.043,6.8,2.33
456,8.2,12.48,1.67,0.011,0.019,2.2,2.47
457,39.3,16.19,2.26,0.078,0.046,7.5,2.92
458,7.3,9.75,1.16,0.032,0.133,9.7,2.48
459,83.4,8.03,7.29,0.204,0.017,1.4,1.55
460,14.3,17.93,1.42,0.048,0.405,4.3,1.48
461,35.4,18.98,5.38,0.046,0.13,5.6,0.75
462,38.4,10.48,7.77,0.308,0.129,9.6,1.76
463,288.4,10.19,3.6,0.13,0.784,1.1,0.35
464,120.6,19.42,1.22,0.032,0.061,2.8,0.78
465,4.8,14.37,1.35,0.012,0.45,8.4,1.65
466,148.9,11.66,5.68,0.34,0.175,2.0,0.62
467,15.0,10.6,5.92,0.019,0.6,1.9,2.01
468,297.4,8.29,6.55,0.027,0.068,1.5,0.62
469,7.1,12.56,6.01,0.048,0.729,1.9,0.05
470,15.0,9.04,4.4,0.026,0.405,5.6,0.03
471,27.1,17.55,1.11,0.028,0.013,1.4,2.8
472,41.1,16.93,3.9,0.101,0.017,1.5,0.63
473,63.9,15.44,1.52,0.03,0.878,3.0,0.18
474,10.0,13.73,2.18,0.032,0.086,2.6,0.38
475,36.3,19.54,2.52,0.03,0.022,1.9,2.37
476,12.5,9.47,1.12,0.026,0.03,1.0,0.7
477,13.9,8.4,1.8,0.103,0.061,2.7,2.04
478,263.7,9.66,8.04,0.118,0.176,3.6,1.4
479,4.1,10.44,1.92,0.152,0.041,4.5,1.12
480,26.2,14.67,6.91,0.271,0.048,1.7,0.36
481,254.0,9.03,3.42,0.034,0.011,9.6,0.75
482,18.8,15.61,1.63,0.057,0.218,3.7,0.96
483,9.7,9.67,8.48,0.036,0.015,2.8,0.54
484,11.3,8.25,8.24,0.366,0.339,1.2,2.67
485,44.0,10.0,9.34,0.179,0.689,4.0,0.58
486,3.8,13.88,3.83,0.012,0.126,8.0,1.81
487,35.8,9.85,1.77,0.029,0.019,3.6,1.59
488,36.4,8.3,2.79,0.01,0.298,6.0,1.11
489,13.6,16.2,3.71,0.013,0.021,3.6,1.69
490,3.1,14.25,3.34,0.123,0.441,5.3,0.36
491,70.8,16.09,2.08,0.315,0.024,4.4,2.71
492,159.3,9.39,1.66,0.069,0.032,3.0,0.25
493,19.1,13.13,1.22,0.073,0.031,1.6,2.38
494,116.0,13.85,4.3,0.135,0.811,5.6,1.14
495,236.2,14.32,8.21,0.053,0.107,1.9,1.93
496,82.1,19.41,9.75,0.145,0.021,4.5,2.05
497,237.7,8.09,1.97,0.063,0.198,1.1,2.57
498,28.7,11.66,1.57,0.011,0.293,1.4,2.68
499,8.9,12.86,8.65,0.017,0.291,7.2,1.99
500,23.9,10.82,7.36,0.01,0.096,1.2,1.25
501,138.0,15.25,2.48,0.125,0.339,2.0,2.85
502,40.1,13.65,4.84,0.089,0.246,5.0,1.42
503,17.2,14.47,2.5,0.221,0.579,3.5,0.02
504,97.7,8.2,3.78,0.032,0.145,9.8,2.21
505,4.4,18.56,7.9,0.067,0.048,6.5,0.31
506,5.2,10.24,4.95,0.205,0.689,5.1,0.62
507,58.7,9.22,2.45,0.013,0.362,7.5,2.61
508,107.2,15.01,7.46,0.189,0.493,1.5,2.64
509,32.0,17.55,2.79,0.294,0.131,2.5,2.93
510,158.6,8.84,1.09,0.204,0.013,4.3,1.23
511,8.8,17.43,7.14,0.066,0.079,1.3,0.93
512,7.0,14.24,2.74,0.09,0.053,1.9,0.29
513,6.5,19.1,4.7,0.043,0.026,7.1,2.73
514,12.7,9.81,1.1,0.214,0.333,3.0,2.24
515,3.8,10.06,1.1,0.011,0.016,4.3,2.33
516,14.6,16.51,1.84,0.273,0.059,7.3,2.4
517,6.7,8.18,1.07,0.046,0.143,2.9,0.71
518,4.5,10.42,1.09,0.084,0.1,1.6,2.1
519,137.5,9.51,1.64,0.384,0.299,1.1,0.46
520,148.6,16.06,2.85,0.081,0.688,7.0,1.65
521,53.2,11.48,3.57,0.041,0.041,1.1,1.62
522,41.1,10.52,9.22,0.054,0.013,9.0,0.12
523,6.5,15.83,1.54,0.018,0.024,3.3,1.83
524,33.3,14.9,1.12,0.013,0.53,4.3,0.06
525,8.7,17.04,2.78,0.298,0.018,2.3,0.26
526,52.4,11.08,3.4,0.166,0.243,1.0,0.59
527,50.1,16.28,2.71,0.018,0.127,2.0,2.49
528,35.1,8.52,1.35,0.026,0.103,6.5,1.07
529,7.6,15.09,3.72,0.034,0.662,1.5,0.33
530,139.9,9.2,6.69,0.057,0.033,6.4,2.26
531,21.3,12.48,1.17,0.073,0.015,1.1,1.83
532,31.0,10.47,1.62,0.068,0.034,3.8,2.88
533,226.1,13.39,1.37,0.064,0.025,3.5,1.22
534,6.8,8.06,5.35,0.497,0.214,5.6,1.44
535,106.8,18.16,9.92,0.024,0.1,1.8,0.15
536,105.2,17.4,6.34,0.332,0.057,2.6,0.4
537,172.4,9.76,3.76,0.094,0.721,1.6,2.32
538,32.7,14.08,1.29,0.174,0.106,9.2,1.49
539,169.8,8.25,8.91,0.019,0.064,8.4,2.91
540,56.3,12.65,9.44,0.193,0.012,2.7,2.1
541,238.7,18.91,3.53,0.038,0.038,1.5,2.84
542,55.4,9.67,6.94,0.022,0.343,1.6,2.43
543,156.3,10.72,7.55,0.313,0.666,5.3,1.86
544,9.6,18.16,1.61,0.115,0.135,4.3,0.44
545,209.1,10.28,2.4,0.032,0.016,1.9,1.82
546,15.2,12.43,1.73,0.042,0.088,2.1,2.5
547,9.5,8.05,3.53,0.125,0.014,1.5,1.47
548,66.1,13.64,6.01,0.175,0.449,5.4,0.68
549,193.7,15.91,2.69,0.087,0.117,3.5,1.04
550,215.6,16.61,3.72,0.243,0.419,4.5,0.93
551,16.3,17.23,1.21,0.012,0.316,1.6,1.98
552,17.1,18.16,2.69,0.014,0.455,1.7,0.56
553,11.9,9.21,1.95,0.013,0.014,3.2,1.77
554,94.0,8.26,1.08,0.271,0.39,9.8,1.45
555,35.3,11.0,8.99,0.12,0.223,1.9,1.65
556,9.7,10.04,4.74,0.128,0.031,3.4,2.12
557,11.8,12.91,1.8,0.158,0.035,2.8,0.81
558,222.9,10.46,2.26,0.011,0.649,1.6,1.26
559,28.2,19.99,2.28,0.044,0.593,1.9,0.72
560,47.6,14.91,2.17,0.032,0.532,2.3,2.9
561,5.3,13.05,2.83,0.253,0.033,1.3,1.82
562,181.8,11.98,4.55,0.121,0.016,2.8,1.48
563,7.1,8.69,4.15,0.043,0.037,2.2,0.46
564,31.4,9.09,1.92,0.117,0.089,2.0,1.03
565,9.6,17.37,9.43,0.09,0.134,5.8,1.62
566,56.1,9.95,6.31,0.136,0.727,2.5,1.48
567,41.2,18.14,4.44,0.323,0.019,5.4,2.84
568,218.5,12.34,7.13,0.047,0.575,1.0,1.63
569,214.4,18.21,4.53,0.103,0.053,3.5,1.78
570,22.2,15.22,5.38,0.13,0.123,4.1,1.63
571,43.8,8.2,1.09,0.182,0.03,2.6,1.94
572,8.4,12.05,2.07,0.485,0.338,3.0,2.27
573,119.5,11.68,2.99,0.01,0.139,5.6,0.01
574,7.8,8.73,2.04,0.404,0.031,1.8,1.76
575,21.7,17.93,2.08,0.029,0.632,3.2,1.92
576,171.8,9.91,3.25,0.012,0.027,5.0,0.32
577,52.5,15.91,1.12,0.411,0.307,1.7,2.81
578,3.7,13.8,1.79,0.03,0.339,2.2,1.87
579,293.7,16.24,1.49,0.154,0.057,3.8,2.35
580,19.0,15.0,9.08,0.02,0.013,1.5,1.56
581,72.9,15.81,3.11,0.183,0.611,2.6,0.68
582,3.1,13.82,6.6,0.018,0.012,8.6,2.41
583,56.3,15.65,1.69,0.107,0.573,1.5,2.36
584,104.3,19.54,1.88,0.027,0.02,9.1,2.0
585,36.3,12.12,4.1,0.156,0.046,2.2,2.46
586,7.1,10.85,2.45,0.11,0.033,5.3,2.1
587,73.9,19.49,1.48,0.289,0.138,3.8,1.18
588,3.2,18.45,2.52,0.026,0.045,3.4,0.09
589,24.8,12.57,1.0,0.017,0.56,5.2,1.33
590,3.8,8.04,5.11,0.482,0.509,9.9,2.37
591,3.9,11.98,9.04,0.123,0.018,4.6,2.23
592,29.7,17.37,2.23,0.06,0.614,2.9,0.79
593,4.5,19.4,5.48,0.254,0.011,3.7,2.86
594,8.9,11.13,2.22,0.099,0.913,1.1,0.45
595,194.0,8.48,1.39,0.289,0.015,9.5,0.8
596,25.9,18.31,1.83,0.075,0.092,4.5,1.89
597,20.9,8.59,5.61,0.038,0.483,4.1,2.06
598,8.7,10.07,2.05,0.014,0.019,8.6,0.17
599,228.6,14.21,5.67,0.261,0.019,3.8,1.78
600,228.1,13.36,2.33,0.015,0.274,2.9,0.23
601,4.5,15.08,5.96,0.214,0.917,1.2,1.71
602,44.6,19.72,1.39,0.083,0.048,2.4,1.91
603,8.5,17.56,3.47,0.025,0.131,2.1,0.19
604,20.4,9.49,3.73,0.01,0.674,1.1,0.96
605,9.2,9.47,1.49,0.325,0.49,9.5,0.18
606,166.0,8.89,1.22,0.035,0.039,4.7,1.22
607,10.5,12.48,1.11,0.013,0.69,3.9,1.8
608,182.5,9.62,3.07,0.125,0.014,2.3,0.05
609,3.7,18.98,8.57,0.324,0.028,2.4,2.82
610,5.9,9.98,2.64,0.24,0.068,1.3,1.88
611,55.5,8.55,8.5,0.033,0.304,4.4,1.88
612,18.6,14.79,3.13,0.09,0.082,7.6,1.25
613,8.7,13.21,2.51,0.029,0.443,7.1,0.47
614,3.3,8.56,2.34,0.055,0.553,9.0,2.09
615,13.9,15.06,2.56,0.242,0.178,1.8,0.39
616,4.2,13.53,2.22,0.089,0.06,6.0,1.98
617,179.1,12.23,2.51,0.059,0.872,9.7,2.46
618,4.7,11.36,2.61,0.017,0.305,5.6,2.49
619,8.1,10.76,8.5,0.079,0.111,1.1,0.4
620,5.2,9.66,5.85,0.012,0.026,6.6,1.17
621,4.4,13.17,3.26,0.124,0.829,3.7,2.94
622,293.9,17.13,2.35,0.074,0.581,6.8,0.38
623,210.0,9.26,2.04,0.011,0.097,7.7,2.21
624,33.0,16.73,4.46,0.045,0.175,2.7,2.17
625,52.3,16.12,2.29,0.415,0.047,6.8,1.21
626,5.1,9.34,1.21,0.304,0.072,1.1,1.62
627,140.9,9.46,4.41,0.015,0.557,7.9,0.9
628,4.3,12.45,6.09,0.27,0.741,9.6,2.51
629,4.8,8.0,1.72,0.011,0.018,1.0,0.41
630,3.8,15.85,1.41,0.051,0.392,8.9,0.15
631,32.1,8.37,1.55,0.358,0.015,9.4,2.5
632,30.9,15.05,2.77,0.078,0.11,7.7,1.49
633,3.6,14.35,5.73,0.204,0.085,2.3,1.99
634,115.2,11.42,7.22,0.024,0.083,4.7,1.58
635,89.8,12.31,1.86,0.435,0.031,2.2,1.33
636,12.2,10.19,1.52,0.224,0.024,6.1,1.74
637,30.0,8.69,3.32,0.03,0.892,8.6,1.13
638,22.9,12.67,5.01,0.237,0.35,7.2,2.92
639,18.3,10.66,3.4,0.282,0.073,9.3,2.07
640,80.2,19.49,9.48,0.071,0.054,6.1,2.13
641,38.7,13.5,1.54,0.241,0.128,5.8,2.13
642,26.5,16.46,1.11,0.017,0.026,1.7,2.42
643,60.6,13.35,2.13,0.058,0.064,6.1,2.57
644,238.6,15.9,2.54,0.069,0.032,1.1,0.46
645,13.6,8.33,2.92,0.403,0.019,1.0,2.56
646,246.5,11.44,1.13,0.484,0.187,5.7,2.17
647,141.9,12.4,2.48,0.014,0.08,1.2,1.7
648,63.4,9.36,1.34,0.452,0.861,1.7,1.75
649,32.2,15.41,7.08,0.312,0.613,7.2,0.05
650,9.2,10.73,7.11,0.047,0.154,1.8,2.09
651,14.2,13.51,1.85,0.182,0.025,1.4,0.77
652,17.1,8.52,1.08,0.38,0.01,1.4,2.79
653,43.8,18.61,1.47,0.028,0.01,2.5,2.51
654,91.7,13.97,9.05,0.054,0.034,3.0,1.8
655,3.6,17.44,1.55,0.242,0.046,1.8,0.34
656,134.4,19.96,2.82,0.128,0.346,5.0,1.15
657,48.7,12.05,9.74,0.069,0.034,6.8,1.98
658,61.3,14.48,1.14,0.295,0.593,4.7,2.75
659,53.0,8.29,3.77,0.012,0.335,7.4,2.84
660,5.2,19.46,8.58,0.12,0.784,8.4,0.14
661,128.8,9.49,1.81,0.184,0.158,1.5,0.2
662,22.0,13.48,2.27,0.366,0.011,2.6,2.12
663,157.1,12.66,1.87,0.127,0.129,4.8,2.43
664,76.6,13.11,2.95,0.373,0.165,9.5,1.46
665,60.0,15.78,3.28,0.046,0.024,1.3,2.5
666,6.5,18.25,2.4,0.03,0.023,7.5,2.25
667,24.6,8.58,6.2,0.031,0.103,5.4,0.57
668,14.1,14.11,1.16,0.046,0.134,2.9,1.34
669,44.9,11.62,5.0,0.311,0.391,1.3,2.31
670,96.3,13.08,2.44,0.143,0.039,3.0,2.08
671,62.1,19.19,1.95,0.014,0.997,1.3,0.48
672,4.8,18.94,3.4,0.149,0.012,3.1,0.79
673,5.6,10.37,1.08,0.344,0.206,2.5,2.68
674,3.2,13.05,5.37,0.125,0.024,8.4,1.96
675,7.3,12.45,6.05,0.032,0.011,3.7,2.49
676,3.0,10.53,9.39,0.026,0.128,5.0,0.27
677,4.9,12.74,6.11,0.25,0.077,1.9,1.71
678,124.0,12.83,9.24,0.339,0.522,4.2,1.44
679,188.1,11.74,7.03,0.025,0.291,3.7,2.81
680,68.4,8.75,7.1,0.336,0.075,8.5,0.5
681,3.3,12.5,1.63,0.011,0.221,1.4,1.04
682,17.5,8.37,3.34,0.221,0.921,1.6,2.73
683,41.4,10.68,1.05,0.011,0.059,1.3,0.18
684,112.1,13.45,7.07,0.259,0.108,1.1,1.78
685,67.9,14.35,6.64,0.24,0.04,1.1,1.19
686,12.6,13.7,6.37,0.341,0.563,1.8,0.6
687,4.1,15.12,2.11,0.032,0.396,1.9,0.88
688,3.2,12.54,1.23,0.042,0.014,2.9,1.87
689,48.1,14.71,4.69,0.014,0.194,8.5,0.62
690,25.7,8.25,5.82,0.161,0.058,2.1,2.95
691,13.3,19.58,4.91,0.021,0.124,8.5,2.12
692,13.5,18.18,9.86,0.296,0.831,7.2,0.92
693,4.8,10.42,3.36,0.308,0.109,2.3,2.03
694,3.4,10.55,4.64,0.079,0.02,1.1,2.93
695,106.0,16.59,4.34,0.264,0.013,2.6,1.01
696,107.9,13.19,1.46,0.035,0.136,4.6,0.33
697,192.9,8.78,5.76,0.323,0.045,1.1,1.05
698,170.6,8.14,1.04,0.018,0.652,2.0,0.1
699,14.8,12.05,3.53,0.024,0.498,6.1,1.3
700,3.8,8.87,3.76,0.2,0.689,3.8,1.98
701,35.9,11.96,1.11,0.211,0.111,5.2,0.2
702,293.2,19.1,4.79,0.203,0.057,3.1,1.98
703,21.8,17.72,7.53,0.073,0.348,4.0,1.4
704,16.3,17.81,1.42,0.018,0.567,1.1,2.8
705,110.7,10.7,2.77,0.059,0.058,2.0,0.26
706,34.6,14.62,2.33,0.113,0.577,1.0,2.83
707,154.7,13.97,3.91,0.065,0.027,5.1,1.48
708,10.5,10.61,4.06,0.015,0.37,4.5,0.39
709,6.7,16.51,3.34,0.026,0.041,3.9,0.84
710,6.9,14.1,1.92,0.038,0.239,1.1,2.64
711,89.5,18.27,3.52,0.024,0.285,1.7,2.56
712,107.4,13.89,9.29,0.121,0.017,1.7,0.84
713,15.0,15.41,7.07,0.053,0.115,4.0,0.02
714,123.1,14.92,2.04,0.011,0.273,1.7,1.98
715,59.9,9.41,3.33,0.345,0.04,1.4,2.32
716,16.9,19.48,8.69,0.122,0.341,3.7,2.1
717,86.2,10.59,7.94,0.123,0.023,1.1,2.29
718,23.9,9.18,4.86,0.319,0.098,5.9,2.72
719,41.2,14.4,9.84,0.366,0.082,1.1,0.43
720,62.5,17.43,1.45,0.016,0.164,2.6,0.09
721,13.2,17.69,1.09,0.047,0.685,4.0,2.08
722,3.2,14.91,1.13,0.02,0.135,6.9,0.54
723,47.1,19.9,1.56,0.013,0.139,1.2,1.5
724,41.0,11.53,1.77,0.048,0.093,2.8,0.79
725,5.8,13.02,7.59,0.489,0.013,8.0,2.82
726,15.6,14.11,3.38,0.35,0.029,5.6,0.85
727,110.4,18.35,8.56,0.059,0.942,1.2,2.12
728,18.2,9.19,1.99,0.063,0.032,8.2,2.31
729,298.1,10.91,1.88,0.048,0.222,4.9,2.29
730,4.4,16.06,2.1,0.039,0.021,4.1,1.31
731,10.5,12.17,1.21,0.221,0.208,1.6,1.93
732,4.9,16.74,1.17,0.05,0.128,1.6,2.87
733,48.5,19.36,7.0,0.011,0.244,6.7,2.54
734,3.5,9.59,2.22,0.064,0.337,9.0,2.35
735,12.8,15.02,6.39,0.145,0.666,9.2,0.84
736,27.7,13.14,1.34,0.018,0.013,1.4,2.05
737,4.1,9.33,1.77,0.08,0.033,7.2,0.44
738,8.4,10.63,1.65,0.031,0.104,2.6,1.33
739,71.2,15.6,1.91,0.343,0.073,3.9,0.01
740,98.5,12.17,1.75,0.106,0.057,1.2,0.74
741,63.0,8.41,5.17,0.011,0.514,5.6,1.61
742,248.6,9.28,9.07,0.011,0.029,1.6,2.41
743,101.5,8.93,3.93,0.038,0.028,3.6,1.35
744,7.2,9.11,6.25,0.116,0.85,1.6,2.34
745,19.3,13.89,1.94,0.017,0.342,1.3,2.66
746,22.9,9.04,4.98,0.014,0.026,2.8,2.74
747,3.6,10.43,2.96,0.056,0.065,4.7,0.6
748,19.1,16.38,1.58,0.03,0.821,2.3,1.85
749,8.4,10.92,9.72,0.094,0.038,2.5,1.88
750,78.4,8.96,7.5,0.316,0.103,1.1,1.0
751,7.0,12.05,4.69,0.092,0.716,3.3,0.83
752,5.3,16.49,5.42,0.088,0.021,3.0,2.71
753,14.9,10.64,1.99,0.013,0.257,9.9,1.09
754,3.9,14.17,1.82,0.186,0.049,2.8,2.89
755,125.3,8.19,1.92,0.159,0.024,6.0,2.89
756,38.6,16.7,1.06,0.067,0.583,1.2,2.43
757,272.6,9.06,3.89,0.128,0.177,2.1,0.38
758,3.1,10.02,2.94,0.038,0.362,4.0,0.36
759,258.4,16.17,8.59,0.22,0.016,6.9,2.09
760,3.2,17.61,8.56,0.011,0.015,2.9,2.18
761,28.8,12.84,1.35,0.209,0.038,6.0,0.64
762,5.6,9.51,5.24,0.327,0.038,2.9,1.1
763,166.2,11.98,1.47,0.016,0.723,1.8,1.51
764,13.7,9.75,3.44,0.051,0.116,1.3,2.78
765,19.9,11.98,1.51,0.446,0.016,1.1,0.02
766,6.6,13.21,7.19,0.221,0.207,1.1,0.14
767,273.3,17.33,3.73,0.377,0.016,1.9,1.93
768,108.5,8.24,3.56,0.229,0.046,2.4,1.73
769,3.4,14.26,1.66,0.118,0.679,4.8,1.1
770,43.5,11.91,2.49,0.117,0.555,3.6,0.94
771,4.0,13.11,8.19,0.201,0.072,2.6,1.29
772,13.6,13.61,1.67,0.11,0.385,2.2,0.77
773,4.1,18.49,3.85,0.321,0.013,3.3,2.41
774,15.6,18.91,3.0,0.112,0.225,9.9,1.01
775,42.4,9.86,3.69,0.014,0.019,8.9,0.73
776,14.6,17.58,8.57,0.195,0.378,2.9,0.09
777,58.5,16.63,2.92,0.012,0.168,1.7,2.24
778,31.8,10.57,3.85,0.081,0.867,2.8,1.18
779,4.3,8.6,4.44,0.026,0.928,7.6,2.28
780,17.0,8.39,4.78,0.018,0.013,4.4,0.61
781,3.0,18.48,8.58,0.066,0.713,4.1,0.05
782,15.2,11.91,5.67,0.399,0.087,1.5,1.03
783,225.0,11.0,3.97,0.135,0.07,5.3,0.6
784,7.6,11.94,2.42,0.199,0.334,2.4,1.56
785,17.9,19.02,3.52,0.308,0.021,3.6,2.58
786,39.2,16.17,2.71,0.044,0.095,3.3,1.19
787,57.8,19.28,1.7,0.044,0.063,4.2,0.55
788,10.4,18.81,2.08,0.073,0.265,6.8,2.95
789,3.1,14.54,6.94,0.143,0.015,4.5,0.2
790,24.7,15.98,1.38,0.481,0.024,4.2,1.97
791,18.9,8.71,1.05,0.059,0.057,7.3,1.16
792,147.8,13.85,2.69,0.073,0.108,1.5,0.01
793,31.9,17.3,3.93,0.498,0.011,1.3,2.23
794,7.0,9.45,4.96,0.011,0.461,1.5,0.07
795,97.0,12.48,1.89,0.088,0.096,3.1,1.29
796,40.3,12.53,6.35,0.093,0.074,2.3,1.56
797,46.5,10.99,1.92,0.18,0.403,9.7,1.65
798,119.8,18.9,2.16,0.064,0.129,3.9,2.21
799,3.4,19.87,1.06,0.018,0.59,3.1,2.58
800,29.7,13.56,2.55,0.27,0.568,10.0,0.48
801,240.4,16.86,2.05,0.019,0.242,3.2,2.2
802,8.6,9.79,2.14,0.088,0.08,1.9,0.97
803,16.4,9.9,6.53,0.366,0.022,7.8,2.25
804,16.7,11.34,8.95,0.197,0.019,1.2,1.81
805,68.4,9.46,1.15,0.084,0.043,3.5,0.63
806,8.9,11.04,1.1,0.022,0.032,1.4,0.87
807,6.8,15.8,3.39,0.428,0.262,7.4,2.83
808,11.8,8.82,4.59,0.057,0.027,9.5,1.47
809,44.0,17.91,9.93,0.028,0.019,6.6,1.81
810,264.6,15.37,8.01,0.026,0.689,1.5,0.89
811,8.3,14.44,2.16,0.224,0.871,5.4,0.08
812,33.6,14.19,1.83,0.277,0.541,6.5,1.56
813,61.3,9.23,6.34,0.146,0.094,3.5,2.7
814,81.3,11.63,9.74,0.289,0.029,6.5,2.49
815,285.0,14.96,2.15,0.357,0.836,2.2,0.19
816,76.1,15.67,2.66,0.181,0.05,5.1,2.29
817,160.8,9.8,5.89,0.034,0.141,2.3,0.6
818,98.6,9.36,3.73,0.021,0.404,5.2,0.48
819,8.2,18.52,2.25,0.373,0.039,7.9,1.01
820,54.0,8.59,4.02,0.088,0.779,1.6,1.19
821,49.2,17.25,1.46,0.028,0.015,1.1,1.32
822,108.0,12.91,4.06,0.112,0.139,6.7,0.02
823,74.1,9.73,1.11,0.093,0.599,2.1,1.93
824,213.4,12.43,4.69,0.034,0.28,7.7,1.79
825,58.5,9.23,2.11,0.049,0.015,1.3,0.99
826,229.9,8.55,2.83,0.434,0.216,4.0,1.08
827,3.9,18.77,4.23,0.242,0.15,4.0,0.81
828,92.3,19.72,1.93,0.031,0.999,8.4,1.7
829,6.7,14.92,5.83,0.043,0.108,8.9,1.63
830,4.9,13.13,5.73,0.05,0.146,1.4,1.88
831,32.1,12.67,3.61,0.268,0.157,3.6,2.01
832,51.9,8.23,1.17,0.213,0.163,8.1,0.95
833,94.2,11.61,6.75,0.014,0.011,1.8,1.3
834,24.4,11.21,1.3,0.019,0.027,1.1,1.89
835,66.0,16.6,3.18,0.043,0.332,5.2,2.88
836,217.5,12.2,6.18,0.25,0.363,4.6,2.31
837,5.2,8.48,3.84,0.131,0.419,4.0,0.49
838,97.5,17.16,3.47,0.07,0.193,4.6,0.55
839,22.4,12.63,8.7,0.18,0.035,5.0,2.51
840,60.1,15.76,1.53,0.26,0.933,2.7,1.28
841,7.0,14.52,2.86,0.407,0.425,2.8,1.23
842,38.8,14.9,7.58,0.017,0.137,1.5,1.32
843,125.6,16.41,2.08,0.397,0.267,8.1,0.64
844,83.6,12.6,2.69,0.108,0.013,7.2,1.12
845,204.2,12.49,4.83,0.129,0.112,7.4,1.34
846,25.4,14.85,7.45,0.021,0.046,1.5,0.34
847,119.8,11.18,5.49,0.492,0.01,1.9,1.0
848,14.1,13.37,8.18,0.054,0.165,1.2,0.47
849,10.2,18.45,9.73,0.329,0.026,2.0,1.83
850,217.5,19.17,9.56,0.028,0.032,3.4,0.41
851,42.6,9.15,6.01,0.038,0.017,7.2,2.83
852,60.9,8.21,2.09,0.312,0.068,1.3,0.83
853,10.0,17.43,1.82,0.28,0.024,8.4,0.76
854,7.4,9.4,2.27,0.031,0.117,4.9,1.44
855,3.3,8.81,5.6,0.124,0.031,1.1,1.91
856,7.8,13.31,8.75,0.194,0.035,2.7,1.25
857,23.6,13.06,3.3,0.074,0.127,2.3,0.34
858,33.3,14.16,8.98,0.012,0.611,5.7,0.52
859,134.0,8.33,3.2,0.02,0.03,6.1,0.15
860,35.8,12.77,2.0,0.022,0.355,9.8,0.2
861,264.6,18.2,1.45,0.058,0.068,6.2,1.7
862,112.9,15.07,2.71,0.148,0.731,1.1,2.35
863,180.9,11.97,6.59,0.04,0.277,1.1,1.2
864,26.3,8.08,3.65,0.016,0.012,1.7,0.14
865,282.0,14.15,1.64,0.074,0.914,8.4,0.86
866,140.0,18.06,2.18,0.046,0.012,5.1,1.98
867,31.7,9.98,3.08,0.27,0.477,5.7,1.42
868,232.8,16.7,1.51,0.122,0.061,8.5,0.37
869,55.6,10.42,2.33,0.133,0.213,6.2,0.51
870,3.1,16.85,6.83,0.199,0.475,4.3,2.32
871,19.5,8.59,1.54,0.059,0.322,1.0,0.25
872,72.3,15.13,7.92,0.311,0.04,4.6,2.52
873,78.3,19.01,9.06,0.055,0.039,4.6,2.06
874,33.5,18.84,9.36,0.015,0.632,7.3,0.4
875,116.2,19.07,9.46,0.012,0.348,1.1,0.63
876,6.5,14.51,1.28,0.163,0.14,9.9,2.63
877,277.2,8.42,1.12,0.182,0.02,3.9,1.65
878,18.8,8.48,8.83,0.309,0.013,1.1,2.6
879,20.5,17.38,6.12,0.074,0.057,2.1,0.05
880,198.6,10.04,7.22,0.014,0.178,8.3,0.43
881,118.4,10.39,3.52,0.119,0.01,7.5,1.33
882,165.9,19.31,1.5,0.103,0.108,1.1,1.11
883,139.5,10.0,3.39,0.075,0.012,3.0,2.76
884,118.2,9.76,1.12,0.119,0.181,2.4,0.58
885,10.0,9.57,5.42,0.255,0.486,2.2,2.9
886,6.4,15.98,1.05,0.268,0.199,4.5,1.72
887,82.7,9.56,8.59,0.232,0.417,7.1,0.54
888,104.2,9.82,1.8,0.227,0.284,2.7,1.26
889,127.4,8.22,1.04,0.177,0.014,1.9,0.62
890,12.1,18.51,5.38,0.217,0.846,1.8,0.3
891,29.3,15.3,3.37,0.135,0.041,1.5,0.7
892,28.0,9.02,2.34,0.034,0.022,1.4,0.71
893,3.9,10.69,2.56,0.486,0.041,6.0,1.0
894,157.7,14.22,1.81,0.165,0.024,1.8,1.98
895,173.4,18.12,6.66,0.01,0.271,2.8,2.21
896,32.3,15.09,1.14,0.428,0.43,3.5,2.8
897,3.1,17.74,2.28,0.012,0.293,1.5,1.72
898,31.2,8.44,2.53,0.092,0.884,2.1,1.09
899,44.4,8.72,1.03,0.436,0.032,1.7,0.03
900,3.1,19.28,1.39,0.403,0.124,7.8,1.0
901,64.1,17.86,2.48,0.091,0.025,4.9,2.25
902,8.1,12.07,1.68,0.172,0.013,6.1,1.55
903,5.7,13.05,3.32,0.249,0.027,2.0,1.72
904,16.1,9.23,8.97,0.069,0.46,1.2,0.76
905,54.9,15.03,2.67,0.072,0.596,3.3,2.31
906,13.8,13.79,9.24,0.114,0.053,5.1,0.02
907,78.0,11.72,5.61,0.31,0.086,7.6,1.32
908,263.6,10.66,9.69,0.011,0.233,8.4,1.18
909,41.5,13.15,2.24,0.046,0.097,1.8,2.61
910,193.9,10.41,2.38,0.406,0.114,5.4,1.8
911,4.2,9.96,3.58,0.058,0.031,1.0,0.89
912,11.5,8.44,2.26,0.069,0.266,8.1,2.02
913,59.1,11.78,3.15,0.014,0.02,4.9,1.48
914,177.5,17.1,3.2,0.025,0.011,6.4,0.5
915,86.8,18.42,5.0,0.013,0.06,3.8,0.45
916,96.1,8.6,9.57,0.35,0.182,2.9,1.82
917,38.3,15.21,3.85,0.131,0.012,1.1,2.35
918,6.4,9.63,5.68,0.026,0.166,1.7,1.19
919,5.1,13.06,5.2,0.248,0.014,6.7,2.4
920,19.8,8.56,1.8,0.026,0.085,1.8,2.47
921,12.7,14.51,3.87,0.072,0.01,4.5,1.44
922,63.1,13.49,5.69,0.217,0.466,4.0,0.04
923,7.1,16.06,3.47,0.259,0.147,5.3,2.67
924,199.5,14.64,7.71,0.024,0.39,2.5,1.52
925,24.9,16.89,2.99,0.025,0.053,3.6,1.26
926,35.4,9.98,4.9,0.092,0.041,4.0,2.29
927,5.4,14.39,2.07,0.308,0.055,5.9,1.76
928,4.2,12.09,9.11,0.035,0.026,1.4,2.28
929,19.9,19.55,3.82,0.057,0.852,3.3,2.66
930,66.9,9.05,4.77,0.323,0.737,1.5,0.7
931,3.2,10.1,7.28,0.355,0.02,2.6,1.44
932,11.6,13.76,2.77,0.276,0.033,3.7,0.67
933,205.2,12.93,1.42,0.045,0.249,7.5,2.4
934,3.3,15.68,1.06,0.195,0.037,3.5,1.44
935,8.2,16.89,1.42,0.443,0.61,1.5,1.5
936,192.4,14.98,3.41,0.489,0.016,1.4,1.39
937,28.2,19.28,6.7,0.235,0.119,2.9,2.05
938,65.6,19.11,2.39,0.184,0.104,2.0,2.17
939,94.9,9.56,5.6,0.059,0.125,4.8,1.37
940,19.7,9.32,7.77,0.428,0.151,9.2,2.81
941,65.7,19.72,4.73,0.016,0.311,3.0,0.94
942,5.8,18.17,6.79,0.022,0.053,5.5,2.76
943,52.7,10.27,1.19,0.175,0.836,1.1,2.54
944,70.7,9.91,1.65,0.017,0.906,3.9,0.57
945,7.9,18.9,6.57,0.018,0.266,2.5,2.89
946,6.9,11.64,1.43,0.119,0.317,9.3,1.99
947,4.8,9.96,1.58,0.327,0.087,2.3,1.59
948,10.6,10.82,8.29,0.028,0.106,1.4,2.88
949,19.5,14.65,1.8,0.097,0.02,2.5,2.95
950,4.1,11.95,5.53,0.044,0.021,2.1,2.17
951,177.6,19.41,2.17,0.392,0.145,2.4,1.25
952,7.3,10.29,2.8,0.08,0.021,3.5,1.19
953,3.9,16.56,6.69,0.356,0.266,1.4,2.25
954,5.6,18.7,2.69,0.364,0.028,4.3,1.65
955,11.1,13.36,6.22,0.066,0.022,2.6,1.26
956,243.8,10.37,4.79,0.146,0.492,3.7,0.46
957,70.4,9.2,1.86,0.031,0.106,6.8,0.18
958,4.2,9.45,1.8,0.015,0.442,3.7,1.12
959,3.3,9.02,2.66,0.085,0.04,1.6,2.01
960,70.1,9.21,4.01,0.437,0.02,1.4,1.14
961,5.5,17.94,8.67,0.122,0.049,1.8,2.58
962,186.7,10.03,2.77,0.171,0.035,6.8,1.59
963,225.7,12.78,9.15,0.022,0.11,2.3,2.66
964,13.2,9.59,9.06,0.39,0.024,2.0,1.36
965,10.4,15.02,2.92,0.121,0.047,1.7,0.55
966,18.9,13.02,6.03,0.116,0.324,2.9,2.67
967,178.6,16.03,4.17,0.01,0.194,1.4,0.98
968,197.3,18.72,7.47,0.421,0.036,3.3,0.58
969,93.1,9.14,2.42,0.207,0.065,8.7,2.41
970,48.0,8.82,2.96,0.135,0.762,8.7,2.61
971,48.7,11.83,2.81,0.041,0.012,1.5,1.09
972,41.6,12.8,8.53,0.094,0.102,1.9,1.51
973,142.7,14.99,6.42,0.026,0.389,2.0,2.74
974,185.1,10.11,9.73,0.057,0.027,1.6,2.73
975,134.4,8.24,5.57,0.054,0.539,1.2,1.16
976,5.2,12.71,4.95,0.011,0.618,8.1,0.07
977,53.2,12.25,3.34,0.264,0.618,1.7,0.38
978,278.0,11.13,4.01,0.017,0.749,9.5,1.46
979,163.6,15.55,2.61,0.044,0.02,8.3,2.01
980,109.1,11.73,3.12,0.146,0.594,1.6,2.26
981,107.9,19.43,3.17,0.317,0.241,1.1,1.85
982,8.9,10.34,1.32,0.097,0.179,6.8,2.29
983,191.0,9.07,1.48,0.224,0.039,3.3,1.79
984,34.7,11.7,9.46,0.094,0.327,5.5,0.82
985,55.6,9.73,4.25,0.175,0.087,1.5,2.52
986,114.8,11.11,9.64,0.181,0.015,3.9,1.12
987,42.8,12.32,2.64,0.19,0.501,4.4,1.7
988,214.2,10.78,1.01,0.062,0.17,4.6,0.98
989,155.8,9.68,2.53,0.336,0.27,5.9,1.01
990,270.2,10.1,2.02,0.018,0.116,2.0,0.1
991,4.6,8.4,2.9,0.446,0.069,4.2,1.23
992,16.7,14.22,4.65,0.325,0.661,6.7,2.51
993,3.0,13.44,2.03,0.171,0.016,9.8,1.08
994,4.7,14.56,2.63,0.045,0.119,8.2,2.18
995,178.2,19.27,6.63,0.039,0.429,5.1,0.36
996,66.6,9.56,5.18,0.063,0.046,2.6,2.64
997,38.8,12.04,4.82,0.097,0.122,2.0,1.48
998,13.2,16.88,1.23,0.03,0.019,3.8,2.6
999,3.4,9.43,1.36,0.057,0.48,4.9,0.13
1000,7.2,17.0,2.43,0.283,0.322,1.3,0.94
1001,3.4,19.24,3.1,0.37,0.058,2.4,1.59
1002,12.6,19.08,1.34,0.056,0.298,3.1,2.52
1003,53.9,18.27,2.42,0.04,0.031,3.2,2.82
1004,238.8,15.53,1.51,0.03,0.026,2.8,1.11
1005,19.9,19.45,2.7,0.283,0.664,8.7,2.04
1006,127.8,8.58,1.62,0.038,0.063,8.3,0.75
1007,17.6,14.17,5.54,0.123,0.065,9.0,0.94
1008,25.7,8.1,2.89,0.09,0.157,7.5,0.1
1009,44.1,15.16,8.43,0.023,0.198,4.4,0.39
1010,215.1,15.9,2.16,0.015,0.133,2.4,0.79
1011,8.1,18.13,1.93,0.172,0.025,5.0,1.99
1012,23.7,17.14,3.7,0.365,0.537,2.1,1.67
1013,16.7,14.32,1.91,0.401,0.076,3.1,1.27
1014,11.7,13.68,1.01,0.12,0.135,4.1,1.56
1015,10.4,8.07,1.07,0.169,0.047,2.2,2.47
1016,125.8,16.62,4.78,0.025,0.192,2.2,1.33
1017,3.9,9.52,1.82,0.2,0.566,7.0,2.72
1018,261.2,11.04,2.61,0.053,0.018,2.5,0.7
1019,3.3,10.35,1.58,0.205,0.036,1.9,2.55
1020,22.9,17.25,8.25,0.081,0.069,1.8,2.04
1021,29.5,11.74,4.44,0.304,0.752,5.6,2.71
1022,5.0,19.82,6.99,0.277,0.245,4.1,2.64
1023,93.3,8.34,3.83,0.452,0.02,2.6,1.06
1024,51.0,9.83,4.46,0.145,0.011,3.5,0.02
1025,15.4,18.91,3.19,0.221,0.496,7.2,2.72
1026,40.9,9.29,3.4,0.02,0.08,1.6,0.2
1027,42.3,9.5,1.33,0.087,0.039,1.1,2.27
1028,7.3,19.16,7.32,0.019,0.019,8.2,1.17
1029,27.4,9.31,5.7,0.071,0.031,7.3,0.55
1030,8.0,8.47,9.75,0.061,0.428,4.0,2.12
1031,255.2,18.9,1.71,0.034,0.064,5.7,2.65
1032,4.5,8.79,3.74,0.32,0.019,1.2,0.79
1033,33.5,13.97,1.94,0.1,0.047,2.7,1.45
1034,37.4,12.57,2.99,0.013,0.106,9.7,2.7
1035,25.9,8.26,3.27,0.148,0.787,9.8,2.22
1036,17.0,18.69,6.77,0.012,0.094,10.0,2.69
1037,6.2,12.89,1.98,0.014,0.119,7.3,1.98
1038,5.7,13.25,1.98,0.017,0.396,2.4,2.2
1039,212.8,19.97,9.89,0.041,0.079,1.8,2.84
1040,44.7,17.22,3.13,0.466,0.036,3.9,2.34
1041,23.0,19.44,7.79,0.025,0.152,3.8,0.45
1042,7.1,15.41,1.77,0.479,0.231,5.8,2.65
1043,10.5,11.01,3.26,0.125,0.654,5.6,0.42
1044,6.5,8.62,1.07,0.252,0.011,3.2,2.41
1045,11.5,13.98,2.05,0.054,0.319,1.8,0.41
1046,7.8,9.15,7.66,0.072,0.015,7.0,1.21
1047,10.5,12.74,3.75,0.027,0.384,1.2,1.82
1048,6.2,9.08,4.23,0.011,0.265,7.5,0.12
1049,5.5,8.07,2.74,0.014,0.028,9.2,1.15
1050,291.4,9.21,2.33,0.471,0.035,8.3,1.77
1051,193.9,12.22,7.5,0.043,0.011,1.5,1.63
1052,249.0,16.58,8.3,0.025,0.026,8.6,2.2
1053,53.6,13.38,5.02,0.079,0.554,1.7,1.43
1054,3.6,14.49,6.93,0.044,0.754,8.1,0.25
1055,8.3,11.51,3.97,0.044,0.104,2.5,1.23
1056,165.8,8.44,3.8,0.036,0.416,3.3,2.39
1057,4.5,12.21,4.75,0.126,0.023,6.3,2.24
1058,32.9,19.06,1.84,0.34,0.436,1.9,0.33
1059,14.1,8.7,2.0,0.473,0.01,1.3,0.87
1060,99.6,10.58,4.98,0.108,0.306,1.5,0.83
1061,3.9,8.38,1.34,0.011,0.321,2.1,1.99
1062,20.9,13.04,8.1,0.08,0.025,9.8,0.26
1063,3.6,10.47,8.46,0.184,0.011,1.1,0.56
1064,19.8,16.46,2.0,0.024,0.013,6.3,2.84
1065,10.9,15.12,7.5,0.302,0.194,1.3,1.68
1066,16.6,15.66,5.12,0.095,0.102,1.5,2.84
1067,9.8,15.03,2.11,0.011,0.039,3.2,1.49
1068,21.2,14.11,2.55,0.018,0.854,3.0,1.58
1069,16.3,16.82,3.05,0.34,0.765,1.1,1.34
1070,162.1,19.86,3.84,0.053,0.245,2.3,0.15
1071,17.7,10.66,1.29,0.083,0.097,5.7,0.34
1072,39.3,15.3,6.92,0.012,0.02,2.1,2.75
1073,3.1,11.5,1.35,0.127,0.055,1.6,1.35
1074,69.9,8.04,1.96,0.053,0.01,5.0,0.18
1075,122.3,14.06,5.7,0.059,0.178,2.7,2.18
1076,26.0,14.31,1.43,0.274,0.315,1.1,1.96
1077,39.2,9.97,2.92,0.051,0.108,2.5,2.57
1078,3.2,11.34,1.23,0.047,0.029,2.0,2.82
1079,19.1,9.74,1.84,0.369,0.172,3.5,1.34
1080,15.2,18.19,8.98,0.046,0.228,4.7,1.21
1081,167.8,12.8,1.49,0.129,0.036,3.1,2.35
1082,93.8,10.22,2.87,0.316,0.103,4.0,0.05
1083,12.3,9.68,9.3,0.03,0.105,4.5,0.71
1084,118.3,12.26,3.93,0.047,0.014,1.7,1.37
1085,3.6,19.2,5.49,0.071,0.049,5.3,1.86
1086,78.1,13.5,1.27,0.227,0.044,2.1,1.8
1087,36.1,12.75,4.85,0.269,0.978,1.4,2.32
1088,16.9,8.8,3.44,0.244,0.017,5.0,0.62
1089,125.3,9.24,1.29,0.119,0.459,8.8,0.46
1090,9.0,19.99,1.91,0.482,0.177,1.1,0.51
1091,30.8,17.09,1.38,0.014,0.013,4.9,2.27
1092,89.6,13.82,5.48,0.071,0.177,4.2,2.15
1093,67.6,8.39,3.63,0.23,0.03,1.2,2.08
1094,81.9,9.56,9.1,0.115,0.01,1.3,2.58
1095,6.3,12.28,1.24,0.468,0.058,2.5,2.74
1096,71.5,8.47,1.39,0.162,0.193,7.6,2.84
1097,98.9,12.95,6.84,0.138,0.014,4.1,2.15
1098,16.7,14.14,1.93,0.068,0.043,2.3,1.07
1099,215.2,15.44,2.83,0.018,0.021,1.1,1.89
1100,293.0,8.93,5.28,0.021,0.369,3.2,0.7
1101,103.7,8.6,2.26,0.016,0.103,5.8,0.87
1102,38.1,10.34,1.4,0.125,0.304,2.6,0.29
1103,27.4,15.11,2.75,0.143,0.013,6.5,1.68
1104,91.4,10.29,9.15,0.052,0.191,8.9,0.01
1105,214.5,9.11,2.91,0.193,0.048,3.5,2.6
1106,12.5,16.16,2.85,0.029,0.054,3.7,1.21
1107,214.8,17.13,3.41,0.161,0.035,2.0,0.79
1108,5.9,18.77,3.49,0.011,0.177,2.5,0.84
1109,234.2,16.05,7.17,0.141,0.355,9.7,0.99
1110,46.2,10.07,4.58,0.419,0.073,1.4,0.37
1111,12.3,18.06,1.45,0.131,0.191,9.7,1.48
1112,6.3,11.38,1.8,0.025,0.283,2.7,1.15
1113,10.9,13.28,2.14,0.141,0.012,1.3,1.05
1114,7.5,12.25,1.68,0.3,0.163,1.0,0.7
1115,25.9,9.76,4.41,0.136,0.014,9.7,1.86
1116,28.8,8.05,6.47,0.138,0.098,3.3,1.29
1117,96.8,10.99,4.01,0.021,0.239,2.1,1.18
1118,155.0,13.03,5.79,0.057,0.798,6.0,2.14
1119,7.6,16.02,1.91,0.116,0.091,4.8,2.24
1120,33.5,11.3,1.8,0.091,0.012,3.0,0.92
1121,18.9,8.48,7.52,0.027,0.015,1.8,1.5
1122,81.8,12.26,1.48,0.028,0.316,4.5,1.85
1123,299.4,10.1,3.01,0.399,0.44,3.2,0.62
1124,18.9,18.19,1.82,0.015,0.29,4.9,0.44
1125,4.1,15.43,8.57,0.017,0.013,4.3,1.42
1126,14.8,14.03,5.81,0.042,0.636,4.6,1.81
1127,11.5,13.63,1.12,0.243,0.21,4.0,1.4
1128,76.1,12.97,1.25,0.026,0.157,2.0,0.93
1129,102.4,12.98,2.62,0.011,0.08,1.2,2.69
1130,10.7,14.98,2.53,0.018,0.723,2.0,0.8
1131,6.8,12.82,2.04,0.105,0.036,2.0,0.05
1132,47.6,8.48,1.9,0.07,0.275,2.0,2.88
1133,178.6,13.71,1.42,0.403,0.044,8.3,1.69
1134,9.2,18.59,9.09,0.179,0.036,3.3,0.73
1135,5.3,8.28,2.91,0.012,0.115,1.3,0.37
1136,49.2,18.14,1.39,0.027,0.029,5.6,1.75
1137,17.1,9.13,4.14,0.437,0.033,2.2,2.54
1138,10.3,8.41,6.87,0.184,0.377,1.9,0.74
1139,15.4,15.62,3.72,0.412,0.484,2.6,0.67
1140,104.2,18.38,7.81,0.016,0.199,2.7,2.65
1141,173.3,18.6,1.9,0.04,0.06,3.3,0.78
1142,6.0,11.75,6.36,0.014,0.035,8.4,1.5
1143,113.2,14.78,7.28,0.145,0.033,4.1,2.69
1144,7.6,14.12,6.32,0.117,0.031,3.0,1.39
1145,66.9,13.16,1.08,0.062,0.044,8.3,1.12
1146,9.5,11.69,1.28,0.022,0.093,3.7,0.44
1147,14.2,12.06,1.58,0.244,0.028,1.2,0.95
1148,26.0,16.82,6.57,0.486,0.016,1.1,0.11
1149,25.8,13.55,1.81,0.253,0.124,1.9,0.52
1150,3.6,9.26,8.88,0.012,0.114,3.1,0.81
1151,11.1,14.9,1.51,0.021,0.853,2.9,1.68
1152,30.3,15.2,3.54,0.015,0.043,3.9,0.14
1153,184.1,11.31,7.94,0.184,0.311,6.4,2.72
1154,20.9,11.05,5.73,0.46,0.02,4.9,1.2
1155,51.4,9.99,1.35,0.142,0.124,1.1,2.42
1156,19.1,12.95,1.98,0.065,0.121,1.0,0.2
1157,23.8,15.16,2.98,0.38,0.108,7.3,2.68
1158,5.0,11.42,1.96,0.041,0.14,1.5,2.8
1159,189.5,11.64,1.89,0.011,0.016,1.8,1.75
1160,82.2,11.61,2.83,0.026,0.723,1.6,1.62
1161,6.8,10.9,7.8,0.02,0.153,9.6,0.6
1162,20.8,8.25,1.8,0.246,0.118,3.4,1.73
1163,61.1,13.68,1.68,0.05,0.011,2.0,1.74
1164,228.3,8.49,4.74,0.249,0.564,7.2,1.94
1165,29.8,19.65,7.72,0.089,0.132,1.8,0.68
1166,222.5,19.85,2.49,0.244,0.038,2.0,0.17
1167,8.2,17.81,4.21,0.218,0.836,7.1,0.09
1168,3.4,16.56,2.07,0.195,0.089,1.6,2.42
1169,14.4,10.2,4.97,0.027,0.026,4.2,2.9
1170,4.6,8.89,6.61,0.198,0.082,7.2,1.47
1171,7.4,17.75,2.61,0.013,0.669,2.0,2.87
1172,135.1,13.1,5.14,0.053,0.564,7.9,1.28
1173,19.4,11.43,1.75,0.186,0.867,1.5,1.31
1174,219.2,13.35,4.19,0.388,0.012,2.5,2.85
1175,240.0,10.99,8.47,0.045,0.17,1.6,1.32
1176,5.3,9.56,1.36,0.044,0.197,3.8,1.18
1177,191.0,14.48,1.25,0.198,0.477,1.2,2.04
1178,273.8,14.87,8.07,0.048,0.01,3.6,1.23
1179,254.8,10.28,6.47,0.493,0.202,1.2,0.28
1180,48.4,12.79,2.15,0.128,0.074,1.8,0.37
1181,95.9,8.91,1.02,0.015,0.115,2.3,0.98
1182,282.3,19.64,1.18,0.048,0.026,6.2,0.98
1183,125.5,18.76,1.33,0.171,0.056,3.3,0.91
1184,115.4,9.58,6.96,0.174,0.108,4.7,2.77
1185,13.3,9.64,6.66,0.07,0.249,1.2,0.02
1186,3.3,12.83,7.72,0.073,0.309,1.8,2.94
1187,12.0,14.44,1.03,0.118,0.024,5.2,2.77
1188,4.7,9.82,1.9,0.091,0.065,3.2,1.14
1189,3.9,9.47,1.46,0.109,0.829,3.6,2.6
1190,91.3,9.05,3.09,0.305,0.061,1.0,2.87
1191,3.1,9.71,2.93,0.436,0.102,6.2,0.4
1192,14.8,8.91,4.95,0.183,0.12,1.4,0.31
1193,111.2,11.99,5.44,0.044,0.041,6.6,2.11
1194,91.7,18.45,1.29,0.06,0.243,6.6,0.7
1195,6.0,9.65,2.57,0.411,0.652,1.4,0.7
1196,209.1,14.45,8.49,0.029,0.12,3.9,2.31
1197,3.3,9.47,5.92,0.16,0.381,1.8,0.12
1198,9.5,13.84,1.01,0.304,0.05,1.3,1.72
1199,49.4,13.52,6.72,0.028,0.292,1.4,2.39
1200,26.3,9.79,5.35,0.121,0.14,2.9,0.43
1201,14.0,13.93,3.46,0.028,0.051,2.8,0.92
1202,11.4,9.34,4.86,0.133,0.118,1.3,1.83
1203,80.3,9.0,4.18,0.043,0.072,2.8,2.79
1204,9.0,12.57,1.91,0.053,0.132,5.4,0.79
1205,3.2,15.21,3.49,0.078,0.02,2.1,2.87
1206,11.7,15.27,1.36,0.034,0.321,2.7,1.77
1207,4.4,9.85,1.44,0.071,0.054,4.1,0.79
1208,35.2,8.24,1.35,0.014,0.385,2.5,2.5
1209,103.4,13.68,8.13,0.209,0.466,4.6,0.17
1210,5.2,8.93,8.36,0.015,0.825,3.7,0.24
1211,9.8,13.48,6.07,0.034,0.046,6.8,1.53
1212,74.2,10.67,7.62,0.302,0.019,2.2,0.78
1213,39.5,14.41,4.17,0.011,0.215,2.8,1.85
1214,44.8,10.53,1.81,0.07,0.2,7.3,2.49
1215,5.7,10.99,2.35,0.13,0.037,2.0,0.8
1216,36.9,9.42,1.85,0.2,0.5,1.0,0.06
1217,3.1,8.17,2.86,0.388,0.215,2.4,0.56
1218,147.2,14.85,1.71,0.023,0.085,9.6,2.28
1219,5.8,9.56,2.34,0.082,0.06,1.4,1.84
1220,6.2,15.15,4.05,0.027,0.116,5.1,0.41
1221,3.3,13.44,7.47,0.024,0.544,4.5,2.08
1222,37.8,14.71,3.36,0.039,0.223,4.8,1.59
1223,132.1,18.29,8.67,0.142,0.07,1.1,1.08
1224,98.2,10.42,6.39,0.04,0.515,7.4,0.36
1225,156.0,9.48,3.68,0.072,0.057,5.0,0.51
1226,3.9,11.23,2.79,0.107,0.026,6.8,2.51
1227,111.3,12.12,1.84,0.053,0.033,1.2,0.96
1228,16.2,8.81,2.03,0.012,0.065,1.7,0.79
1229,119.3,12.18,1.27,0.044,0.01,1.3,1.79
1230,9.3,15.96,1.42,0.035,0.334,1.0,0.94
1231,93.0,19.04,8.81,0.012,0.405,7.8,2.35
1232,3.0,18.37,6.78,0.022,0.099,6.5,0.12
1233,5.1,12.85,1.17,0.042,0.182,3.3,2.72
1234,16.6,12.46,4.16,0.012,0.233,2.2,1.85
1235,44.4,10.32,2.53,0.012,0.728,7.5,0.96
1236,18.4,15.73,1.82,0.088,0.011,7.3,0.59
1237,32.6,12.37,1.05,0.04,0.01,3.3,2.14
1238,10.5,10.68,3.6,0.059,0.017,6.7,1.52
1239,46.0,13.9,1.95,0.017,0.088,2.2,2.53
1240,239.9,14.69,7.88,0.051,0.098,5.3,1.07
1241,15.8,8.07,4.24,0.01,0.785,4.2,0.73
1242,197.5,17.06,4.64,0.436,0.195,2.3,1.67
1243,7.6,14.68,5.19,0.181,0.711,4.1,2.87
1244,94.1,11.41,5.52,0.428,0.679,9.6,0.07
1245,3.5,16.78,3.43,0.026,0.077,1.3,0.97
1246,25.2,8.66,8.55,0.147,0.111,4.6,2.61
1247,124.0,13.21,5.68,0.397,0.052,7.1,0.72
1248,54.5,8.89,1.18,0.049,0.064,2.0,2.33
1249,3.1,8.18,2.62,0.02,0.046,9.3,0.77
1250,106.7,19.17,3.81,0.192,0.031,4.1,1.56
1251,112.8,13.79,1.17,0.256,0.065,2.3,0.59
1252,46.0,12.17,1.16,0.102,0.018,3.2,2.27
1253,37.8,17.43,7.95,0.219,0.017,2.1,0.86
1254,3.8,15.47,1.73,0.18,0.106,5.4,1.26
1255,3.2,8.87,2.12,0.398,0.036,9.7,1.44
1256,81.9,14.15,3.0,0.034,0.03,1.0,1.65
1257,190.2,19.2,8.69,0.323,0.037,7.7,2.75
1258,8.6,8.5,3.57,0.185,0.637,5.8,0.19
1259,55.9,19.02,4.1,0.021,0.075,8.3,0.99
1260,133.2,11.28,5.16,0.017,0.012,1.8,2.31
1261,12.5,8.46,1.71,0.014,0.015,9.5,2.56
1262,130.3,18.46,7.86,0.024,0.03,1.6,1.35
1263,22.3,9.59,3.7,0.364,0.644,6.0,1.31
1264,29.6,10.6,3.79,0.183,0.018,2.5,1.49
1265,16.8,13.93,1.38,0.201,0.01,7.0,1.32
1266,8.7,11.12,3.83,0.054,0.125,2.4,1.27
1267,68.2,8.65,2.16,0.012,0.021,1.2,0.16
1268,61.1,10.29,7.36,0.078,0.017,4.3,0.37
1269,169.5,15.47,8.48,0.017,0.015,3.4,2.14
1270,12.6,18.87,1.53,0.019,0.124,1.5,2.44
1271,22.4,14.81,4.75,0.109,0.235,6.0,2.28
1272,45.6,10.89,3.12,0.221,0.012,9.9,0.48
1273,4.4,19.83,1.41,0.105,0.095,2.6,2.6
1274,49.2,12.37,8.7,0.01,0.079,5.3,1.65
1275,41.5,8.43,5.01,0.03,0.877,1.0,0.66
1276,29.5,13.4,1.28,0.115,0.042,7.1,2.52
1277,133.6,8.26,8.06,0.393,0.299,1.0,0.53
1278,49.5,14.03,3.3,0.255,0.067,8.3,0.82
1279,4.6,11.75,8.99,0.109,0.012,4.6,0.62
1280,297.8,10.15,1.32,0.045,0.45,1.1,1.63
1281,75.6,17.21,2.97,0.159,0.034,7.6,2.58
1282,293.4,13.82,1.79,0.057,0.098,3.5,2.17
1283,57.7,11.45,6.9,0.309,0.016,9.5,1.9
1284,11.2,19.79,1.45,0.06,0.527,3.2,2.91
1285,27.0,8.1,2.83,0.106,0.039,5.5,1.32
1286,30.1,19.44,2.15,0.019,0.55,7.8,1.38
1287,41.4,10.05,1.55,0.067,0.207,1.8,1.52
1288,12.1,10.59,9.6,0.028,0.01,6.7,1.54
1289,133.8,18.61,1.72,0.042,0.23,2.7,0.09
1290,22.1,14.34,3.52,0.027,0.895,2.7,2.83
1291,100.8,10.48,5.48,0.07,0.326,6.8,0.31
1292,25.0,13.57,1.74,0.056,0.029,3.2,0.15
1293,33.2,9.29,1.92,0.021,0.034,4.6,1.81
1294,21.3,15.4,1.27,0.253,0.11,2.7,0.96
1295,34.2,14.3,1.1,0.091,0.224,1.8,1.98
1296,8.7,17.0,1.13,0.133,0.154,6.9,2.39
1297,212.1,9.14,1.89,0.052,0.999,4.0,2.55
1298,46.8,12.48,5.02,0.035,0.02,1.1,2.1
1299,47.6,9.34,5.54,0.033,0.579,2.7,1.49
1300,11.1,16.82,5.18,0.076,0.024,2.3,1.49
1301,132.6,11.08,8.6,0.21,0.192,1.6,2.73
1302,8.3,11.22,2.36,0.014,0.069,3.8,1.6
1303,132.1,18.1,2.33,0.128,0.089,1.5,1.63
1304,111.3,19.79,9.05,0.408,0.016,1.2,2.49
1305,3.5,17.85,1.11,0.031,0.104,1.4,2.7
1306,190.6,8.97,3.19,0.122,0.185,2.2,1.01
1307,27.4,8.07,1.26,0.017,0.01,1.2,2.74
1308,238.7,9.78,4.54,0.053,0.248,2.0,0.85
1309,166.1,8.86,1.97,0.281,0.106,1.4,2.88
1310,155.9,10.53,2.66,0.054,0.373,1.0,0.3
1311,73.1,14.88,2.47,0.042,0.017,4.0,1.81
1312,157.5,9.66,3.44,0.054,0.422,5.8,2.92
1313,112.8,11.37,4.38,0.246,0.466,5.7,0.41
1314,6.6,13.61,2.22,0.081,0.156,1.8,0.84
1315,96.3,18.23,3.76,0.09,0.402,1.3,0.8
1316,263.0,10.5,5.39,0.063,0.189,7.0,0.16
1317,22.5,18.66,5.27,0.07,0.157,2.4,1.9
1318,6.1,15.27,6.34,0.018,0.095,2.2,1.03
1319,167.4,11.22,1.21,0.024,0.034,2.2,0.15
1320,8.3,19.64,6.03,0.124,0.692,4.1,0.67
1321,35.5,14.69,2.06,0.141,0.037,9.4,1.16
1322,13.8,11.19,9.14,0.014,0.394,7.2,1.82
1323,8.5,19.2,1.36,0.049,0.026,1.4,0.82
1324,43.0,16.63,3.96,0.371,0.077,3.1,0.64
1325,57.8,14.02,1.19,0.33,0.3,1.1,2.95
1326,12.3,12.05,2.26,0.11,0.04,3.0,0.89
1327,19.8,14.87,2.42,0.05,0.316,3.2,1.15
1328,39.9,9.98,2.86,0.227,0.408,6.2,0.44
1329,26.5,14.64,1.45,0.185,0.369,1.1,0.16
1330,15.7,10.23,7.94,0.065,0.051,8.4,0.09
1331,23.4,13.86,2.7,0.048,0.675,1.2,0.26
1332,5.4,13.15,3.07,0.063,0.517,4.2,0.83
1333,153.7,12.44,1.67,0.031,0.461,2.6,0.97
1334,142.6,11.11,7.87,0.036,0.09,7.6,0.56
1335,167.2,13.55,4.83,0.06,0.016,2.0,1.14
1336,4.3,17.13,2.65,0.04,0.011,4.0,2.22
1337,4.1,17.97,2.76,0.056,0.114,6.8,2.42
1338,5.7,19.31,1.11,0.283,0.032,9.7,2.39
1339,4.5,8.54,6.61,0.466,0.021,1.9,2.23
1340,23.0,17.59,1.02,0.012,0.675,2.4,2.51
1341,97.5,9.7,1.55,0.156,0.018,1.6,1.55
1342,3.0,11.49,1.56,0.265,0.354,4.2,2.51
1343,146.2,9.84,2.4,0.023,0.048,1.9,2.37
1344,18.7,9.43,2.36,0.247,0.299,2.2,1.94
1345,5.5,16.69,3.17,0.02,0.018,4.4,0.62
1346,21.0,8.16,7.21,0.232,0.017,8.3,2.06
1347,10.8,11.14,4.11,0.074,0.026,9.0,1.27
1348,3.6,16.4,6.44,0.234,0.014,1.6,1.84
1349,3.4,9.24,6.4,0.318,0.052,2.9,2.07
1350,38.3,10.01,5.51,0.108,0.023,2.1,1.25
1351,5.8,10.92,2.67,0.335,0.141,4.9,0.55
1352,206.0,10.96,7.72,0.058,0.37,1.6,0.92
1353,5.2,18.85,4.0,0.423,0.385,9.5,0.97
1354,125.1,8.22,6.46,0.027,0.018,3.6,1.74
1355,24.0,10.32,4.13,0.01,0.047,2.1,0.39
1356,65.3,19.03,1.56,0.355,0.151,1.6,1.65
1357,54.5,13.67,4.93,0.036,0.019,3.9,2.22
1358,3.2,8.12,2.4,0.343,0.048,7.5,2.92
1359,63.1,16.46,2.15,0.219,0.198,1.7,2.72
1360,13.5,11.33,2.2,0.025,0.145,8.1,0.51
1361,14.2,17.53,5.6,0.065,0.038,2.8,1.18
1362,41.7,8.16,3.37,0.167,0.232,3.6,2.84
1363,235.5,14.55,1.26,0.155,0.053,7.6,2.56
1364,6.0,8.42,3.76,0.077,0.286,6.6,1.4
1365,4.1,9.32,7.06,0.016,0.635,2.1,2.63
1366,179.5,13.19,1.01,0.077,0.455,1.3,2.2
1367,50.1,10.54,1.99,0.072,0.962,2.5,1.48
1368,14.4,18.71,4.97,0.124,0.011,2.6,1.33
1369,8.8,9.21,1.47,0.039,0.089,3.2,0.82
1370,137.6,9.71,1.09,0.494,0.357,2.7,1.48
1371,157.7,19.07,1.48,0.114,0.224,1.5,1.94
1372,9.5,9.29,7.18,0.058,0.928,1.1,1.33
1373,57.6,15.8,1.56,0.014,0.011,4.4,1.5
1374,3.4,13.02,6.25,0.292,0.161,9.9,0.06
1375,3.5,17.44,5.39,0.055,0.011,1.5,1.29
1376,12.6,13.48,4.53,0.114,0.074,1.1,2.16
1377,178.9,13.69,8.71,0.023,0.046,9.5,0.92
1378,137.1,17.71,1.07,0.057,0.294,2.0,1.25
1379,72.3,14.64,4.12,0.107,0.058,1.2,1.75
1380,56.1,12.01,3.24,0.265,0.014,1.5,2.44
1381,84.4,10.09,3.75,0.013,0.09,2.3,2.33
1382,31.7,10.79,1.79,0.093,0.656,6.3,1.77
1383,284.7,18.63,4.63,0.145,0.287,4.8,0.16
1384,213.7,15.61,1.51,0.171,0.062,2.2,2.46
1385,31.8,15.13,2.45,0.031,0.113,8.1,2.44
1386,32.4,10.96,3.41,0.208,0.093,1.8,2.8
1387,15.5,10.01,3.29,0.012,0.054,1.1,2.73
1388,38.9,9.25,5.39,0.322,0.013,9.5,0.94
1389,51.8,10.36,3.53,0.294,0.143,6.1,1.64
1390,24.7,11.87,1.32,0.032,0.563,2.5,1.69
1391,30.4,15.94,3.62,0.075,0.019,1.4,2.25
1392,13.9,13.98,2.53,0.035,0.22,1.2,2.11
1393,215.8,16.25,4.9,0.224,0.057,1.9,0.19
1394,60.7,12.58,2.22,0.184,0.627,2.3,0.18
1395,3.3,13.78,3.79,0.305,0.047,1.2,1.93
1396,5.0,8.98,3.59,0.04,0.299,2.5,1.02
1397,269.6,17.21,3.88,0.015,0.139,4.0,2.3
1398,251.2,12.42,7.24,0.011,0.169,4.8,0.58
1399,221.7,8.76,3.08,0.019,0.212,8.7,0.66
1400,58.6,15.29,1.38,0.016,0.026,1.9,0.83
1401,120.3,15.75,4.52,0.071,0.173,2.3,1.73
1402,5.0,13.28,8.77,0.16,0.78,2.1,2.51
1403,20.3,19.41,4.27,0.048,0.212,3.1,0.57
1404,3.9,12.51,2.67,0.058,0.024,3.0,2.12
1405,174.7,15.45,2.78,0.091,0.11,7.2,1.78
1406,4.1,19.98,1.79,0.347,0.829,8.7,2.5
1407,30.6,18.8,1.18,0.029,0.634,2.1,1.44
1408,32.9,8.38,4.92,0.019,0.051,3.0,1.59
1409,96.5,13.87,6.78,0.232,0.033,6.8,1.96
1410,172.2,12.51,8.64,0.275,0.19,9.2,1.05
1411,3.3,13.53,1.17,0.2,0.218,3.4,1.36
1412,3.1,19.95,6.29,0.088,0.029,4.5,1.67
1413,3.4,9.81,2.63,0.038,0.304,2.0,0.5
1414,250.5,10.41,8.66,0.316,0.064,1.7,0.09
1415,18.5,16.89,4.34,0.364,0.02,6.9,0.5
1416,4.0,17.65,2.81,0.162,0.013,7.2,1.41
1417,28.6,13.48,1.41,0.034,0.449,1.5,2.63
1418,249.5,14.82,2.35,0.12,0.461,4.4,0.12
1419,219.0,11.69,5.14,0.028,0.042,6.0,1.88
1420,5.3,9.9,5.52,0.364,0.889,6.3,1.14
1421,8.8,14.61,1.38,0.198,0.036,3.3,0.58
1422,172.7,12.28,5.92,0.013,0.179,4.0,2.75
1423,29.0,15.87,7.79,0.184,0.059,2.3,2.59
1424,7.1,8.91,1.68,0.022,0.358,4.2,2.76
1425,44.3,9.27,1.6,0.037,0.581,1.7,2.7
1426,96.2,8.14,1.48,0.046,0.062,3.8,2.56
1427,5.4,18.04,2.77,0.139,0.452,1.9,0.53
1428,98.0,14.61,2.56,0.375,0.021,2.5,0.34
1429,112.7,14.69,1.32,0.147,0.034,6.6,0.51
1430,15.8,13.64,2.45,0.028,0.011,5.0,0.51
1431,293.3,15.24,1.06,0.485,0.012,2.3,0.76
1432,15.7,14.69,8.03,0.019,0.118,2.4,1.79
1433,11.6,15.38,1.35,0.014,0.545,3.0,1.97
1434,236.7,17.87,9.33,0.256,0.071,1.8,2.18
1435,24.2,9.89,1.02,0.038,0.035,2.9,1.01
1436,15.2,16.49,6.09,0.016,0.427,2.0,2.58
1437,7.6,8.36,2.79,0.379,0.161,7.4,1.09
1438,41.0,16.35,3.22,0.025,0.202,1.2,0.25
1439,165.6,8.41,2.92,0.436,0.026,9.0,0.51
1440,30.1,17.21,4.67,0.199,0.195,5.7,2.72
1441,22.7,13.98,8.05,0.021,0.022,1.7,0.81
1442,41.3,9.89,2.35,0.013,0.636,2.4,1.23
1443,3.3,10.58,1.49,0.254,0.072,1.5,0.72
1444,28.9,12.91,3.55,0.058,0.019,2.8,2.38
1445,35.9,12.66,4.48,0.119,0.105,6.3,0.03
1446,52.2,12.71,1.05,0.105,0.372,2.2,1.74
1447,168.6,14.55,3.11,0.055,0.135,1.4,1.25
1448,117.3,15.27,6.94,0.021,0.035,2.3,2.36
1449,24.7,19.5,2.77,0.144,0.924,4.6,2.64
1450,20.6,10.34,3.32,0.248,0.022,5.6,2.65
1451,3.3,19.4,4.48,0.278,0.654,3.6,0.62
1452,13.9,10.21,6.25,0.134,0.706,5.7,0.12
1453,132.4,19.73,3.94,0.036,0.107,9.1,2.2
1454,12.9,10.41,1.94,0.378,0.103,1.0,1.22
1455,35.1,16.2,3.09,0.112,0.063,4.4,1.89
1456,150.1,16.87,4.3,0.168,0.122,1.6,1.38
1457,160.8,10.35,1.09,0.429,0.018,2.8,0.41
1458,34.0,14.95,7.93,0.096,0.023,7.5,1.3
1459,46.2,16.92,3.96,0.039,0.011,1.7,0.85
1460,6.9,13.82,5.48,0.209,0.01,1.2,0.47
1461,6.5,19.64,1.01,0.047,0.02,2.4,2.56
1462,158.4,19.25,1.08,0.064,0.14,3.2,0.87
1463,33.6,15.64,1.09,0.019,0.788,8.9,0.18
1464,105.1,9.02,5.04,0.018,0.077,3.7,0.89
1465,193.0,18.29,8.79,0.094,0.703,4.7,2.01
1466,255.2,14.54,7.37,0.141,0.039,9.0,2.32
1467,11.9,8.11,9.83,0.031,0.508,4.3,2.71
1468,19.1,9.57,9.12,0.034,0.176,4.4,2.12
1469,5.3,8.01,6.68,0.044,0.02,5.5,1.78
1470,12.6,17.43,6.47,0.051,0.073,4.0,2.14
1471,13.2,15.95,3.85,0.426,0.516,7.2,1.06
1472,101.2,13.95,2.23,0.068,0.348,1.3,0.68
1473,210.5,16.03,2.3,0.015,0.021,2.0,0.31
1474,170.5,11.06,9.67,0.215,0.035,6.2,0.53
1475,37.1,16.14,9.05,0.284,0.029,4.3,0.8
1476,6.6,11.63,4.48,0.385,0.305,8.6,0.87
1477,13.1,12.37,1.39,0.019,0.333,3.0,2.22
1478,16.2,10.46,6.33,0.105,0.072,6.5,1.33
1479,8.2,10.98,1.69,0.171,0.029,2.3,1.05
1480,21.8,9.36,1.84,0.052,0.545,5.3,1.66
1481,37.6,16.75,9.38,0.257,0.146,1.9,2.39
1482,119.6,11.05,2.77,0.266,0.35,1.2,0.44
1483,5.9,17.97,2.38,0.057,0.109,4.5,2.89
1484,18.2,14.63,4.32,0.102,0.029,3.5,0.17
1485,12.8,11.36,2.26,0.264,0.013,1.3,0.94
1486,166.6,12.45,4.3,0.347,0.446,4.2,1.41
1487,251.0,13.29,1.77,0.113,0.012,6.3,2.7
1488,24.3,10.87,9.2,0.01,0.086,4.5,1.93
1489,33.2,17.19,2.59,0.025,0.033,4.4,1.63
1490,4.0,16.47,7.58,0.178,0.42,2.4,2.74
1491,10.1,9.7,2.22,0.126,0.225,1.2,1.74
1492,101.6,8.29,7.37,0.125,0.163,2.6,0.19
1493,9.7,9.07,1.34,0.338,0.385,4.5,1.82
1494,8.6,12.48,2.19,0.018,0.171,9.4,1.24
1495,3.4,8.65,2.31,0.158,0.025,2.8,1.45
1496,255.0,12.8,8.02,0.013,0.015,4.3,2.85
1497,34.3,9.91,2.46,0.013,0.049,2.5,1.65
1498,99.3,13.67,7.23,0.048,0.019,3.2,0.24
1499,172.5,9.16,2.75,0.01,0.016,2.1,2.83
1500,4.8,12.91,1.92,0.356,0.015,1.1,0.73
1501,4.0,11.24,6.24,0.191,0.203,7.9,0.52
1502,33.2,9.38,1.3,0.195,0.047,1.0,0.19
1503,8.8,11.15,1.57,0.01,0.062,8.9,2.06
1504,81.2,11.91,2.5,0.018,0.065,6.7,2.53
1505,12.9,10.64,6.38,0.011,0.238,1.2,2.18
1506,14.1,13.88,9.78,0.053,0.071,2.2,0.39
1507,140.8,12.89,1.04,0.017,0.039,2.9,0.3
1508,6.7,13.48,5.28,0.02,0.049,1.3,0.13
1509,10.5,9.88,2.94,0.148,0.101,6.1,1.47
1510,3.2,8.74,5.41,0.019,0.1,4.6,2.6
1511,5.0,9.78,3.76,0.01,0.083,3.1,1.82
1512,101.3,13.65,3.02,0.092,0.432,1.4,0.32
1513,62.1,12.09,4.22,0.031,0.063,1.1,2.14
1514,12.5,18.98,1.37,0.376,0.111,3.2,2.29
1515,3.2,19.67,9.36,0.11,0.654,2.5,2.3
1516,12.3,16.87,6.83,0.376,0.096,5.7,1.95
1517,38.6,12.67,2.53,0.071,0.013,2.8,2.88
1518,11.8,10.12,5.21,0.081,0.085,1.3,1.94
1519,9.7,11.98,1.24,0.02,0.011,1.4,0.94
1520,15.3,14.88,4.52,0.016,0.01,4.1,0.43
1521,83.0,9.79,3.85,0.477,0.014,1.7,2.26
1522,3.7,11.23,5.92,0.13,0.453,9.0,0.04
1523,249.8,11.43,4.65,0.017,0.031,8.7,2.63
1524,3.2,15.31,5.92,0.044,0.053,9.8,2.34
1525,3.9,18.88,3.62,0.031,0.493,3.5,0.34
1526,242.8,8.07,2.23,0.048,0.075,3.1,1.36
1527,22.6,15.11,2.91,0.363,0.555,2.3,1.11
1528,58.9,17.42,5.83,0.075,0.015,8.7,0.77
1529,9.7,16.1,7.97,0.035,0.899,3.8,0.94
1530,3.3,19.19,3.5,0.334,0.329,5.4,1.82
1531,42.1,15.18,2.37,0.095,0.076,2.5,1.12
1532,11.4,12.08,8.02,0.429,0.058,2.1,2.85
1533,281.9,10.5,3.53,0.011,0.117,5.2,2.44
1534,9.8,13.85,6.67,0.012,0.401,7.5,1.01
1535,77.2,8.97,1.77,0.013,0.937,1.3,1.67
1536,75.3,12.6,9.44,0.309,0.036,1.1,2.41
1537,224.8,10.37,2.49,0.036,0.072,2.5,1.7
1538,16.9,13.42,2.68,0.088,0.087,2.4,2.16
1539,185.1,9.09,1.17,0.267,0.488,5.5,1.16
1540,10.2,15.59,4.87,0.114,0.031,9.4,2.62
1541,22.4,18.42,1.68,0.017,0.291,6.2,0.83
1542,10.5,10.21,3.18,0.025,0.153,1.4,1.19
1543,239.4,18.93,3.96,0.05,0.649,7.5,2.53
1544,41.3,17.77,2.73,0.015,0.857,5.2,1.25
1545,83.2,18.88,1.43,0.026,0.064,2.7,1.39
1546,18.8,12.75,3.88,0.102,0.052,1.1,0.45
1547,69.7,9.53,1.07,0.144,0.011,2.9,0.42
1548,4.0,10.93,3.04,0.018,0.128,7.4,1.18
1549,24.8,18.31,3.86,0.289,0.013,1.8,2.75
1550,21.2,9.65,4.82,0.337,0.165,1.1,1.23
1551,3.0,19.1,1.05,0.039,0.034,5.8,0.79
1552,5.0,12.5,5.02,0.05,0.076,2.4,1.05
1553,224.9,18.31,4.04,0.215,0.02,8.6,0.78
1554,41.9,12.56,1.24,0.085,0.289,1.2,0.18
1555,217.4,17.51,1.19,0.057,0.011,1.9,1.72
1556,28.1,15.84,7.8,0.011,0.616,6.7,0.0
1557,3.3,13.98,8.08,0.032,0.282,4.3,2.72
1558,254.4,8.18,4.42,0.02,0.018,4.2,2.48
1559,12.6,19.56,4.83,0.011,0.127,1.6,1.29
1560,160.9,14.5,8.71,0.288,0.056,3.3,2.87
1561,4.5,14.53,3.43,0.322,0.397,1.7,0.5
1562,60.8,11.8,4.25,0.198,0.055,9.8,1.82
1563,242.7,17.34,1.92,0.056,0.051,10.0,1.74
1564,77.8,11.35,7.25,0.406,0.537,8.1,0.39
1565,5.3,12.55,8.16,0.045,0.052,5.7,1.46
1566,4.1,11.53,7.92,0.07,0.038,6.8,0.18
1567,110.0,11.33,3.47,0.23,0.019,2.0,2.72
1568,3.5,16.38,2.57,0.03,0.801,3.8,1.45
1569,194.2,12.44,4.29,0.312,0.044,1.0,0.32
1570,15.8,14.6,1.18,0.084,0.062,3.1,2.73
1571,175.5,19.79,1.21,0.037,0.828,2.7,1.23
1572,12.7,10.14,1.83,0.017,0.023,1.1,1.1
1573,256.1,15.3,2.38,0.025,0.032,1.0,0.45
1574,23.4,15.62,2.06,0.031,0.019,3.6,2.69
1575,223.9,9.56,4.42,0.04,0.024,6.5,0.21
1576,127.0,10.14,7.36,0.288,0.051,2.5,0.91
1577,20.8,8.72,5.46,0.015,0.999,5.4,1.47
1578,53.8,11.9,4.02,0.04,0.051,9.0,2.08
1579,10.0,14.59,6.0,0.32,0.019,1.3,0.25
1580,145.1,17.43,4.47,0.029,0.016,1.9,0.9
1581,49.2,18.25,1.51,0.085,0.087,5.5,2.2
1582,22.1,10.91,1.41,0.189,0.027,4.4,2.53
1583,25.0,19.36,1.23,0.094,0.783,1.5,0.43
1584,6.3,8.6,2.9,0.065,0.153,5.0,1.05
1585,16.2,10.33,4.18,0.057,0.275,2.4,2.0
1586,30.8,18.4,1.0,0.486,0.022,1.1,2.7
1587,6.2,16.76,2.34,0.372,0.011,6.7,2.51
1588,43.9,11.16,4.25,0.157,0.122,1.0,0.44
1589,215.6,13.52,4.86,0.052,0.664,3.9,2.51
1590,14.6,9.75,7.09,0.246,0.215,6.7,0.32
1591,9.2,17.11,4.47,0.061,0.014,1.9,1.64
1592,28.0,9.78,2.87,0.01,0.693,2.7,1.8
1593,24.0,9.26,1.04,0.073,0.029,8.0,1.15
1594,16.5,15.15,2.5,0.289,0.064,1.4,1.73
1595,11.5,14.59,4.4,0.048,0.941,6.0,0.34
1596,42.9,8.01,1.5,0.061,0.993,1.1,0.87
1597,5.0,10.32,8.46,0.482,0.048,1.5,0.04
1598,7.8,12.83,1.6,0.024,0.023,3.7,0.53
1599,5.8,16.57,5.33,0.052,0.055,4.3,1.42
1600,26.9,9.89,8.83,0.114,0.23,1.3,1.23
1601,67.3,10.69,1.0,0.042,0.207,3.8,0.54
1602,30.1,15.46,2.15,0.026,0.966,2.7,2.26
1603,4.0,8.93,2.04,0.033,0.062,3.2,2.21
1604,57.8,15.77,5.88,0.224,0.299,1.9,2.55
1605,57.5,16.25,9.35,0.013,0.02,8.7,1.09
1606,86.6,9.79,2.03,0.168,0.022,2.4,1.65
1607,10.9,13.67,1.64,0.027,0.038,1.7,1.8
1608,15.2,19.1,8.66,0.037,0.7,3.0,1.5
1609,128.4,18.43,3.52,0.054,0.124,1.3,0.56
1610,132.7,10.09,6.45,0.46,0.081,1.6,2.3
1611,255.0,18.24,6.42,0.016,0.486,2.4,0.35
1612,68.5,14.25,1.37,0.372,0.015,3.4,1.17
1613,298.0,20.0,2.99,0.069,0.149,4.0,0.04
1614,15.6,18.23,3.78,0.276,0.061,2.2,2.22
1615,4.4,13.91,8.06,0.015,0.011,5.0,1.33
1616,124.8,19.3,3.73,0.015,0.086,1.2,0.39
1617,77.0,10.7,1.36,0.038,0.403,6.2,1.03
1618,205.7,13.79,2.92,0.045,0.103,3.4,0.54
1619,54.0,17.62,8.59,0.034,0.35,6.3,0.24
1620,20.4,14.37,4.41,0.022,0.138,1.1,1.4
1621,51.0,12.78,3.48,0.03,0.437,1.8,2.14
1622,163.1,15.53,9.93,0.308,0.769,9.3,1.98
1623,6.0,18.2,1.86,0.129,0.271,1.2,1.16
1624,6.6,10.87,5.14,0.023,0.022,7.2,2.22
1625,13.2,18.06,5.01,0.021,0.062,1.1,2.17
1626,27.5,8.51,5.24,0.495,0.128,1.9,2.0
1627,271.0,15.79,6.4,0.139,0.018,4.9,2.94
1628,84.5,16.77,3.71,0.021,0.017,5.2,2.86
1629,5.0,9.4,1.02,0.034,0.03,4.5,2.05
1630,24.7,8.79,2.49,0.038,0.014,1.8,1.36
1631,46.2,13.22,6.71,0.032,0.111,2.3,0.5
1632,72.8,14.1,7.14,0.264,0.796,5.6,2.77
1633,3.4,9.23,8.56,0.083,0.719,2.5,1.08
1634,16.9,15.14,1.38,0.098,0.167,3.0,0.11
1635,17.1,18.89,1.03,0.356,0.023,3.3,1.62
1636,155.8,19.87,8.81,0.027,0.072,1.3,0.23
1637,6.0,13.46,6.55,0.01,0.013,6.8,1.19
1638,33.1,12.4,3.37,0.038,0.967,9.0,2.35
1639,76.4,9.18,6.21,0.186,0.147,7.0,0.29
1640,285.2,10.7,1.32,0.015,0.023,2.7,2.84
1641,3.4,17.87,1.61,0.113,0.434,8.0,2.82
1642,7.3,13.57,5.28,0.083,0.711,3.6,2.24
1643,183.2,16.91,2.75,0.351,0.091,3.6,2.14
1644,3.9,11.16,2.85,0.101,0.078,1.4,2.03
1645,35.8,14.77,4.0,0.257,0.02,6.1,0.29
1646,257.4,9.21,1.1,0.118,0.171,8.5,1.34
1647,21.7,14.08,1.21,0.045,0.078,1.7,1.92
1648,28.5,15.24,3.73,0.349,0.99,3.7,1.63
1649,31.3,18.22,9.04,0.128,0.014,4.0,0.25
1650,50.5,12.05,3.27,0.419,0.756,2.4,1.31
1651,118.2,19.47,2.23,0.089,0.573,2.1,1.1
1652,28.5,15.64,1.72,0.022,0.087,1.1,1.09
1653,12.1,10.37,1.41,0.373,0.596,3.6,1.96
1654,22.7,14.47,5.27,0.017,0.045,4.2,2.61
1655,45.7,10.89,2.4,0.075,0.035,2.5,2.85
1656,139.6,15.67,6.12,0.403,0.078,1.5,2.81
1657,297.0,11.51,3.4,0.179,0.211,8.5,1.32
1658,120.1,10.29,9.75,0.029,0.184,6.2,2.05
1659,196.7,10.21,1.12,0.034,0.049,2.5,0.39
1660,13.2,8.47,1.9,0.257,0.325,1.4,0.06
1661,219.3,8.01,1.12,0.03,0.017,4.6,0.19
1662,23.9,12.99,1.15,0.055,0.012,2.0,0.88
1663,45.7,12.08,2.01,0.012,0.2,1.5,0.51
1664,8.3,11.24,9.62,0.025,0.105,9.8,1.94
1665,70.6,13.59,2.31,0.378,0.016,2.1,0.25
1666,20.3,11.35,4.22,0.023,0.655,1.5,1.48
1667,3.2,8.61,6.11,0.025,0.132,2.0,2.73
1668,54.7,10.55,1.79,0.01,0.025,2.8,0.52
1669,26.1,12.94,4.19,0.11,0.722,1.4,1.19
1670,279.7,17.86,2.32,0.193,0.02,2.7,1.05
1671,36.8,17.88,6.57,0.038,0.017,2.9,1.06
1672,10.2,16.44,4.06,0.068,0.037,2.0,1.42
1673,4.6,12.64,3.15,0.024,0.061,6.0,2.86
1674,31.0,10.04,8.03,0.406,0.014,9.4,0.29
1675,22.0,8.65,1.04,0.051,0.014,5.0,1.77
1676,296.7,8.47,2.45,0.016,0.177,3.0,1.9
1677,18.5,9.92,4.28,0.029,0.053,4.3,0.47
1678,36.6,18.29,1.84,0.018,0.387,1.6,0.82
1679,23.9,10.12,7.07,0.032,0.951,8.6,0.74
1680,236.4,12.33,3.62,0.304,0.076,2.7,2.41
1681,21.7,11.36,2.69,0.272,0.745,1.0,1.59
1682,208.4,16.78,2.49,0.145,0.034,2.5,2.21
1683,17.4,9.04,4.16,0.088,0.215,2.5,2.12
1684,11.6,18.28,9.25,0.261,0.051,3.8,2.66
1685,7.6,8.88,5.1,0.131,0.762,4.1,0.57
1686,26.4,10.23,1.11,0.064,0.018,3.6,2.85
1687,4.0,9.26,1.37,0.103,0.515,4.4,0.59
1688,8.2,11.68,9.39,0.022,0.919,4.3,0.04
1689,112.7,8.5,5.62,0.051,0.149,6.4,0.68
1690,58.6,11.61,3.16,0.458,0.366,1.5,0.22
1691,6.3,8.81,1.17,0.011,0.195,2.3,1.32
1692,57.9,8.01,1.3,0.023,0.667,3.2,2.21
1693,18.4,13.61,1.63,0.062,0.335,4.1,2.61
1694,156.0,12.84,1.51,0.036,0.086,3.6,2.21
1695,246.7,11.67,2.77,0.123,0.281,7.9,1.18
1696,122.9,12.92,3.2,0.038,0.076,1.8,0.92
1697,3.2,8.16,1.97,0.1,0.029,2.2,1.49
1698,26.1,15.52,5.37,0.112,0.099,4.4,0.96
1699,87.9,9.14,6.29,0.09,0.135,2.8,2.63
1700,3.9,16.14,1.2,0.023,0.193,2.1,2.93
1701,9.7,9.51,3.81,0.038,0.086,3.5,0.19
1702,42.8,14.35,4.81,0.055,0.134,3.1,2.94
1703,126.8,14.89,6.77,0.179,0.039,1.3,1.65
1704,11.5,19.27,2.57,0.038,0.226,4.4,1.8
1705,144.1,14.24,2.57,0.185,0.05,6.4,2.47
1706,6.6,12.88,4.52,0.5,0.071,1.4,2.78
1707,5.8,10.35,3.36,0.017,0.743,1.0,0.12
1708,28.9,15.34,1.01,0.493,0.038,5.0,0.54
1709,55.3,13.89,7.85,0.018,0.037,4.3,0.22
1710,290.3,10.1,6.51,0.011,0.027,1.3,0.15
1711,17.2,8.87,4.19,0.014,0.05,4.8,2.17
1712,100.0,8.34,1.36,0.241,0.037,2.3,1.57
1713,163.4,16.9,4.53,0.109,0.124,2.1,1.07
1714,154.1,13.25,1.51,0.115,0.015,2.6,2.93
1715,7.5,14.99,7.04,0.333,0.217,4.9,0.87
1716,17.4,9.51,4.88,0.124,0.211,2.1,0.97
1717,75.6,16.87,1.36,0.068,0.369,3.1,1.72
1718,3.4,17.14,6.59,0.068,0.038,9.6,1.38
1719,6.8,12.81,1.01,0.061,0.356,3.2,2.29
1720,53.6,14.4,1.58,0.28,0.076,2.3,0.02
1721,19.4,9.18,3.31,0.014,0.02,2.5,1.17
1722,13.0,19.21,1.05,0.126,0.073,2.4,2.68
1723,6.4,14.92,2.15,0.07,0.167,1.1,0.16
1724,5.1,18.7,1.2,0.214,0.184,4.3,1.87
1725,62.5,17.99,1.93,0.078,0.037,1.8,1.03
1726,3.9,12.8,4.52,0.01,0.569,8.7,2.09
1727,16.4,14.25,3.53,0.015,0.093,1.2,1.71
1728,3.8,8.67,5.33,0.43,0.043,1.1,1.92
1729,39.5,8.83,4.15,0.405,0.034,9.3,0.67
1730,4.4,13.49,5.6,0.02,0.516,2.5,1.1
1731,33.0,8.58,1.47,0.304,0.019,3.0,2.65
1732,6.9,8.81,1.25,0.232,0.034,1.1,0.04
1733,98.0,13.81,8.5,0.125,0.095,6.8,2.79
1734,63.6,19.25,9.07,0.015,0.107,8.8,0.13
1735,193.4,16.01,3.8,0.011,0.024,5.8,1.81
1736,118.3,11.06,3.81,0.016,0.015,5.7,0.59
1737,4.9,16.06,3.09,0.134,0.567,1.6,2.32
1738,86.6,11.03,7.9,0.298,0.066,4.3,1.27
1739,4.6,13.84,3.33,0.017,0.885,2.2,1.73
1740,121.3,11.32,1.93,0.093,0.015,2.3,1.15
1741,4.0,13.79,1.07,0.03,0.015,1.3,0.15
1742,10.2,15.43,1.62,0.368,0.288,1.3,2.5
1743,194.6,17.27,1.29,0.083,0.124,5.4,2.84
1744,118.5,14.38,4.27,0.015,0.013,4.1,1.93
1745,8.3,17.47,5.47,0.334,0.013,3.2,1.31
1746,54.5,14.77,2.99,0.034,0.013,3.6,2.5
1747,5.5,16.69,1.58,0.024,0.024,5.1,1.19
1748,13.6,11.33,4.18,0.03,0.06,2.9,1.69
1749,3.7,15.05,1.65,0.35,0.181,6.0,2.55
1750,24.5,9.91,1.38,0.014,0.121,1.2,1.33
1751,3.7,9.77,6.17,0.016,0.652,7.0,1.69
1752,33.5,19.97,4.79,0.098,0.416,4.3,0.94
1753,220.6,9.84,5.5,0.102,0.094,6.9,1.4
1754,9.5,17.44,5.98,0.024,0.391,1.1,0.69
1755,118.9,17.68,1.06,0.025,0.013,5.6,1.08
1756,13.8,16.74,9.7,0.256,0.014,8.5,0.1
1757,22.3,8.6,3.16,0.058,0.364,6.0,0.1
1758,16.4,11.71,1.23,0.367,0.193,1.9,2.87
1759,14.0,17.58,2.64,0.042,0.049,5.8,2.93
1760,83.9,17.12,2.73,0.039,0.06,8.5,1.18
1761,13.8,10.95,3.56,0.102,0.71,1.4,2.75
1762,118.0,14.1,1.57,0.041,0.909,2.1,1.45
1763,9.8,8.49,3.34,0.144,0.017,4.8,1.28
1764,202.2,14.56,2.44,0.018,0.033,7.1,1.08
1765,52.1,10.44,1.74,0.025,0.262,6.9,1.72
1766,3.0,8.11,8.52,0.026,0.058,8.4,1.67
1767,105.2,11.61,1.71,0.276,0.124,1.4,1.37
1768,171.4,10.01,1.48,0.049,0.105,6.0,2.12
1769,222.4,17.91,3.29,0.24,0.017,1.4,1.19
1770,3.9,14.54,3.58,0.423,0.207,3.3,1.8
1771,126.6,8.3,2.22,0.072,0.017,1.1,2.8
1772,4.8,13.64,2.62,0.014,0.011,6.7,0.46
1773,3.2,18.58,1.64,0.445,0.965,5.3,2.24
1774,26.7,18.71,9.99,0.336,0.019,2.0,1.61
1775,96.2,11.6,3.63,0.166,0.048,1.1,1.69
1776,34.6,8.74,3.1,0.379,0.167,7.0,1.43
1777,36.4,17.06,1.05,0.012,0.031,5.9,1.84
1778,53.5,10.78,9.31,0.428,0.319,2.1,2.49
1779,23.8,12.73,3.78,0.012,0.114,1.2,0.33
1780,36.9,16.26,1.66,0.014,0.213,6.6,2.14
1781,29.6,10.19,7.44,0.17,0.136,5.8,2.08
1782,11.8,8.6,5.67,0.044,0.257,7.5,2.16
1783,17.1,13.43,3.48,0.177,0.021,2.8,1.16
1784,190.4,14.46,4.46,0.207,0.066,1.2,2.1
1785,3.1,8.69,7.7,0.026,0.547,6.1,0.56
1786,38.4,15.21,3.88,0.028,0.102,2.5,2.94
1787,20.8,12.44,5.42,0.013,0.018,2.8,0.25
1788,9.6,8.26,9.69,0.031,0.254,4.2,0.72
1789,7.5,13.94,1.04,0.078,0.81,2.5,0.1
1790,13.2,10.53,3.43,0.277,0.273,2.0,0.17
1791,15.4,8.06,2.69,0.092,0.368,1.0,0.76
1792,43.0,9.98,2.24,0.347,0.014,1.7,2.08
1793,201.9,16.37,7.41,0.306,0.025,1.1,1.82
1794,118.6,8.86,1.17,0.094,0.282,4.4,2.08
1795,113.3,11.41,1.21,0.014,0.048,2.8,2.71
1796,80.7,8.85,2.71,0.037,0.081,5.9,0.7
1797,4.5,12.93,2.74,0.027,0.526,2.5,0.28
1798,6.7,16.21,1.38,0.422,0.341,1.8,2.12
1799,9.4,9.02,5.04,0.071,0.014,1.0,2.46
1800,6.5,12.11,4.13,0.104,0.058,2.1,0.97
1801,33.7,12.88,1.75,0.072,0.925,1.9,0.94
1802,5.1,14.83,1.55,0.095,0.334,4.4,1.59
1803,20.4,12.64,2.07,0.032,0.413,7.7,0.06
1804,8.8,8.41,1.38,0.01,0.018,1.7,1.61
1805,21.4,9.6,7.54,0.025,0.363,7.7,1.15
1806,14.7,19.73,6.3,0.017,0.277,2.3,2.56
1807,23.6,9.38,6.88,0.382,0.016,5.2,2.79
1808,146.3,14.11,3.49,0.02,0.404,4.2,1.7
1809,29.4,15.44,2.65,0.051,0.036,4.2,0.38
1810,72.4,10.03,3.57,0.253,0.018,2.1,1.51
1811,6.9,17.74,2.83,0.095,0.04,1.1,2.1
1812,5.5,17.56,6.21,0.146,0.413,1.6,1.77
1813,10.2,8.8,2.61,0.014,0.17,4.6,2.0
1814,215.0,9.79,9.19,0.014,0.74,1.4,1.03
1815,169.4,11.18,5.77,0.202,0.269,1.8,1.69
1816,3.8,18.85,4.38,0.175,0.963,1.3,0.31
1817,68.4,9.01,1.25,0.116,0.069,5.6,1.14
1818,174.6,15.43,2.11,0.15,0.015,3.0,1.97
1819,168.3,16.86,2.48,0.049,0.089,8.8,2.53
1820,26.9,12.03,1.7,0.12,0.219,5.3,0.0
1821,110.4,15.2,1.65,0.186,0.01,2.7,1.73
1822,5.9,12.74,2.04,0.012,0.033,3.7,1.74
1823,6.0,16.9,5.1,0.219,0.192,1.3,1.66
1824,39.4,13.83,1.23,0.022,0.126,6.7,0.48
1825,70.9,8.94,5.54,0.046,0.035,5.0,1.35
1826,87.1,8.39,3.98,0.026,0.07,2.3,2.12
1827,16.8,10.56,1.73,0.011,0.272,3.6,0.73
1828,55.5,18.89,3.9,0.468,0.485,5.3,0.74
1829,12.7,8.88,3.08,0.077,0.039,4.1,0.96
1830,35.5,12.04,4.26,0.038,0.058,1.3,2.7
1831,25.6,8.32,4.59,0.022,0.57,4.6,1.0
1832,141.6,16.59,2.45,0.314,0.112,2.5,2.55
1833,7.5,12.08,4.65,0.222,0.093,3.5,1.79
1834,11.4,19.66,1.74,0.015,0.33,5.3,1.34
1835,10.9,8.26,9.1,0.101,0.113,1.2,0.27
1836,127.1,16.31,1.69,0.299,0.016,2.2,2.03
1837,7.4,8.87,2.33,0.247,0.41,7.4,1.81
1838,299.4,16.52,1.8,0.011,0.425,1.5,2.73
1839,44.8,11.72,1.69,0.05,0.015,1.6,2.1
1840,3.6,12.44,2.86,0.098,0.044,1.6,2.3
1841,4.9,13.27,6.85,0.013,0.05,2.8,2.54
1842,261.0,15.82,1.8,0.04,0.403,4.0,0.27
1843,53.5,14.01,4.7,0.175,0.012,1.1,1.82
1844,32.9,10.28,3.26,0.05,0.016,2.0,2.68
1845,129.5,19.68,7.67,0.141,0.291,9.7,2.92
1846,54.1,19.34,6.9,0.018,0.29,1.9,1.42
1847,15.0,9.36,5.08,0.036,0.127,6.5,0.83
1848,84.0,12.67,1.98,0.234,0.026,8.2,0.51
1849,180.1,12.37,3.29,0.165,0.098,3.8,0.8
1850,16.1,11.32,3.35,0.032,0.147,1.2,2.27
1851,93.6,13.24,2.29,0.101,0.045,9.5,0.89
1852,14.2,8.15,5.19,0.014,0.318,1.0,2.01
1853,4.9,12.5,1.11,0.441,0.785,2.6,2.82
1854,69.1,8.39,4.04,0.031,0.196,6.6,2.77
1855,8.5,9.17,6.28,0.147,0.04,7.3,1.97
1856,12.4,16.16,1.53,0.267,0.011,5.4,2.06
1857,20.1,9.2,1.26,0.031,0.163,5.4,1.89
1858,36.6,10.78,4.44,0.017,0.026,3.4,2.69
1859,19.4,8.7,3.47,0.21,0.036,2.8,2.53
1860,8.6,19.82,1.75,0.44,0.048,8.6,2.92
1861,193.7,16.06,3.24,0.024,0.155,3.8,0.15
1862,4.3,10.9,2.26,0.019,0.073,8.9,2.77
1863,251.9,13.56,2.11,0.034,0.689,9.1,1.39
1864,81.9,9.05,1.84,0.082,0.095,2.9,1.84
1865,185.4,8.39,3.82,0.384,0.317,2.3,2.13
1866,123.9,10.6,9.83,0.456,0.414,2.1,0.69
1867,69.8,14.51,5.19,0.484,0.041,1.1,2.04
1868,19.8,10.75,1.86,0.099,0.399,8.3,1.4
1869,94.5,8.39,1.53,0.049,0.603,1.3,2.1
1870,201.8,12.01,1.53,0.018,0.013,1.3,1.86
1871,56.4,9.97,1.41,0.092,0.112,9.3,0.52
1872,11.8,15.25,4.55,0.387,0.065,2.1,0.51
1873,39.7,8.79,2.43,0.319,0.206,2.7,2.81
1874,19.5,12.43,1.13,0.062,0.034,1.2,2.15
1875,66.7,16.27,1.09,0.096,0.488,9.7,0.46
1876,87.1,17.44,7.5,0.268,0.186,7.6,2.88
1877,35.7,9.77,2.88,0.101,0.048,2.1,2.92
1878,256.8,19.1,6.66,0.01,0.016,1.2,2.45
1879,14.8,8.58,1.48,0.158,0.022,1.5,1.21
1880,129.6,10.88,1.39,0.124,0.149,6.5,0.84
1881,50.1,10.59,5.15,0.139,0.17,3.1,0.79
1882,108.6,19.97,6.81,0.131,0.259,1.3,1.08
1883,9.8,12.07,1.22,0.43,0.011,6.9,0.65
1884,15.4,14.65,4.8,0.094,0.16,9.0,1.74
1885,51.5,8.44,5.21,0.413,0.77,4.2,2.21
1886,237.2,14.95,4.83,0.04,0.027,1.2,1.96
1887,5.5,10.93,4.61,0.031,0.012,5.7,1.38
1888,12.1,15.74,1.68,0.099,0.013,5.2,2.6
1889,53.3,13.49,1.14,0.468,0.097,4.6,2.47
1890,11.2,13.14,4.51,0.222,0.323,2.6,2.23
1891,6.3,10.72,3.59,0.042,0.012,9.6,1.34
1892,122.7,9.8,1.56,0.073,0.094,1.0,2.49
1893,82.4,8.47,1.09,0.266,0.746,4.5,0.95
1894,14.2,12.38,7.0,0.058,0.188,2.1,1.63
1895,4.0,17.5,1.4,0.169,0.032,5.5,1.68
1896,50.6,11.37,4.01,0.189,0.01,1.7,1.34
1897,10.6,8.04,6.73,0.451,0.094,1.1,0.4
1898,43.5,18.76,7.31,0.015,0.111,5.6,0.93
1899,100.7,15.89,2.08,0.103,0.532,1.4,1.11
1900,45.2,17.55,6.09,0.227,0.257,8.0,2.48
1901,25.1,12.33,1.03,0.033,0.415,6.6,1.06
1902,133.1,16.68,1.29,0.018,0.035,1.5,0.78
1903,3.4,12.74,5.83,0.112,0.019,1.5,2.57
1904,10.7,17.71,1.49,0.032,0.063,1.4,0.94
1905,191.8,14.49,6.81,0.013,0.067,8.3,0.97
1906,72.4,16.22,5.33,0.022,0.125,6.5,2.08
1907,8.7,13.92,2.51,0.164,0.057,1.6,1.81
1908,35.5,16.37,1.74,0.287,0.082,5.5,2.04
1909,9.9,9.48,4.75,0.081,0.021,1.2,2.19
1910,34.4,8.94,1.79,0.011,0.554,5.4,0.06
1911,111.7,14.74,5.96,0.276,0.155,1.8,0.88
1912,8.4,9.43,3.14,0.064,0.023,6.0,0.06
1913,19.0,12.88,4.09,0.122,0.024,2.1,2.03
1914,5.3,9.59,1.48,0.247,0.572,3.6,2.45
1915,33.2,11.52,6.7,0.348,0.071,7.7,2.61
1916,49.1,19.06,1.2,0.039,0.64,1.5,1.9
1917,9.7,8.49,7.05,0.039,0.704,4.8,2.86
1918,13.5,10.43,5.36,0.264,0.111,7.9,0.2
1919,3.5,11.33,2.28,0.071,0.168,3.7,2.21
1920,3.1,9.15,5.83,0.013,0.65,4.2,0.38
1921,4.5,8.8,2.51,0.234,0.29,1.6,0.96
1922,3.6,11.08,2.87,0.086,0.098,2.6,1.63
1923,9.7,10.27,8.72,0.097,0.562,5.3,2.91
1924,13.2,11.72,2.59,0.115,0.329,7.0,1.36
1925,80.6,12.16,1.08,0.215,0.014,7.4,2.7
1926,268.8,14.11,1.9,0.227,0.031,1.3,2.84
1927,180.5,8.6,5.0,0.059,0.089,7.4,1.8
1928,4.8,19.29,1.04,0.081,0.015,1.7,0.08
1929,51.7,14.29,4.97,0.221,0.014,1.3,1.04
1930,5.1,8.65,1.48,0.028,0.13,5.2,0.91
1931,252.7,9.42,8.33,0.041,0.09,6.6,1.77
1932,5.8,11.94,6.77,0.025,0.921,2.3,1.48
1933,6.8,8.55,2.71,0.167,0.04,5.4,2.55
1934,49.2,12.84,8.67,0.05,0.45,9.9,0.04
1935,14.1,10.45,6.39,0.071,0.042,1.5,2.81
1936,70.4,8.83,4.42,0.028,0.433,3.2,2.34
1937,58.5,9.21,6.52,0.096,0.145,3.4,1.03
1938,4.9,11.91,1.09,0.236,0.19,1.5,1.04
1939,5.4,15.35,1.4,0.397,0.026,4.5,1.7
1940,99.1,10.97,7.88,0.04,0.718,1.3,0.18
1941,3.9,16.13,3.96,0.024,0.09,6.3,2.71
1942,77.8,18.54,6.81,0.113,0.558,1.7,2.43
1943,9.6,17.09,7.1,0.035,0.036,1.6,2.84
1944,3.6,9.57,1.57,0.05,0.329,1.9,2.76
1945,46.1,10.05,8.62,0.055,0.064,1.1,2.77
1946,289.4,8.12,9.16,0.06,0.094,4.7,1.15
1947,62.8,9.61,9.38,0.119,0.033,1.6,2.23
1948,3.5,19.48,2.06,0.023,0.684,2.1,1.63
1949,14.1,11.04,1.16,0.023,0.128,2.1,2.86
1950,24.3,8.01,5.49,0.33,0.726,3.6,1.85
1951,157.0,10.28,1.53,0.137,0.225,1.7,2.69
1952,37.5,8.98,7.66,0.105,0.045,2.1,0.3
1953,15.4,12.69,7.35,0.348,0.05,1.9,2.23
1954,7.5,14.11,6.0,0.252,0.029,1.2,0.47
1955,13.6,9.31,1.27,0.489,0.087,3.8,0.26
1956,4.1,16.87,1.7,0.043,0.468,4.5,2.09
1957,4.3,17.44,4.43,0.176,0.091,3.7,1.23
1958,11.5,10.96,1.72,0.036,0.305,5.7,1.07
1959,7.0,14.57,2.51,0.05,0.025,6.2,2.82
1960,103.9,8.85,2.46,0.055,0.964,2.1,2.84
1961,138.7,16.74,7.68,0.017,0.036,4.7,0.9
1962,4.6,9.91,2.26,0.036,0.169,6.6,0.26
1963,9.5,12.28,3.63,0.266,0.032,2.0,1.52
1964,24.4,8.02,2.29,0.012,0.02,1.2,1.36
1965,167.8,10.76,8.44,0.019,0.038,4.1,0.2
1966,4.3,17.93,1.76,0.082,0.018,1.9,0.83
1967,9.1,11.96,7.04,0.244,0.173,3.9,2.5
1968,48.2,18.05,3.76,0.036,0.035,1.0,2.51
1969,16.9,12.0,1.05,0.172,0.289,1.0,0.6
1970,27.6,10.59,1.06,0.086,0.031,1.9,0.68
1971,16.8,19.13,4.49,0.027,0.144,1.1,1.38
1972,7.0,9.95,2.06,0.301,0.02,1.6,2.04
1973,156.6,14.73,3.04,0.133,0.011,7.9,2.5
1974,140.2,11.7,3.03,0.062,0.064,1.4,0.32
1975,31.1,12.42,2.38,0.014,0.241,6.1,0.91
1976,83.1,13.42,7.92,0.093,0.029,1.9,1.46
1977,8.2,15.84,2.03,0.209,0.102,1.7,1.53
1978,11.0,11.44,1.39,0.22,0.06,1.3,1.91
1979,4.2,11.18,1.65,0.037,0.1,7.6,0.26
1980,8.9,12.18,4.91,0.172,0.024,2.1,0.67
1981,25.4,13.9,1.81,0.199,0.021,1.5,1.56
1982,49.1,16.84,1.43,0.016,0.014,4.3,0.97
1983,26.2,18.93,5.58,0.071,0.01,2.6,0.22
1984,18.1,15.01,3.19,0.022,0.192,3.4,2.94
1985,3.2,19.89,3.35,0.031,0.331,8.7,0.77
1986,241.9,11.19,4.02,0.381,0.016,6.7,2.23
1987,85.0,15.83,1.57,0.011,0.105,1.2,0.91
1988,23.9,8.48,7.31,0.412,0.049,6.7,0.95
1989,3.1,15.96,2.51,0.057,0.14,4.7,2.77
1990,160.5,8.45,1.08,0.313,0.014,2.4,1.99
1991,207.1,15.03,7.2,0.119,0.167,5.1,0.77
1992,3.6,8.09,2.77,0.074,0.47,1.4,1.69
1993,3.8,14.85,4.36,0.057,0.22,9.5,1.86
1994,69.7,14.56,3.69,0.024,0.258,6.8,0.51
1995,60.7,19.44,3.79,0.331,0.044,1.2,1.21
1996,37.2,8.87,1.11,0.02,0.029,2.0,1.65
1997,77.5,13.58,3.54,0.129,0.768,1.2,2.24
1998,4.1,15.53,8.29,0.011,0.931,9.3,1.35
1999,17.1,16.64,2.2,0.011,0.54,9.9,1.12
2000,7.7,16.89,1.94,0.012,0.049,5.6,2.13
2001,4.5,10.74,6.1,0.24,0.043,1.5,1.0
2002,14.1,11.66,1.23,0.053,0.547,1.0,0.97
2003,4.3,8.53,8.16,0.049,0.566,4.6,0.8
2004,35.8,12.79,6.01,0.453,0.017,4.2,2.71
2005,284.2,17.26,4.1,0.081,0.075,4.1,2.39
2006,124.0,9.3,3.26,0.028,0.014,1.1,0.83
2007,96.2,17.75,1.73,0.252,0.089,1.9,1.75
2008,27.3,18.98,2.09,0.057,0.241,5.8,0.21
2009,93.9,14.5,6.37,0.148,0.1,1.5,0.37
2010,74.6,15.58,4.17,0.076,0.041,1.6,0.01
2011,55.5,16.91,7.15,0.199,0.173,2.3,2.58
2012,26.5,15.46,5.48,0.011,0.015,5.9,2.71
2013,129.5,17.57,4.59,0.147,0.208,3.7,1.75
2014,24.2,18.89,4.78,0.122,0.064,5.2,1.22
2015,34.7,12.57,8.16,0.013,0.3,1.8,0.55
2016,33.5,16.91,3.33,0.299,0.388,1.9,2.65
2017,88.1,12.0,1.73,0.019,0.016,1.1,0.57
2018,108.0,14.27,9.86,0.381,0.789,9.1,1.4
2019,38.8,8.65,1.49,0.012,0.132,9.4,2.7
2020,3.0,8.98,2.16,0.136,0.025,7.3,1.64
2021,123.6,8.19,1.21,0.194,0.027,4.0,1.86
2022,50.7,11.7,1.17,0.268,0.024,1.5,0.54
2023,32.5,18.24,7.52,0.018,0.093,6.3,0.21
2024,172.1,8.54,2.48,0.258,0.204,3.9,0.87
2025,87.2,10.88,1.51,0.019,0.635,6.1,1.14
2026,30.3,12.39,2.05,0.03,0.156,2.9,1.22
2027,9.1,9.12,3.37,0.5,0.058,1.6,2.47
2028,5.5,18.41,5.66,0.396,0.012,1.3,2.95
2029,3.9,18.92,8.42,0.256,0.354,2.5,2.14
2030,88.3,19.47,5.43,0.025,0.048,3.0,1.52
2031,69.0,10.14,1.16,0.182,0.019,1.3,1.2
2032,59.3,8.08,5.42,0.032,0.043,5.5,0.05
2033,166.7,15.59,8.96,0.193,0.265,2.0,0.38
2034,36.5,15.02,5.42,0.177,0.021,4.6,1.42
2035,4.5,9.07,4.77,0.096,0.033,3.5,0.05
2036,164.1,11.21,1.51,0.088,0.07,1.0,0.63
2037,171.0,9.72,6.69,0.026,0.52,1.6,1.44
2038,87.5,12.82,1.23,0.057,0.343,1.1,2.49
2039,16.0,11.8,1.86,0.012,0.057,5.7,0.56
2040,64.9,12.57,4.37,0.04,0.508,6.9,2.46
2041,99.5,11.1,2.18,0.116,0.138,2.8,2.0
2042,8.6,18.24,7.21,0.465,0.025,1.4,1.74
2043,7.3,12.71,7.7,0.387,0.099,1.4,1.31
2044,11.3,15.71,1.83,0.076,0.24,5.2,0.49
2045,272.1,16.16,1.0,0.295,0.169,4.7,0.9
2046,3.7,16.92,6.32,0.084,0.213,1.1,2.48
2047,266.1,13.78,3.38,0.432,0.043,1.2,1.6
2048,69.7,13.97,2.35,0.055,0.048,1.8,1.09
2049,131.5,13.53,3.14,0.042,0.127,2.8,2.17
2050,20.9,11.58,5.37,0.025,0.012,1.6,0.46
2051,22.1,9.27,1.15,0.011,0.027,2.7,1.47
2052,87.7,14.57,8.2,0.151,0.072,4.0,2.34
2053,9.8,11.92,6.73,0.067,0.052,4.0,2.51
2054,50.5,12.62,2.84,0.032,0.053,3.9,1.89
2055,262.9,10.63,9.77,0.4,0.01,1.2,0.18
2056,53.5,13.87,1.29,0.014,0.944,1.4,1.56
2057,261.5,10.44,3.42,0.015,0.351,6.5,2.38
2058,89.9,13.09,7.22,0.126,0.162,1.3,1.47
2059,15.4,18.36,5.96,0.013,0.072,4.7,1.95
2060,78.4,9.78,5.57,0.218,0.639,7.8,1.93
2061,31.7,9.59,2.18,0.097,0.049,7.7,1.97
2062,64.5,15.28,7.7,0.364,0.015,9.4,2.48
2063,210.0,16.09,3.35,0.199,0.032,2.5,1.38
2064,24.2,12.6,1.06,0.107,0.207,4.4,0.5
2065,14.0,19.73,3.85,0.11,0.11,3.8,1.44
2066,23.5,14.93,1.95,0.032,0.035,2.8,0.97
2067,31.4,11.61,1.68,0.015,0.659,1.3,0.06
2068,9.5,15.03,1.33,0.048,0.042,1.0,2.84
2069,16.2,19.27,2.79,0.258,0.094,1.9,0.03
2070,8.2,19.69,2.74,0.011,0.207,2.8,0.48
2071,287.9,13.57,1.3,0.142,0.011,8.8,0.71
2072,36.1,10.34,6.14,0.023,0.027,3.6,0.93
2073,92.0,14.03,5.68,0.142,0.042,7.3,0.27
2074,74.2,14.78,9.62,0.462,0.059,4.0,0.47
2075,3.1,13.14,3.09,0.063,0.502,2.0,2.72
2076,70.5,15.12,1.28,0.012,0.063,2.2,1.51
2077,8.9,15.64,6.81,0.054,0.44,1.7,1.82
2078,7.2,12.61,1.83,0.068,0.21,6.0,1.98
2079,11.9,9.64,1.42,0.029,0.012,1.2,2.18
2080,77.6,16.47,7.55,0.037,0.205,8.4,2.41
2081,3.1,15.26,1.78,0.122,0.192,1.8,1.45
2082,98.5,10.44,2.88,0.036,0.47,2.3,1.16
2083,69.0,10.35,8.28,0.415,0.013,2.0,0.75
2084,55.6,12.76,1.77,0.01,0.076,1.7,2.29
2085,53.1,10.78,1.62,0.222,0.31,4.0,1.04
2086,6.7,11.11,4.33,0.017,0.033,1.2,2.22
2087,52.4,8.24,8.34,0.021,0.593,3.4,1.38
2088,8.7,10.15,2.32,0.45,0.137,2.4,0.69
2089,23.2,11.09,2.65,0.12,0.115,1.3,1.31
2090,11.4,9.84,4.19,0.023,0.081,2.2,2.84
2091,21.6,13.55,2.23,0.045,0.741,1.6,2.12
2092,100.8,12.69,8.03,0.101,0.012,4.9,2.11
2093,27.0,19.21,2.44,0.344,0.166,2.2,0.41
2094,59.0,8.6,3.65,0.398,0.016,8.0,0.08
2095,15.2,15.32,5.51,0.135,0.093,6.0,0.18
2096,53.6,14.66,2.49,0.357,0.017,4.1,2.6
2097,44.7,10.54,8.7,0.228,0.04,5.5,1.86
2098,8.3,15.7,9.73,0.014,0.625,1.1,1.55
2099,69.6,11.19,7.45,0.159,0.112,3.2,2.86
2100,117.0,17.3,2.19,0.078,0.024,8.7,1.5
2101,5.8,12.73,1.23,0.071,0.023,1.0,2.31
2102,6.2,12.56,7.84,0.018,0.063,1.4,0.25
2103,163.0,9.16,2.49,0.045,0.032,4.4,0.82
2104,5.7,18.27,1.22,0.033,0.195,2.8,1.64
2105,6.3,12.89,8.02,0.046,0.417,1.2,0.77
2106,273.2,13.48,1.46,0.158,0.089,1.0,1.79
2107,28.0,10.16,5.58,0.145,0.031,1.4,2.39
2108,21.2,16.0,1.89,0.127,0.023,2.4,0.71
2109,32.3,15.0,1.66,0.214,0.086,2.2,1.87
2110,106.5,16.03,5.7,0.053,0.083,3.4,1.31
2111,4.4,9.25,1.61,0.047,0.153,1.8,2.4
2112,263.0,15.98,3.67,0.017,0.082,1.3,2.21
2113,79.3,10.03,6.63,0.059,0.556,1.3,1.48
2114,104.4,11.83,4.28,0.018,0.029,9.4,1.78
2115,106.8,13.17,3.79,0.419,0.106,3.5,1.14
2116,174.4,15.85,2.23,0.097,0.02,2.4,0.21
2117,8.2,15.34,7.46,0.015,0.033,6.5,1.57
2118,43.3,10.42,1.23,0.013,0.646,7.3,1.59
2119,125.2,12.54,4.84,0.136,0.669,5.2,2.4
2120,98.7,14.5,7.94,0.058,0.097,2.9,0.0
2121,17.2,10.91,7.4,0.017,0.703,7.3,2.01
2122,8.1,18.28,1.66,0.244,0.03,2.0,1.43
2123,49.6,12.85,1.28,0.034,0.015,3.8,1.41
2124,69.6,16.11,1.84,0.036,0.279,6.3,0.91
2125,3.1,8.73,2.89,0.107,0.012,1.2,0.24
2126,109.0,17.21,3.01,0.089,0.024,2.0,2.62
2127,7.9,9.92,2.13,0.131,0.678,9.5,1.31
2128,24.8,19.37,2.54,0.042,0.016,4.6,2.41
2129,49.3,8.6,8.22,0.06,0.292,9.9,1.56
2130,4.9,15.56,5.25,0.026,0.132,3.7,0.17
2131,6.1,9.25,2.95,0.021,0.189,2.5,2.84
2132,30.0,14.7,1.79,0.018,0.011,1.6,0.44
2133,225.5,10.53,2.96,0.15,0.025,2.5,2.3
2134,91.9,8.59,2.24,0.05,0.071,1.3,0.67
2135,166.6,10.47,1.16,0.028,0.119,3.1,0.91
2136,3.6,14.06,3.92,0.043,0.376,1.3,0.04
2137,200.6,8.82,5.61,0.223,0.045,9.7,2.15
2138,7.2,8.58,5.79,0.257,0.013,1.9,2.16
2139,74.1,11.14,6.15,0.073,0.16,6.0,1.99
2140,176.2,12.43,4.63,0.157,0.339,1.1,2.95
2141,4.5,8.22,4.32,0.089,0.48,5.6,1.15
2142,60.0,10.22,3.92,0.124,0.317,2.1,1.12
2143,138.1,17.18,3.5,0.015,0.19,7.9,2.33
2144,9.7,18.4,2.64,0.061,0.149,8.0,1.93
2145,29.3,14.19,2.71,0.029,0.727,1.6,0.41
2146,142.9,9.92,9.16,0.012,0.523,3.8,2.86
2147,48.2,8.17,1.12,0.011,0.138,2.7,1.6
2148,11.2,11.27,1.68,0.107,0.014,3.4,2.64
2149,70.5,14.67,5.21,0.034,0.027,1.4,2.43
2150,23.1,17.83,1.96,0.374,0.061,7.4,1.6
2151,4.7,18.07,2.54,0.022,0.028,4.4,1.19
2152,193.5,9.63,1.63,0.011,0.013,7.0,2.77
2153,19.8,12.64,2.92,0.018,0.872,2.2,0.8
2154,65.7,11.19,6.47,0.013,0.216,1.5,0.28
2155,8.0,11.95,2.6,0.022,0.016,1.1,1.86
2156,3.6,13.38,3.37,0.078,0.208,3.8,1.45
2157,242.7,16.14,7.45,0.016,0.065,6.1,0.61
2158,9.3,9.63,1.03,0.038,0.059,6.4,0.4
2159,165.5,19.71,2.29,0.041,0.012,4.1,2.62
2160,40.9,11.58,1.34,0.012,0.764,1.1,1.25
2161,7.7,12.12,5.42,0.02,0.459,1.4,0.61
2162,43.8,8.94,1.54,0.118,0.117,4.1,1.44
2163,13.0,12.47,1.25,0.243,0.045,5.9,1.44
2164,3.6,8.14,8.99,0.031,0.052,1.0,0.03
2165,165.5,19.5,1.71,0.195,0.099,4.8,1.16
2166,13.6,9.56,6.27,0.015,0.047,7.1,0.42
2167,36.2,8.15,2.0,0.058,0.04,2.4,0.49
2168,62.9,18.88,1.68,0.321,0.803,1.5,2.24
2169,4.6,8.82,4.74,0.024,0.341,3.9,1.26
2170,12.5,15.73,5.72,0.181,0.014,2.8,2.39
2171,22.1,13.32,2.3,0.286,0.031,3.6,0.85
2172,4.8,11.59,2.28,0.276,0.06,1.2,2.43
2173,150.0,12.36,3.0,0.104,0.061,9.1,2.27
2174,124.7,14.62,2.41,0.107,0.013,1.4,1.81
2175,5.4,12.97,2.53,0.399,0.895,4.2,2.67
2176,136.5,9.13,1.94,0.028,0.061,3.7,1.45
2177,25.7,16.15,3.28,0.082,0.079,3.0,1.21
2178,3.5,12.45,1.83,0.015,0.048,8.8,0.79
2179,18.4,13.8,2.33,0.04,0.414,2.4,2.21
2180,151.5,11.86,5.53,0.171,0.099,1.3,2.23
2181,10.6,12.14,8.31,0.018,0.574,2.7,0.81
2182,5.6,13.13,1.12,0.095,0.019,1.0,0.53
2183,29.2,11.07,4.45,0.348,0.18,3.9,0.52
2184,3.0,8.59,2.9,0.32,0.055,5.0,0.26
2185,31.5,15.2,1.74,0.204,0.035,8.6,2.0
2186,8.7,11.01,1.46,0.282,0.047,7.7,1.32
2187,16.5,9.77,1.01,0.022,0.099,7.3,0.41
2188,4.8,14.77,2.6,0.128,0.825,3.8,2.18
2189,108.6,13.17,1.14,0.19,0.492,5.0,1.87
2190,71.9,11.25,1.76,0.057,0.907,4.8,1.55
2191,11.6,19.25,1.32,0.076,0.234,4.2,0.01
2192,30.2,16.02,3.75,0.097,0.836,3.9,0.45
2193,4.6,9.61,5.0,0.026,0.01,6.2,2.15
2194,27.8,15.48,9.85,0.463,0.1,2.9,1.83
2195,75.0,9.1,2.61,0.013,0.037,3.8,0.49
2196,21.1,11.48,3.69,0.204,0.452,1.8,0.8
2197,14.6,16.07,2.46,0.088,0.014,5.1,2.53
2198,6.6,18.68,7.32,0.04,0.098,4.3,0.1
2199,76.1,10.65,1.01,0.403,0.089,4.2,1.69
2200,19.0,8.25,7.86,0.017,0.023,4.1,0.29
2201,102.9,10.52,5.55,0.011,0.132,2.6,0.95
2202,26.8,16.78,7.52,0.326,0.082,5.2,2.1
2203,103.1,11.11,7.06,0.099,0.01,1.3,2.02
2204,296.0,14.71,3.28,0.152,0.196,4.1,0.88
2205,84.6,11.75,2.37,0.022,0.012,1.1,0.57
2206,8.5,19.0,5.04,0.015,0.059,5.3,0.64
2207,23.6,13.18,2.11,0.012,0.081,1.9,1.99
2208,7.7,13.39,1.88,0.027,0.057,2.2,2.16
2209,17.2,9.65,6.75,0.392,0.82,2.7,2.21
2210,3.1,9.81,1.34,0.251,0.437,9.4,0.96
2211,76.3,19.19,1.19,0.051,0.226,8.9,0.05
2212,68.9,12.38,7.05,0.121,0.058,2.5,1.91
2213,214.9,16.35,3.37,0.018,0.1,1.4,1.92
2214,133.9,8.23,3.5,0.349,0.609,2.1,2.21
2215,18.3,9.45,5.05,0.319,0.207,1.2,0.0
2216,34.7,9.36,1.94,0.019,0.023,3.2,2.46
2217,10.3,13.95,8.03,0.079,0.229,2.7,1.02
2218,57.6,13.94,1.99,0.25,0.397,7.2,0.21
2219,121.9,13.88,6.6,0.034,0.631,1.1,2.53
2220,15.3,19.53,2.14,0.066,0.316,4.8,2.39
2221,7.4,14.67,2.33,0.073,0.616,9.1,0.3
2222,7.6,9.29,2.05,0.011,0.03,6.9,1.71
2223,89.7,8.8,9.59,0.084,0.011,2.3,1.91
2224,245.7,13.67,2.83,0.414,0.085,4.2,2.2
2225,69.4,14.18,7.92,0.105,0.394,1.7,2.45
2226,54.8,15.63,3.61,0.017,0.107,8.0,1.62
2227,95.8,8.05,3.89,0.058,0.142,2.0,2.29
2228,47.3,8.44,5.98,0.175,0.113,1.5,2.35
2229,17.8,10.74,3.76,0.289,0.016,2.2,0.28
2230,194.9,15.88,1.33,0.049,0.171,3.0,2.66
2231,41.5,16.62,8.82,0.126,0.915,1.6,0.18
2232,4.3,17.91,7.91,0.018,0.06,3.8,1.1
2233,6.5,8.7,3.23,0.298,0.387,1.2,0.17
2234,221.3,13.23,1.84,0.041,0.037,3.0,0.11
2235,7.1,18.82,6.61,0.293,0.682,9.5,2.34
2236,21.2,11.37,1.46,0.124,0.614,1.5,2.28
2237,47.1,13.88,1.21,0.224,0.013,4.7,1.47
2238,3.2,12.74,1.19,0.014,0.03,5.2,2.83
2239,7.2,17.93,6.87,0.038,0.176,6.9,1.41
2240,162.7,11.95,3.36,0.021,0.053,2.4,1.4
2241,46.0,15.03,3.86,0.039,0.167,1.4,2.58
2242,64.7,18.7,7.54,0.01,0.226,8.4,1.01
2243,71.1,10.08,1.33,0.143,0.048,1.6,2.82
2244,285.2,18.07,1.36,0.445,0.324,2.7,2.79
2245,172.3,15.85,3.99,0.073,0.062,7.9,2.78
2246,10.6,8.71,1.4,0.35,0.03,3.1,1.03
2247,36.9,14.64,2.55,0.157,0.034,2.3,2.12
2248,7.3,12.23,2.34,0.017,0.025,3.3,2.29
2249,82.9,19.58,2.06,0.379,0.028,9.1,2.31
2250,10.9,18.13,5.59,0.247,0.349,5.1,2.45
2251,3.1,13.9,3.73,0.482,0.297,3.6,1.6
2252,71.7,11.37,2.22,0.036,0.29,1.9,1.95
2253,12.0,10.53,2.46,0.015,0.023,1.4,0.86
2254,51.8,9.12,2.85,0.075,0.061,1.6,0.81
2255,10.0,13.02,9.25,0.076,0.839,3.6,1.04
2256,6.4,13.14,8.54,0.369,0.453,6.8,0.17
2257,3.9,17.59,1.01,0.06,0.026,5.1,1.89
2258,120.3,16.8,1.07,0.048,0.292,2.0,0.81
2259,251.2,18.22,1.1,0.355,0.031,1.2,1.26
2260,165.8,18.29,1.0,0.122,0.019,9.5,2.48
2261,3.1,9.26,5.23,0.349,0.099,1.8,1.51
2262,98.0,13.33,1.7,0.044,0.038,3.7,2.21
2263,77.4,8.94,2.43,0.436,0.013,6.5,0.58
2264,212.7,10.11,1.09,0.145,0.016,3.4,2.45
2265,9.3,14.52,6.76,0.052,0.035,2.6,2.39
2266,3.2,17.73,2.73,0.31,0.131,7.1,0.24
2267,51.1,11.94,1.37,0.099,0.366,6.8,0.69
2268,25.5,14.88,2.39,0.013,0.041,2.9,0.33
2269,4.7,17.8,2.25,0.075,0.09,1.9,0.26
2270,67.2,9.08,7.47,0.06,0.047,2.1,1.44
2271,60.6,16.04,3.26,0.018,0.155,1.4,2.92
2272,12.1,9.7,1.01,0.189,0.767,5.3,0.12
2273,4.2,12.61,6.9,0.052,0.5,8.5,2.0
2274,73.9,18.45,8.19,0.066,0.657,1.8,2.28
2275,5.3,10.71,7.2,0.057,0.304,3.2,0.61
2276,7.3,10.44,3.34,0.013,0.041,9.5,0.44
2277,89.7,12.01,5.17,0.276,0.019,6.8,2.07
2278,215.8,9.36,4.79,0.011,0.013,1.5,0.65
2279,6.2,8.89,4.47,0.018,0.339,2.5,0.29
2280,8.7,19.5,9.89,0.167,0.041,1.5,1.02
2281,102.9,19.79,1.18,0.118,0.015,3.0,2.36
2282,95.4,17.33,2.51,0.211,0.025,6.8,0.05
2283,32.0,13.11,7.7,0.163,0.02,1.3,0.76
2284,14.8,16.05,1.42,0.327,0.328,2.7,0.09
2285,10.4,13.94,1.05,0.219,0.232,2.7,2.1
2286,5.8,18.5,3.61,0.09,0.019,8.8,0.41
2287,85.2,9.61,2.84,0.011,0.064,8.1,1.0
2288,119.8,15.38,8.53,0.104,0.27,6.0,2.82
2289,23.8,15.92,2.69,0.117,0.205,5.5,1.9
2290,45.0,9.0,1.18,0.06,0.015,5.7,2.31
2291,5.3,9.56,5.0,0.055,0.03,6.9,0.29
2292,17.8,11.84,1.33,0.01,0.248,4.1,1.64
2293,4.8,8.82,1.66,0.208,0.572,1.9,0.98
2294,12.9,17.04,1.43,0.27,0.16,2.6,2.88
2295,152.1,12.57,1.43,0.023,0.613,2.1,1.72
2296,205.1,8.69,1.02,0.455,0.037,3.5,0.71
2297,59.1,10.43,3.3,0.059,0.021,7.0,2.51
2298,3.5,16.57,5.54,0.026,0.073,1.5,1.48
2299,17.1,14.03,3.16,0.011,0.015,3.0,1.32
2300,5.2,9.94,1.39,0.013,0.184,6.9,2.29
2301,3.0,9.31,1.19,0.015,0.039,1.1,0.15
2302,40.9,13.01,7.87,0.017,0.082,2.9,2.65
2303,17.7,8.72,2.7,0.071,0.023,9.7,1.21
2304,146.3,10.28,1.91,0.496,0.586,1.8,2.25
2305,17.7,15.74,7.24,0.143,0.045,3.4,2.41
2306,106.3,12.68,1.38,0.02,0.011,3.8,0.52
2307,6.4,10.13,1.51,0.019,0.031,2.0,0.97
2308,4.5,8.93,7.0,0.093,0.02,2.5,1.2
2309,4.2,16.45,6.51,0.033,0.067,1.6,1.33
2310,7.4,12.07,3.35,0.039,0.02,1.4,0.86
2311,66.3,19.01,6.69,0.493,0.042,1.0,0.17
2312,189.6,9.68,1.35,0.033,0.896,2.6,2.29
2313,35.3,10.52,3.14,0.052,0.01,5.1,1.68
2314,70.8,9.31,1.9,0.498,0.393,1.8,2.8
2315,7.9,12.08,6.23,0.03,0.012,7.3,0.68
2316,65.6,12.05,1.59,0.028,0.98,5.3,1.32
2317,228.4,14.08,7.53,0.021,0.066,2.7,1.45
2318,10.2,10.32,2.0,0.207,0.012,8.7,1.67
2319,43.4,9.7,3.34,0.423,0.759,4.6,2.45
2320,8.5,11.13,5.19,0.239,0.033,3.7,0.69
2321,233.8,11.77,1.4,0.344,0.02,1.2,1.85
2322,142.5,12.13,8.21,0.014,0.12,1.6,0.11
2323,48.3,18.28,2.15,0.028,0.152,4.7,1.39
2324,13.8,16.16,2.16,0.031,0.104,6.1,2.21
2325,265.3,13.15,1.18,0.197,0.052,6.0,1.54
2326,64.0,8.42,9.53,0.048,0.026,9.0,2.18
2327,129.1,11.56,2.18,0.319,0.019,6.2,2.5
2328,5.7,8.95,1.13,0.064,0.721,1.4,1.43
2329,6.1,13.14,4.56,0.336,0.022,2.4,0.57
2330,15.9,12.15,1.48,0.033,0.327,3.8,2.89
2331,19.6,16.32,2.21,0.377,0.126,7.4,2.38
2332,133.7,11.68,2.82,0.111,0.041,2.8,2.06
2333,129.9,19.21,2.19,0.209,0.492,2.2,0.65
2334,7.8,9.1,6.31,0.465,0.028,1.9,2.24
2335,13.2,9.08,1.82,0.447,0.266,1.4,0.16
2336,127.4,9.45,6.71,0.013,0.024,1.4,0.47
2337,50.4,10.65,6.34,0.022,0.015,1.2,1.36
2338,18.8,13.12,2.36,0.073,0.146,9.0,2.35
2339,34.9,19.84,4.11,0.062,0.018,1.3,2.32
2340,116.3,14.54,2.9,0.402,0.505,7.1,2.08
2341,5.4,10.03,4.21,0.287,0.137,1.4,2.09
2342,3.5,14.77,1.25,0.014,0.449,5.8,0.05
2343,79.0,15.45,1.01,0.054,0.862,2.1,0.02
2344,138.3,15.78,1.95,0.039,0.108,5.2,2.49
2345,70.1,12.94,1.5,0.368,0.332,7.9,1.8
2346,39.0,9.53,1.93,0.148,0.016,2.5,0.65
2347,15.1,11.2,5.5,0.4,0.341,4.1,1.23
2348,35.3,10.08,2.71,0.122,0.063,4.9,1.13
2349,17.9,9.32,1.05,0.172,0.853,2.5,2.68
2350,11.7,12.36,5.57,0.031,0.093,7.3,1.08
2351,14.8,13.19,7.28,0.011,0.029,3.5,1.0
2352,62.7,10.06,1.61,0.044,0.018,3.0,0.34
2353,10.7,10.44,3.09,0.08,0.013,3.8,1.56
2354,4.0,18.41,1.29,0.289,0.028,4.1,0.14
2355,282.0,9.12,4.81,0.491,0.592,2.6,1.65
2356,8.1,16.28,1.84,0.088,0.018,1.9,1.38
2357,95.9,10.88,1.13,0.062,0.038,4.1,1.15
2358,26.4,15.52,3.12,0.44,0.089,1.2,2.37
2359,8.6,12.37,1.25,0.011,0.286,4.0,0.76
2360,36.8,19.07,9.4,0.033,0.481,9.7,0.21
2361,213.7,18.76,3.19,0.024,0.095,3.8,0.46
2362,97.8,13.0,1.32,0.019,0.011,2.2,1.07
2363,20.4,14.63,3.77,0.022,0.108,4.4,0.33
2364,14.6,19.69,4.69,0.207,0.331,8.9,1.86
2365,39.6,10.47,2.17,0.013,0.013,7.1,2.52
2366,183.3,12.93,6.28,0.055,0.052,5.9,1.45
2367,10.5,18.34,4.1,0.056,0.122,2.3,2.19
2368,12.5,8.2,6.91,0.04,0.413,7.5,2.64
2369,292.3,11.09,2.32,0.273,0.817,2.7,2.18
2370,26.1,13.45,6.87,0.03,0.111,1.4,1.8
2371,15.4,9.02,5.25,0.018,0.019,7.0,1.09
2372,21.7,9.72,6.49,0.099,0.364,1.3,2.45
2373,74.8,15.77,2.16,0.012,0.106,1.0,0.08
2374,182.4,11.28,9.73,0.012,0.019,4.3,0.04
2375,11.7,13.55,6.08,0.439,0.01,4.0,0.93
2376,199.4,12.41,2.4,0.01,0.025,2.0,1.55
2377,241.9,14.25,5.39,0.013,0.915,5.7,0.54
2378,10.3,8.44,5.19,0.011,0.011,2.0,2.73
2379,51.9,8.9,1.62,0.478,0.274,5.4,1.06
2380,122.8,9.64,5.5,0.037,0.451,1.3,1.84
2381,213.6,17.4,4.36,0.12,0.039,9.5,0.0
2382,7.5,17.41,2.3,0.286,0.322,6.6,1.99
2383,29.0,11.61,3.21,0.107,0.217,7.5,0.62
2384,90.0,13.6,1.92,0.01,0.027,7.2,0.16
2385,36.6,17.56,9.7,0.3,0.012,4.0,0.2
2386,236.7,11.34,4.32,0.27,0.287,5.1,2.43
2387,3.5,11.28,1.12,0.015,0.082,2.7,2.02
2388,84.4,15.01,1.39,0.241,0.43,4.7,0.79
2389,30.1,8.03,6.59,0.015,0.538,1.7,0.61
2390,295.9,8.34,1.59,0.043,0.028,1.4,0.08
2391,32.9,8.06,1.55,0.298,0.334,4.1,2.49
2392,194.5,15.78,1.33,0.144,0.079,8.2,1.25
2393,137.6,17.02,1.36,0.021,0.052,2.5,2.59
2394,23.3,13.69,2.84,0.192,0.06,5.8,2.79
2395,16.8,17.63,1.76,0.168,0.198,4.2,1.68
2396,35.0,16.36,9.39,0.232,0.575,2.3,2.35
2397,234.4,9.28,2.38,0.311,0.496,2.6,1.8
2398,104.2,13.6,3.6,0.338,0.033,3.1,2.93
2399,24.8,9.55,2.52,0.017,0.024,5.5,1.78
2400,20.9,14.2,6.64,0.105,0.012,4.1,2.2
2401,224.6,12.44,2.2,0.053,0.033,2.2,2.41
2402,83.1,9.34,3.62,0.026,0.12,3.6,2.13
2403,37.1,8.71,4.07,0.038,0.074,9.7,1.09
2404,3.1,8.19,2.82,0.108,0.627,1.4,2.56
2405,33.5,13.42,3.17,0.03,0.829,1.3,2.06
2406,20.2,18.68,1.68,0.025,0.018,1.3,0.82
2407,97.2,11.55,8.83,0.139,0.059,3.6,1.38
2408,35.3,19.67,1.57,0.015,0.143,6.5,0.83
2409,33.1,16.62,3.09,0.303,0.238,2.4,0.81
2410,24.4,18.86,6.41,0.365,0.352,1.2,0.21
2411,23.5,8.14,4.96,0.424,0.042,3.5,0.85
2412,22.9,9.2,1.01,0.244,0.042,2.1,0.57
2413,7.6,19.16,4.86,0.15,0.042,9.8,1.75
2414,6.0,8.26,7.58,0.329,0.315,3.6,0.44
2415,8.6,10.04,5.56,0.491,0.019,2.0,1.93
2416,29.5,19.14,1.34,0.027,0.205,5.1,1.24
2417,34.6,13.67,4.19,0.021,0.304,2.5,0.65
2418,35.1,8.58,3.14,0.012,0.07,6.7,0.86
2419,73.2,11.96,1.0,0.021,0.011,8.6,2.01
2420,22.4,17.96,5.37,0.256,0.628,1.5,1.63
2421,48.1,10.19,6.29,0.192,0.116,3.3,2.14
2422,15.8,9.58,2.34,0.013,0.349,5.9,0.97
2423,49.3,8.11,1.59,0.024,0.334,5.1,0.56
2424,76.2,17.8,7.12,0.023,0.016,5.4,1.27
2425,137.1,10.9,2.85,0.028,0.879,1.8,0.07
2426,9.6,8.7,1.24,0.426,0.186,3.3,0.13
2427,4.2,16.89,2.5,0.018,0.058,1.8,1.89
2428,10.8,11.16,6.32,0.051,0.046,1.6,0.24
2429,30.5,8.83,9.47,0.192,0.021,2.8,2.79
2430,28.1,8.38,7.98,0.096,0.03,5.3,0.65
2431,138.7,15.46,6.69,0.251,0.014,1.1,1.07
2432,111.9,8.63,4.39,0.084,0.156,1.7,0.98
2433,170.1,9.54,4.45,0.066,0.126,2.8,1.24
2434,31.4,14.47,2.81,0.143,0.359,2.4,2.93
2435,71.3,19.4,4.23,0.054,0.019,1.3,1.53
2436,54.9,19.91,1.0,0.014,0.09,2.1,1.14
2437,58.5,13.0,2.05,0.15,0.831,3.8,0.49
2438,10.9,14.5,2.37,0.015,0.712,3.8,0.84
2439,86.0,11.63,5.32,0.368,0.369,3.8,2.65
2440,4.6,19.27,9.93,0.152,0.216,1.6,0.67
2441,178.2,18.52,4.7,0.011,0.137,8.7,2.1
2442,72.9,19.62,6.85,0.011,0.105,2.0,0.52
2443,191.2,15.2,1.17,0.344,0.024,1.2,0.57
2444,14.9,17.64,3.95,0.066,0.047,7.3,0.34
2445,83.2,15.5,4.76,0.035,0.092,1.1,1.87
2446,170.0,14.83,3.13,0.01,0.273,8.1,2.01
2447,24.7,13.95,2.7,0.013,0.028,2.6,1.67
2448,285.8,9.65,7.16,0.069,0.204,5.2,0.28
2449,10.5,8.38,2.82,0.147,0.019,2.4,1.66
2450,39.2,11.08,2.72,0.016,0.192,3.0,2.93
2451,6.0,15.34,1.13,0.031,0.063,1.0,0.93
2452,258.6,11.32,1.44,0.104,0.056,6.1,1.68
2453,67.6,11.77,2.53,0.134,0.819,8.0,1.53
2454,216.6,8.73,2.26,0.053,0.162,3.7,1.5
2455,8.4,9.76,2.04,0.011,0.047,1.8,2.27
2456,42.9,12.48,1.88,0.099,0.182,7.9,2.25
2457,98.4,11.73,4.54,0.129,0.156,9.7,1.29
2458,262.8,12.29,3.45,0.011,0.117,1.6,0.0
2459,17.4,15.48,3.47,0.014,0.031,1.8,2.81
2460,5.8,19.03,1.4,0.024,0.022,6.5,1.67
2461,7.0,9.95,7.39,0.043,0.057,6.5,1.05
2462,4.6,14.87,1.22,0.039,0.12,1.5,1.84
2463,50.2,14.63,2.7,0.023,0.068,7.3,0.84
2464,39.8,15.72,5.91,0.351,0.928,8.0,0.76
2465,13.3,9.95,5.87,0.402,0.05,7.2,0.95
2466,4.6,10.08,1.21,0.394,0.239,8.3,0.6
2467,20.3,8.92,8.04,0.014,0.234,5.7,0.27
2468,3.1,9.6,1.98,0.026,0.026,1.2,0.55
2469,175.6,15.12,4.1,0.011,0.228,1.1,2.07
2470,10.1,15.97,2.82,0.179,0.017,3.5,0.97
2471,34.0,10.43,3.08,0.037,0.032,2.6,2.07
2472,3.6,16.56,4.22,0.024,0.143,5.4,2.89
2473,86.9,17.23,1.22,0.018,0.086,4.7,1.86
2474,137.6,15.32,4.18,0.022,0.093,1.2,1.89
2475,9.2,14.9,6.96,0.198,0.609,5.3,1.32
2476,5.0,11.67,1.24,0.046,0.063,5.8,0.43
2477,3.8,9.67,6.26,0.41,0.908,1.3,1.2
2478,5.5,13.92,2.12,0.039,0.832,5.0,1.13
2479,44.0,13.5,2.39,0.105,0.272,7.2,2.14
2480,14.0,11.47,2.49,0.061,0.044,4.3,0.84
2481,9.8,13.84,1.22,0.017,0.021,1.8,1.86
2482,3.6,18.27,7.85,0.255,0.011,3.6,2.39
2483,249.0,11.98,7.38,0.181,0.779,2.6,1.59
2484,38.6,11.9,3.2,0.136,0.027,5.5,2.06
2485,54.4,10.68,5.91,0.02,0.178,6.2,2.61
2486,108.4,8.15,9.69,0.318,0.09,8.2,2.32
2487,28.9,19.74,1.38,0.014,0.438,1.2,2.73
2488,108.1,14.5,1.17,0.443,0.107,2.1,1.48
2489,73.8,9.38,1.66,0.265,0.049,1.2,0.59
2490,79.3,9.7,1.32,0.442,0.041,9.4,2.08
2491,262.5,13.67,1.34,0.202,0.067,3.4,2.43
2492,225.7,19.97,2.3,0.02,0.045,1.9,1.81
2493,184.6,12.77,2.08,0.024,0.149,9.6,1.2
2494,23.3,19.94,5.2,0.022,0.012,1.9,2.45
2495,4.3,11.42,1.26,0.012,0.076,5.3,2.03
2496,99.1,9.44,4.52,0.027,0.031,4.7,2.79
2497,6.0,10.12,1.54,0.379,0.026,7.2,2.25
2498,3.0,12.79,6.65,0.204,0.267,6.1,1.38
2499,56.5,10.03,1.86,0.08,0.677,8.2,0.79
2500,204.1,15.96,8.37,0.227,0.143,9.1,1.54
2501,5.2,12.23,4.59,0.023,0.037,1.0,2.79
2502,4.6,11.18,1.78,0.077,0.018,7.6,0.96
2503,110.0,8.7,4.0,0.012,0.057,4.9,2.69
2504,41.5,9.54,2.98,0.023,0.037,2.0,2.36
2505,5.1,18.7,8.21,0.258,0.364,1.2,1.83
2506,28.7,15.96,2.82,0.017,0.538,2.4,2.47
2507,21.7,12.35,6.7,0.018,0.035,2.5,0.06
2508,75.3,12.94,7.7,0.015,0.831,7.9,1.53
2509,23.7,9.99,1.82,0.109,0.396,6.5,1.46
2510,4.3,9.5,1.17,0.01,0.686,1.2,2.84
2511,3.4,11.09,2.19,0.087,0.122,7.4,2.62
2512,17.5,12.09,6.86,0.451,0.333,3.6,1.7
2513,9.0,12.88,3.48,0.192,0.258,2.8,2.78
2514,201.5,18.53,1.29,0.018,0.02,5.1,1.92
2515,21.8,11.62,3.18,0.018,0.295,1.2,2.02
2516,256.3,12.51,1.07,0.275,0.023,4.6,2.12
2517,8.7,10.67,1.5,0.158,0.783,2.9,2.42
2518,4.2,18.88,6.73,0.314,0.443,1.4,1.15
2519,200.4,18.81,5.33,0.168,0.405,4.2,0.96
2520,16.4,19.11,3.87,0.019,0.348,4.9,2.61
2521,77.3,13.54,7.51,0.121,0.043,3.2,0.71
2522,31.0,9.84,1.6,0.459,0.209,1.3,0.96
2523,118.3,14.64,8.43,0.273,0.674,1.4,0.18
2524,3.0,14.75,1.21,0.044,0.726,3.1,1.63
2525,14.7,8.26,2.02,0.033,0.3,1.0,1.17
2526,118.7,13.97,1.06,0.116,0.097,1.4,0.3
2527,50.2,11.22,3.73,0.308,0.083,3.0,1.4
2528,6.1,18.64,5.05,0.495,0.254,2.7,0.6
2529,11.3,18.65,6.68,0.047,0.044,5.4,0.17
2530,6.3,8.16,2.34,0.078,0.039,1.1,0.42
2531,12.5,8.79,9.07,0.106,0.049,1.8,1.51
2532,22.1,11.26,1.72,0.213,0.012,7.7,0.98
2533,72.1,11.64,3.84,0.108,0.253,1.9,0.16
2534,5.3,8.38,1.53,0.031,0.305,6.2,0.71
2535,12.1,18.67,9.13,0.148,0.178,2.4,2.56
2536,4.8,20.0,3.2,0.089,0.151,7.2,1.11
2537,20.1,16.3,3.78,0.394,0.137,9.0,1.04
2538,265.4,15.83,1.06,0.092,0.087,1.7,0.09
2539,81.0,16.16,5.09,0.272,0.09,5.4,1.99
2540,18.4,9.52,1.82,0.316,0.095,9.9,0.12
2541,7.9,12.75,1.67,0.059,0.257,1.0,0.4
2542,99.6,9.75,2.43,0.189,0.458,1.3,0.84
2543,66.0,12.57,3.58,0.475,0.151,1.3,2.28
2544,21.1,8.89,8.27,0.051,0.034,7.2,0.78
2545,4.8,16.89,1.12,0.099,0.169,8.6,2.25
2546,143.9,15.6,1.9,0.145,0.011,1.3,0.04
2547,14.8,14.22,8.33,0.052,0.022,1.3,0.66
2548,115.1,8.84,1.18,0.015,0.019,5.3,2.42
2549,7.3,19.46,8.68,0.23,0.02,2.2,0.43
2550,27.5,11.76,1.58,0.18,0.114,4.5,1.95
2551,145.8,15.95,1.51,0.242,0.015,1.7,0.02
2552,53.7,8.22,7.09,0.079,0.029,8.0,0.91
2553,260.5,16.01,1.33,0.191,0.012,1.1,2.17
2554,8.7,19.58,8.84,0.021,0.258,3.2,1.51
2555,29.5,9.45,2.05,0.036,0.078,1.2,1.98
2556,214.2,11.47,5.14,0.034,0.011,1.1,2.21
2557,204.4,14.97,1.22,0.016,0.059,1.4,1.73
2558,124.6,8.56,5.91,0.012,0.1,3.1,0.36
2559,6.8,18.76,1.2,0.018,0.316,1.1,2.58
2560,43.1,11.27,5.89,0.055,0.177,9.5,1.58
2561,71.2,14.97,6.64,0.056,0.143,2.5,2.1
2562,17.8,10.95,5.73,0.018,0.018,5.8,2.35
2563,168.6,19.55,5.68,0.171,0.147,1.3,2.49
2564,8.1,9.47,4.68,0.215,0.067,7.6,2.17
2565,48.0,8.96,1.14,0.029,0.081,1.6,1.81
2566,11.5,13.6,1.57,0.029,0.486,3.0,0.6
2567,62.0,14.0,3.61,0.155,0.117,5.5,1.14
2568,11.4,13.49,1.33,0.173,0.095,1.4,1.85
2569,7.7,11.56,2.26,0.031,0.024,1.2,0.74
2570,33.3,12.61,1.47,0.044,0.111,3.8,1.53
2571,4.4,12.43,2.5,0.021,0.015,8.1,0.52
2572,10.5,13.14,6.32,0.066,0.087,9.9,0.8
2573,4.6,11.93,9.09,0.287,0.037,9.5,1.45
2574,193.1,10.39,7.76,0.432,0.031,3.0,2.6
2575,92.5,14.29,3.31,0.02,0.014,1.9,0.44
2576,53.8,10.15,3.41,0.429,0.264,2.0,0.83
2577,3.5,15.68,6.54,0.106,0.038,1.8,1.63
2578,196.3,13.2,4.52,0.217,0.016,5.1,0.87
2579,17.6,18.51,1.44,0.036,0.014,6.1,2.21
2580,156.6,9.92,3.73,0.078,0.031,3.8,1.52
2581,34.9,8.84,1.94,0.077,0.015,2.6,2.69
2582,258.8,11.31,8.41,0.114,0.048,4.1,1.02
2583,36.1,16.79,4.05,0.035,0.073,5.6,0.71
2584,228.7,18.08,1.83,0.162,0.059,1.9,1.97
2585,244.4,8.37,1.31,0.013,0.058,2.7,1.24
2586,16.0,11.5,1.54,0.271,0.574,6.8,0.68
2587,28.4,16.26,6.45,0.057,0.242,1.5,2.89
2588,17.9,11.01,6.1,0.045,0.996,2.0,2.45
2589,4.1,15.93,4.58,0.157,0.026,1.1,2.17
2590,45.6,16.5,1.31,0.019,0.023,2.2,2.42
2591,17.6,14.1,1.69,0.258,0.018,9.3,1.94
2592,96.2,19.74,1.57,0.016,0.117,3.2,0.06
2593,231.8,16.43,2.3,0.041,0.01,1.4,2.58
2594,43.8,10.46,7.65,0.029,0.015,5.4,1.72
2595,26.1,19.85,3.33,0.035,0.452,1.5,0.81
2596,7.5,8.38,1.18,0.011,0.099,1.7,1.97
2597,17.9,17.4,2.08,0.035,0.225,1.5,1.0
2598,148.7,8.11,2.27,0.064,0.125,1.2,2.62
2599,6.9,11.54,7.37,0.298,0.496,1.6,2.38
2600,25.7,9.16,2.61,0.492,0.035,2.2,1.72
2601,7.8,17.07,3.18,0.128,0.045,6.6,1.71
2602,3.0,8.81,1.5,0.058,0.711,7.7,1.44
2603,106.6,9.53,2.63,0.17,0.032,1.0,0.6
2604,45.3,13.49,7.92,0.036,0.227,1.3,1.88
2605,20.5,8.32,2.01,0.09,0.332,2.4,1.77
2606,8.8,12.84,7.06,0.383,0.705,10.0,2.03
2607,168.1,12.13,6.97,0.236,0.413,3.0,1.05
2608,3.1,10.83,2.54,0.061,0.03,1.9,1.96
2609,19.1,12.29,6.01,0.111,0.03,1.9,1.92
2610,38.6,14.46,4.78,0.074,0.012,3.0,2.17
2611,87.0,12.93,3.38,0.044,0.013,1.4,0.52
2612,11.7,15.4,7.94,0.011,0.012,1.4,1.59
2613,12.2,10.25,6.66,0.158,0.889,8.4,1.96
2614,6.7,9.16,8.81,0.055,0.05,1.2,2.05
2615,5.2,16.81,3.86,0.219,0.45,1.2,0.1
2616,40.4,17.99,1.48,0.254,0.072,7.5,1.08
2617,15.7,18.94,1.03,0.137,0.034,1.5,0.07
2618,26.0,13.9,3.64,0.121,0.04,1.0,2.76
2619,5.9,8.34,2.77,0.219,0.996,2.7,1.6
2620,12.0,13.83,1.85,0.021,0.019,9.8,0.07
2621,196.4,11.87,1.16,0.021,0.207,9.5,1.28
2622,45.6,12.75,8.87,0.011,0.096,5.2,2.16
2623,53.3,11.31,4.25,0.148,0.022,9.3,0.83
2624,21.7,17.86,6.7,0.107,0.878,7.0,2.38
2625,196.5,9.32,7.66,0.223,0.082,4.4,1.23
2626,84.7,11.99,1.26,0.181,0.032,2.2,0.26
2627,8.9,9.37,8.13,0.467,0.033,1.9,2.85
2628,5.9,10.71,2.03,0.016,0.219,6.2,2.36
2629,18.3,11.48,8.28,0.084,0.014,6.5,1.09
2630,32.7,9.21,1.89,0.041,0.09,3.7,0.36
2631,54.7,10.97,3.33,0.221,0.432,1.7,1.85
2632,145.8,11.13,1.07,0.402,0.226,6.1,2.11
2633,3.2,18.24,6.72,0.056,0.621,2.2,2.84
2634,18.9,17.35,2.71,0.019,0.054,2.3,0.13
2635,91.5,15.49,1.21,0.082,0.032,1.2,1.06
2636,11.9,15.45,3.79,0.095,0.277,2.7,1.07
2637,16.7,16.31,4.49,0.334,0.01,4.5,1.88
2638,112.8,15.01,1.84,0.014,0.369,7.3,0.19
2639,30.9,18.91,3.49,0.149,0.283,7.0,1.01
2640,31.9,15.39,5.93,0.441,0.327,5.7,1.24
2641,31.0,10.17,3.49,0.035,0.025,4.7,1.77
2642,104.9,15.37,3.67,0.201,0.641,3.1,1.39
2643,143.1,13.49,1.57,0.076,0.022,5.2,0.28
2644,23.8,9.14,1.1,0.011,0.012,7.5,0.84
2645,78.3,12.71,1.85,0.059,0.273,8.2,0.78
2646,185.2,11.22,2.23,0.161,0.93,6.0,2.52
2647,8.6,18.59,1.45,0.063,0.053,1.3,2.33
2648,78.4,19.93,4.12,0.057,0.138,7.3,0.8
2649,63.2,8.82,1.21,0.101,0.065,1.5,1.27
2650,5.9,8.02,4.79,0.087,0.011,6.3,0.41
2651,15.2,17.32,2.58,0.07,0.451,1.6,0.11
2652,5.6,13.46,6.44,0.138,0.164,3.6,2.8
2653,100.4,9.42,2.92,0.255,0.515,1.2,0.6
2654,260.5,17.65,4.15,0.088,0.183,3.6,1.91
2655,51.1,15.93,7.83,0.022,0.099,2.7,0.56
2656,168.9,8.64,2.2,0.037,0.35,5.9,0.97
2657,72.5,14.21,2.65,0.122,0.586,5.0,2.14
2658,37.6,10.82,1.75,0.314,0.223,9.7,2.54
2659,85.4,8.73,4.09,0.177,0.027,1.6,0.82
2660,31.1,10.19,7.72,0.029,0.045,4.1,0.56
2661,270.2,8.79,1.14,0.137,0.938,3.0,2.92
2662,59.7,8.21,2.53,0.081,0.022,3.8,2.85
2663,157.2,12.22,2.45,0.032,0.988,2.7,1.44
2664,281.3,13.7,4.16,0.026,0.28,1.6,2.89
2665,23.8,17.9,6.8,0.053,0.229,1.5,2.42
2666,48.5,10.88,3.49,0.16,0.222,3.7,1.39
2667,5.6,16.87,2.87,0.013,0.095,4.7,1.19
2668,50.8,10.23,3.26,0.025,0.024,2.2,0.87
2669,5.6,8.56,5.93,0.035,0.522,1.8,1.35
2670,5.3,14.32,1.22,0.023,0.508,4.2,0.81
2671,129.2,8.92,3.35,0.02,0.222,5.3,0.83
2672,3.9,19.47,2.95,0.351,0.015,6.3,2.94
2673,91.8,9.8,9.83,0.372,0.962,6.4,1.1
2674,122.2,14.61,1.67,0.01,0.501,2.3,1.92
2675,7.6,11.85,3.13,0.159,0.201,1.5,0.55
2676,10.9,8.41,1.74,0.189,0.323,1.4,2.87
2677,8.4,9.31,4.01,0.198,0.236,4.3,2.61
2678,62.5,15.33,1.56,0.079,0.253,2.2,2.36
2679,33.8,10.96,3.77,0.377,0.806,3.6,1.41
2680,3.8,11.53,3.56,0.129,0.935,1.8,1.23
2681,22.6,9.23,2.84,0.137,0.035,1.6,2.54
2682,289.7,8.37,2.66,0.164,0.28,3.8,0.71
2683,116.5,15.17,2.29,0.282,0.138,1.1,0.87
2684,104.5,8.19,3.09,0.201,0.099,1.8,2.27
2685,117.0,10.08,7.42,0.079,0.08,9.8,0.5
2686,89.0,10.07,3.86,0.287,0.412,1.0,2.25
2687,4.8,14.9,1.24,0.028,0.766,4.3,2.17
2688,36.8,10.38,4.48,0.239,0.084,2.1,1.76
2689,6.0,13.88,1.07,0.171,0.022,6.1,1.81
2690,114.0,17.51,1.11,0.14,0.088,8.4,1.73
2691,78.3,10.5,4.11,0.029,0.203,1.9,2.68
2692,236.5,17.61,1.42,0.02,0.014,2.3,2.49
2693,49.3,16.69,4.25,0.386,0.465,8.6,1.09
2694,4.5,17.53,1.01,0.02,0.834,2.3,1.56
2695,5.0,18.12,2.9,0.049,0.039,2.1,2.24
2696,12.0,11.12,6.15,0.027,0.223,5.7,0.07
2697,8.1,11.43,1.57,0.095,0.887,3.7,2.47
2698,59.7,10.39,1.54,0.098,0.13,9.3,2.26
2699,4.2,8.11,7.16,0.034,0.013,5.5,0.88
2700,10.9,16.54,7.43,0.018,0.082,3.4,0.36
2701,280.0,14.27,5.65,0.035,0.244,1.6,2.3
2702,18.5,14.01,1.3,0.29,0.032,5.4,1.34
2703,131.0,10.74,1.13,0.064,0.314,1.1,0.77
2704,149.9,14.18,2.74,0.197,0.109,8.6,2.26
2705,109.0,13.25,7.12,0.012,0.042,1.8,1.36
2706,104.0,10.34,2.74,0.019,0.251,1.5,2.07
2707,29.9,14.11,2.56,0.241,0.049,3.3,1.95
2708,4.6,8.74,6.64,0.129,0.022,3.9,2.89
2709,15.7,8.44,2.81,0.197,0.402,1.5,1.11
2710,5.6,15.36,9.94,0.027,0.608,3.2,2.63
2711,75.1,10.45,1.63,0.428,0.186,1.4,0.18
2712,5.1,9.84,7.36,0.105,0.014,8.9,2.71
2713,21.5,18.97,6.77,0.029,0.012,1.3,0.37
2714,44.4,11.16,2.34,0.178,0.767,1.4,1.13
2715,41.1,15.1,5.34,0.018,0.197,8.3,2.63
2716,89.1,11.14,4.77,0.232,0.018,1.1,1.13
2717,71.8,11.64,7.5,0.035,0.02,1.5,0.09
2718,143.0,12.0,4.51,0.087,0.7,3.0,0.32
2719,3.2,18.08,8.37,0.491,0.018,1.5,1.04
2720,241.2,18.49,2.47,0.097,0.234,1.0,0.2
2721,26.9,18.53,2.07,0.095,0.025,1.5,0.14
2722,72.9,15.78,4.9,0.047,0.201,1.7,0.4
2723,194.6,10.76,6.74,0.041,0.037,1.6,2.04
2724,4.2,19.51,6.22,0.053,0.017,6.2,1.01
2725,35.8,9.74,8.9,0.126,0.753,4.1,2.6
2726,31.3,19.58,3.57,0.036,0.137,4.1,0.07
2727,31.6,19.17,1.06,0.067,0.058,1.3,2.05
2728,97.6,14.71,7.66,0.02,0.012,4.4,0.72
2729,31.0,14.52,1.11,0.036,0.141,3.4,0.09
2730,8.7,16.22,3.57,0.026,0.538,2.1,1.89
2731,65.4,12.91,5.16,0.138,0.285,8.3,1.43
2732,18.4,12.01,7.09,0.143,0.983,1.1,0.34
2733,140.3,10.15,2.2,0.039,0.648,2.9,0.3
2734,45.6,16.88,1.58,0.061,0.186,5.2,1.75
2735,220.4,19.6,2.36,0.19,0.033,1.6,2.44
2736,16.6,12.86,6.31,0.273,0.406,7.7,2.71
2737,29.3,11.13,1.13,0.174,0.448,4.0,0.07
2738,86.4,14.6,1.54,0.08,0.461,7.3,1.72
2739,4.2,9.47,2.04,0.152,0.244,2.1,1.64
2740,3.7,18.67,1.28,0.021,0.112,2.8,1.28
2741,153.5,14.72,8.63,0.406,0.192,1.7,2.07
2742,215.0,12.5,6.73,0.106,0.014,2.1,2.81
2743,3.7,12.72,5.67,0.465,0.035,2.1,1.11
2744,3.9,16.11,3.18,0.359,0.068,7.3,2.71
2745,40.9,8.68,6.97,0.012,0.483,9.3,1.46
2746,210.0,18.51,6.67,0.071,0.409,1.5,2.3
2747,6.0,16.8,4.88,0.014,0.24,4.7,1.49
2748,5.7,8.74,1.1,0.398,0.013,1.4,1.57
2749,3.0,11.03,2.69,0.191,0.011,4.6,2.72
2750,44.0,8.67,2.83,0.037,0.515,2.6,2.82
2751,36.6,8.88,2.17,0.221,0.126,6.6,2.35
2752,28.0,9.88,2.27,0.021,0.382,3.9,0.08
2753,118.5,8.05,6.64,0.097,0.03,1.9,1.09
2754,7.5,9.43,7.2,0.097,0.017,2.5,1.1
2755,269.4,14.53,2.14,0.018,0.042,3.0,1.06
2756,9.1,18.68,2.92,0.042,0.043,8.6,1.09
2757,278.5,16.7,1.06,0.259,0.333,2.6,2.59
2758,28.0,15.22,1.33,0.021,0.039,9.0,1.67
2759,106.8,12.55,7.92,0.116,0.899,1.6,0.3
2760,7.0,19.25,8.23,0.017,0.028,1.1,2.6
2761,9.6,10.1,5.16,0.189,0.26,6.5,0.84
2762,78.4,9.07,4.66,0.048,0.023,4.6,0.87
2763,222.2,10.66,1.9,0.053,0.17,3.7,0.57
2764,28.3,9.38,1.71,0.063,0.072,9.5,2.82
2765,23.2,13.95,8.93,0.017,0.108,4.6,2.7
2766,6.6,10.02,2.43,0.011,0.389,8.7,1.44
2767,7.2,11.11,1.7,0.113,0.189,1.7,2.77
2768,3.1,18.22,1.53,0.063,0.465,8.0,2.54
2769,3.0,9.84,3.55,0.098,0.026,1.6,2.76
2770,4.2,11.49,1.18,0.11,0.164,2.6,2.48
2771,165.5,10.43,1.27,0.033,0.01,4.0,2.16
2772,29.0,8.92,1.24,0.09,0.822,6.4,2.32
2773,23.8,14.24,2.12,0.01,0.378,8.4,2.86
2774,3.3,15.32,1.23,0.011,0.677,4.0,1.21
2775,133.1,8.25,2.52,0.01,0.21,5.4,2.89
2776,29.7,8.24,7.34,0.256,0.036,9.7,0.27
2777,44.3,8.38,9.68,0.033,0.023,1.4,1.4
2778,75.6,10.14,7.76,0.453,0.198,3.8,1.06
2779,21.7,8.39,4.92,0.01,0.08,4.0,2.4
2780,292.8,8.18,1.42,0.08,0.229,1.4,0.36
2781,145.6,14.01,2.33,0.35,0.06,1.3,1.59
2782,51.1,14.39,5.57,0.011,0.072,1.5,1.59
2783,32.0,8.21,9.0,0.034,0.016,2.7,0.58
2784,11.0,15.03,2.86,0.345,0.088,1.3,1.84
2785,46.2,9.25,1.69,0.025,0.921,2.2,1.81
2786,102.6,13.25,6.7,0.144,0.061,8.9,1.02
2787,15.2,10.09,1.65,0.055,0.107,1.0,0.4
2788,4.3,19.5,1.28,0.015,0.173,4.0,0.71
2789,265.4,15.51,9.82,0.012,0.473,9.0,2.0
2790,5.4,10.74,8.78,0.214,0.244,6.3,2.47
2791,202.8,11.75,3.0,0.029,0.296,3.5,0.83
2792,27.1,19.53,9.57,0.016,0.755,2.1,0.06
2793,39.9,14.54,1.81,0.042,0.018,5.1,0.19
2794,34.5,11.18,1.13,0.014,0.014,3.7,2.81
2795,30.5,9.92,3.08,0.014,0.316,5.0,1.38
2796,15.9,9.1,6.51,0.081,0.08,1.0,2.73
2797,175.1,9.7,5.91,0.031,0.017,7.9,0.12
2798,10.0,10.36,3.95,0.088,0.037,1.9,0.43
2799,21.2,10.3,8.53,0.264,0.014,2.6,2.53
2800,206.7,13.1,1.55,0.072,0.025,8.9,2.64
2801,3.8,8.7,9.32,0.032,0.027,1.6,2.08
2802,6.6,9.84,7.79,0.05,0.321,7.3,0.74
2803,263.6,10.44,3.55,0.034,0.142,1.1,2.83
2804,8.2,11.05,8.9,0.065,0.043,1.3,2.62
2805,10.8,12.21,1.69,0.012,0.039,2.3,2.16
2806,71.5,14.29,2.57,0.155,0.02,8.6,1.6
2807,26.3,17.95,1.16,0.014,0.019,1.6,0.19
2808,6.7,10.82,3.2,0.04,0.146,3.5,2.41
2809,160.6,12.05,5.61,0.026,0.462,3.8,0.86
2810,18.1,15.18,2.16,0.283,0.262,1.7,1.69
2811,9.0,19.67,1.82,0.413,0.085,1.2,1.41
2812,90.9,11.55,2.05,0.088,0.613,8.5,1.52
2813,92.2,10.17,4.47,0.35,0.018,4.3,0.99
2814,92.6,18.88,1.15,0.114,0.079,2.3,0.1
2815,7.4,18.81,3.49,0.022,0.011,3.3,0.81
2816,73.8,13.41,6.97,0.157,0.353,3.5,1.4
2817,101.5,13.94,2.62,0.403,0.219,3.8,1.1
2818,37.5,9.49,1.9,0.039,0.089,7.5,0.57
2819,38.7,12.13,5.01,0.059,0.034,4.8,2.85
2820,36.1,18.89,7.05,0.109,0.015,1.7,2.85
2821,76.4,11.64,7.48,0.156,0.17,1.5,2.76
2822,88.5,12.25,1.57,0.113,0.063,9.7,2.71
2823,8.3,12.48,1.1,0.016,0.037,5.0,0.04
2824,3.5,10.85,4.46,0.453,0.136,3.5,0.8
2825,7.8,13.77,1.39,0.023,0.378,1.2,0.28
2826,99.2,14.56,3.11,0.095,0.089,5.2,0.83
2827,227.9,8.09,7.53,0.055,0.342,1.1,0.15
2828,278.2,14.19,1.77,0.019,0.043,5.6,2.15
2829,5.3,15.38,2.57,0.132,0.045,4.8,2.71
2830,5.7,11.92,2.72,0.165,0.162,6.6,1.24
2831,32.8,11.42,8.53,0.04,0.893,2.7,0.76
2832,7.1,8.38,5.48,0.015,0.623,1.3,1.67
2833,12.4,14.29,6.28,0.226,0.062,2.8,1.96
2834,39.6,14.69,3.94,0.038,0.418,6.0,0.66
2835,195.7,15.21,1.32,0.277,0.392,1.6,1.4
2836,13.4,14.73,1.45,0.045,0.073,1.7,2.67
2837,68.7,18.3,1.73,0.305,0.376,4.1,0.3
2838,26.1,14.88,9.2,0.015,0.115,3.7,1.13
2839,261.5,12.28,1.57,0.019,0.092,1.0,2.65
2840,5.9,11.9,1.12,0.09,0.01,2.0,2.08
2841,68.5,9.47,2.92,0.018,0.714,5.1,0.08
2842,5.7,8.18,1.7,0.023,0.042,4.0,0.68
2843,8.4,14.41,1.79,0.023,0.071,8.6,2.25
2844,88.0,9.66,1.0,0.126,0.01,1.3,0.82
2845,42.9,11.86,1.38,0.484,0.03,3.1,1.9
2846,202.8,15.68,1.9,0.132,0.141,1.0,2.74
2847,6.3,8.1,3.24,0.021,0.29,1.8,2.57
2848,9.3,10.77,1.15,0.025,0.032,7.9,2.51
2849,22.2,9.11,3.95,0.018,0.175,1.2,2.83
2850,117.6,16.71,3.57,0.214,0.225,1.0,2.35
2851,13.1,10.65,1.3,0.097,0.05,2.4,1.33
2852,39.7,19.82,5.08,0.027,0.607,1.6,1.34
2853,124.3,10.16,3.57,0.054,0.064,2.5,2.29
2854,4.0,10.71,6.6,0.048,0.049,7.7,1.03
2855,73.5,11.88,6.48,0.107,0.154,3.6,1.86
2856,3.3,9.77,1.17,0.03,0.487,4.1,1.51
2857,10.4,8.67,1.02,0.053,0.862,3.7,0.72
2858,36.3,10.69,1.13,0.075,0.075,1.1,2.03
2859,16.0,14.88,4.89,0.139,0.596,2.7,1.97
2860,3.7,9.94,6.95,0.28,0.718,1.7,2.67
2861,3.7,9.26,4.01,0.363,0.013,6.3,2.5
2862,18.2,8.93,2.27,0.233,0.387,1.2,1.59
2863,114.0,11.79,3.19,0.264,0.537,9.7,2.61
2864,11.6,10.9,3.56,0.082,0.043,2.7,0.37
2865,5.5,8.69,6.4,0.076,0.496,1.0,0.44
2866,4.9,14.36,5.98,0.037,0.094,3.0,0.1
2867,4.1,15.55,6.27,0.044,0.016,7.3,2.66
2868,13.2,18.24,7.32,0.161,0.012,1.1,1.87
2869,20.3,15.69,7.66,0.036,0.01,3.3,2.07
2870,4.3,11.57,1.2,0.016,0.04,3.4,1.52
2871,24.2,19.33,4.5,0.098,0.39,1.3,2.07
2872,5.5,11.89,4.05,0.123,0.016,5.2,0.18
2873,123.2,11.34,5.77,0.215,0.197,3.3,0.26
2874,259.5,10.23,1.04,0.18,0.28,1.7,0.38
2875,30.9,8.71,2.25,0.437,0.104,2.2,1.72
2876,8.2,18.03,5.97,0.25,0.011,4.2,2.38
2877,20.4,12.5,2.52,0.234,0.386,3.6,1.72
2878,6.3,11.56,4.25,0.024,0.097,1.5,1.18
2879,47.3,11.2,8.95,0.064,0.401,7.0,0.36
2880,162.0,18.52,6.59,0.267,0.047,2.0,2.31
2881,6.0,14.74,1.81,0.491,0.06,5.4,1.4
2882,60.4,15.75,2.14,0.466,0.015,1.3,2.06
2883,9.9,13.31,1.69,0.021,0.426,2.9,2.95
2884,69.2,17.06,9.27,0.257,0.036,8.0,2.41
2885,7.6,13.45,6.58,0.013,0.211,7.2,2.5
2886,289.3,12.71,4.26,0.031,0.049,3.4,1.76
2887,12.4,15.0,2.7,0.452,0.016,5.4,1.63
2888,20.9,11.11,1.32,0.017,0.076,6.6,0.68
2889,49.9,16.44,1.43,0.058,0.036,4.7,2.61
2890,111.8,11.08,1.65,0.039,0.012,3.8,0.08
2891,44.6,8.49,3.32,0.165,0.051,4.2,0.4
2892,11.3,8.12,2.66,0.056,0.117,5.0,2.79
2893,64.7,12.32,3.96,0.265,0.05,8.4,1.04
2894,15.7,8.27,5.33,0.317,0.062,3.7,0.45
2895,21.7,16.63,1.23,0.015,0.016,1.6,1.82
2896,6.7,9.29,1.81,0.184,0.156,6.4,1.54
2897,106.3,12.21,8.63,0.016,0.189,3.5,1.96
2898,11.6,10.76,1.09,0.024,0.011,8.0,0.13
2899,65.8,11.81,5.07,0.058,0.026,2.4,1.28
2900,5.2,14.52,1.95,0.017,0.417,1.8,2.08
2901,86.2,8.34,2.35,0.193,0.162,3.8,1.03
2902,147.9,15.12,2.04,0.489,0.604,7.6,0.47
2903,180.8,17.76,4.49,0.182,0.013,1.7,0.87
2904,86.4,14.67,3.8,0.068,0.15,1.3,2.76
2905,243.6,15.73,1.59,0.307,0.231,4.4,0.11
2906,280.9,15.56,1.36,0.209,0.027,6.3,0.39
2907,3.1,12.83,8.22,0.022,0.081,6.0,0.58
2908,272.0,10.13,1.04,0.027,0.035,3.7,1.46
2909,16.3,9.39,8.17,0.081,0.259,7.5,0.79
2910,22.1,11.26,1.52,0.038,0.011,1.5,1.62
2911,6.5,13.78,3.2,0.193,0.176,2.1,0.63
2912,3.4,8.24,1.6,0.264,0.053,1.6,0.7
2913,68.0,12.81,3.09,0.261,0.081,7.0,1.65
2914,13.9,10.24,7.07,0.017,0.424,5.6,0.19
2915,61.5,15.38,6.2,0.417,0.043,1.5,1.77
2916,4.0,8.72,3.04,0.091,0.011,4.8,1.94
2917,10.7,13.62,1.36,0.225,0.011,1.8,0.87
2918,3.6,14.01,1.48,0.085,0.665,8.8,2.56
2919,8.9,15.28,2.45,0.038,0.098,1.7,1.92
2920,20.3,8.16,6.89,0.2,0.1,2.1,2.73
2921,150.4,9.89,8.32,0.025,0.07,2.7,1.07
2922,297.2,8.85,3.13,0.061,0.695,4.7,1.28
2923,37.4,8.39,4.07,0.262,0.125,7.0,1.41
2924,132.3,12.5,1.07,0.014,0.338,1.3,0.27
2925,14.2,14.25,7.28,0.41,0.032,3.3,0.32
2926,10.5,16.65,5.04,0.247,0.012,1.6,2.15
2927,46.1,12.07,1.9,0.13,0.191,7.1,1.69
2928,6.6,15.28,3.03,0.213,0.108,3.4,2.31
2929,131.9,13.48,1.58,0.024,0.02,1.1,1.79
2930,17.0,13.12,2.96,0.116,0.17,2.6,1.85
2931,10.4,12.4,5.13,0.028,0.014,9.3,2.32
2932,6.1,14.23,3.56,0.151,0.033,1.7,1.27
2933,270.0,9.72,5.73,0.071,0.031,8.5,1.27
2934,62.9,18.59,3.01,0.219,0.108,2.8,1.13
2935,5.0,13.57,6.32,0.068,0.151,1.4,0.09
2936,5.9,19.71,1.78,0.011,0.014,10.0,2.78
2937,25.3,10.08,1.04,0.305,0.281,7.2,2.33
2938,66.9,12.34,4.46,0.319,0.161,1.6,0.68
2939,5.9,13.76,9.4,0.043,0.074,3.0,2.72
2940,60.1,16.26,3.96,0.105,0.327,6.3,2.5
2941,5.8,16.46,4.49,0.034,0.584,1.8,1.79
2942,17.7,14.08,3.46,0.088,0.053,7.6,0.8
2943,87.9,8.14,4.26,0.021,0.113,1.6,1.65
2944,8.9,18.65,1.96,0.015,0.012,5.3,2.68
2945,31.0,10.22,5.0,0.069,0.299,3.7,0.12
2946,46.8,17.9,5.09,0.441,0.016,4.6,1.04
2947,17.7,10.77,4.02,0.382,0.232,3.1,2.03
2948,11.1,19.68,9.25,0.145,0.032,4.2,1.4
2949,128.1,10.4,9.64,0.019,0.028,9.2,2.58
2950,63.1,12.2,1.43,0.018,0.151,8.3,0.31
2951,193.7,9.33,9.61,0.451,0.057,3.5,2.57
2952,3.3,13.05,5.8,0.347,0.039,5.4,1.27
2953,28.8,10.81,5.04,0.041,0.749,3.8,1.54
2954,75.0,17.29,2.63,0.313,0.057,3.3,1.09
2955,12.1,18.13,6.52,0.055,0.121,1.6,1.25
2956,129.5,9.24,4.2,0.022,0.015,6.2,1.87
2957,10.8,10.15,1.05,0.136,0.53,2.1,2.22
2958,13.3,11.02,1.57,0.027,0.036,7.0,2.33
2959,7.6,11.14,1.33,0.21,0.653,6.6,2.94
2960,103.3,15.65,1.37,0.043,0.013,4.2,0.97
2961,111.9,10.82,4.36,0.139,0.18,6.3,0.25
2962,38.0,8.42,1.01,0.143,0.155,1.3,0.21
2963,73.3,9.86,6.21,0.05,0.574,1.7,2.9
2964,160.8,9.23,1.88,0.045,0.707,7.6,2.85
2965,98.8,10.16,3.47,0.021,0.785,7.9,1.55
2966,4.5,18.49,2.34,0.305,0.924,4.1,2.7
2967,38.8,14.64,1.26,0.283,0.202,2.2,1.37
2968,38.2,16.57,2.71,0.067,0.345,1.7,2.93
2969,232.9,14.35,1.9,0.088,0.969,6.1,0.76
2970,230.0,18.67,2.41,0.045,0.216,1.3,1.17
2971,200.8,9.77,1.13,0.047,0.103,2.2,1.04
2972,61.2,15.86,3.02,0.149,0.168,3.9,1.31
2973,22.1,17.18,1.02,0.184,0.617,2.4,0.02
2974,135.4,11.4,2.61,0.431,0.884,2.3,0.14
2975,17.7,10.84,3.71,0.049,0.149,1.8,2.54
2976,10.2,8.8,2.55,0.041,0.739,1.9,2.29
2977,295.2,9.06,4.17,0.131,0.179,3.6,1.15
2978,30.4,18.49,2.72,0.024,0.895,1.3,2.52
2979,28.9,19.85,2.87,0.016,0.117,7.9,0.23
2980,7.7,10.5,3.15,0.053,0.02,4.2,1.92
2981,119.7,11.94,1.77,0.039,0.137,1.2,2.23
2982,5.8,17.15,1.5,0.401,0.014,2.3,0.99
2983,51.4,9.46,1.46,0.013,0.042,8.1,0.47
2984,6.6,9.37,8.87,0.017,0.016,2.4,0.82
2985,10.7,16.35,1.34,0.01,0.034,1.8,2.29
2986,18.9,10.93,2.62,0.411,0.083,2.3,2.3
2987,97.2,9.62,1.15,0.012,0.142,1.7,1.77
2988,27.8,8.21,4.58,0.049,0.288,1.7,2.13
2989,9.2,16.47,3.4,0.061,0.383,2.1,1.57
2990,130.9,8.67,4.73,0.139,0.044,4.5,1.73
2991,4.0,18.59,8.14,0.352,0.257,1.5,2.18
2992,22.6,8.8,6.03,0.423,0.014,7.0,0.67
2993,11.3,14.42,3.26,0.458,0.014,4.7,0.89
2994,51.2,16.46,5.2,0.239,0.122,2.5,1.07
2995,30.5,18.54,3.12,0.021,0.567,4.9,1.55
2996,153.5,15.34,1.05,0.173,0.042,1.0,1.24
2997,47.9,16.04,4.06,0.189,0.583,4.1,2.49
2998,6.6,18.92,7.7,0.265,0.055,1.7,2.59
2999,5.2,16.71,9.75,0.395,0.117,4.7,1.24
3000,294.9,15.24,3.64,0.062,0.018,2.0,0.74
3001,117.2,19.83,2.89,0.05,0.152,4.6,1.17
3002,209.6,12.42,2.44,0.026,0.022,1.8,2.85
3003,153.4,9.39,2.89,0.044,0.101,2.6,0.36
3004,48.5,14.14,6.97,0.038,0.012,4.4,0.77
3005,11.1,13.18,7.55,0.044,0.675,9.7,0.63
3006,44.4,10.8,4.71,0.077,0.107,1.4,1.47
3007,41.4,8.56,1.89,0.196,0.238,5.9,1.98
3008,8.4,9.39,2.71,0.28,0.397,4.1,1.88
3009,128.0,8.49,1.23,0.284,0.122,4.2,0.82
3010,29.8,10.19,1.49,0.014,0.342,2.5,1.07
3011,67.4,8.64,7.11,0.048,0.303,1.2,2.62
3012,181.2,16.35,1.53,0.097,0.259,2.1,0.62
3013,21.8,11.37,3.84,0.222,0.03,5.1,0.34
3014,3.7,19.62,2.05,0.012,0.324,1.3,1.66
3015,8.6,19.85,1.07,0.011,0.017,3.0,0.08
3016,5.5,8.16,3.97,0.162,0.215,1.8,2.34
3017,12.8,11.11,2.91,0.116,0.514,3.6,1.62
3018,168.9,13.28,5.04,0.014,0.912,5.0,1.98
3019,5.3,13.83,1.32,0.072,0.04,8.2,1.48
3020,5.1,14.56,1.35,0.013,0.133,2.3,1.14
3021,57.1,13.47,2.19,0.069,0.101,1.0,1.76
3022,25.4,16.15,2.69,0.277,0.054,1.5,0.1
3023,166.5,16.71,4.06,0.386,0.946,9.2,1.04
3024,28.1,12.47,2.29,0.035,0.126,8.4,0.36
3025,45.5,13.24,1.81,0.071,0.06,7.2,2.2
3026,3.9,10.22,3.06,0.043,0.773,7.1,0.95
3027,16.7,15.68,1.11,0.081,0.055,3.1,2.92
3028,21.6,16.62,3.07,0.054,0.439,5.0,1.99
3029,54.4,14.25,3.26,0.052,0.06,5.0,2.0
3030,244.4,9.72,1.97,0.048,0.307,1.2,0.21
3031,19.0,14.74,7.17,0.472,0.028,3.1,2.11
3032,19.1,10.49,3.08,0.018,0.031,6.6,0.41
3033,37.4,16.56,9.78,0.127,0.05,1.4,1.59
3034,4.1,17.57,6.64,0.019,0.018,8.7,2.17
3035,6.3,16.83,8.64,0.108,0.088,1.2,1.69
3036,5.9,10.37,1.48,0.071,0.426,2.2,2.41
3037,70.4,8.83,1.47,0.012,0.145,1.5,2.26
3038,17.6,10.33,1.33,0.01,0.037,7.8,2.36
3039,11.2,14.12,6.85,0.343,0.291,7.7,2.51
3040,17.4,12.85,1.94,0.011,0.016,3.7,2.85
3041,8.8,16.05,1.57,0.012,0.022,1.8,2.7
3042,9.3,10.19,3.04,0.029,0.433,4.4,2.52
3043,204.0,10.34,3.49,0.077,0.13,8.9,1.25
3044,71.4,8.29,9.02,0.021,0.011,2.5,0.05
3045,10.6,19.81,3.39,0.016,0.045,1.0,1.84
3046,3.6,12.59,8.19,0.014,0.229,3.4,2.74
3047,106.7,13.89,1.76,0.024,0.419,7.3,0.91
3048,11.6,10.29,5.09,0.14,0.032,1.1,0.64
3049,101.2,9.88,2.6,0.113,0.057,1.3,2.57
3050,93.3,16.22,3.34,0.091,0.039,1.4,1.05
3051,48.9,15.17,7.82,0.127,0.019,2.5,0.46
3052,9.2,11.02,1.87,0.126,0.065,3.3,1.99
3053,65.7,15.44,8.63,0.068,0.221,1.4,0.42
3054,12.8,12.3,2.36,0.152,0.018,1.4,2.21
3055,54.2,17.24,1.77,0.206,0.062,4.5,1.83
3056,183.1,14.6,3.69,0.013,0.415,3.0,0.01
3057,231.3,8.59,4.28,0.038,0.085,7.8,0.58
3058,4.6,10.68,6.78,0.034,0.036,1.6,0.77
3059,65.0,13.87,3.51,0.176,0.016,4.1,0.59
3060,13.8,9.73,4.05,0.026,0.152,1.6,0.19
3061,57.7,8.32,3.03,0.367,0.337,1.0,1.01
3062,5.6,17.62,5.49,0.021,0.013,1.9,0.24
3063,24.8,15.13,5.16,0.012,0.383,1.5,0.46
3064,16.5,12.92,4.05,0.036,0.404,2.2,2.29
3065,31.0,9.11,6.94,0.015,0.139,7.0,1.89
3066,21.6,12.99,5.37,0.204,0.245,2.3,1.93
3067,4.0,12.03,4.47,0.034,0.061,6.0,2.18
3068,11.2,12.52,1.07,0.011,0.069,6.3,1.5
3069,238.6,17.16,1.04,0.153,0.033,3.6,1.04
3070,16.4,9.06,1.61,0.119,0.091,4.1,2.53
3071,7.2,8.74,5.17,0.031,0.046,2.1,0.78
3072,131.4,15.81,6.34,0.05,0.058,3.3,1.95
3073,34.4,16.42,3.12,0.357,0.063,8.8,1.59
3074,62.4,15.85,6.07,0.01,0.033,9.9,0.84
3075,41.6,16.04,4.28,0.033,0.231,2.7,0.31
3076,4.6,19.66,2.93,0.083,0.676,6.9,1.14
3077,139.7,13.3,6.8,0.014,0.036,3.7,1.32
3078,184.4,14.58,2.73,0.016,0.011,1.2,2.04
3079,268.2,12.6,2.82,0.103,0.013,4.5,1.95
3080,26.0,18.39,4.77,0.015,0.052,4.0,1.42
3081,4.7,10.6,9.93,0.034,0.049,6.3,1.46
3082,4.2,14.13,5.6,0.034,0.739,7.0,1.63
3083,170.3,12.74,8.53,0.273,0.268,7.7,1.98
3084,25.9,14.18,3.5,0.031,0.154,6.1,0.01
3085,52.8,10.48,1.89,0.255,0.234,5.7,0.0
3086,17.1,8.57,4.15,0.024,0.907,1.4,2.08
3087,53.2,19.34,1.04,0.016,0.012,1.3,0.31
3088,33.4,10.58,1.41,0.138,0.043,1.9,2.01
3089,137.3,10.69,2.74,0.185,0.548,4.8,2.37
3090,3.2,16.19,1.83,0.27,0.014,5.3,1.18
3091,16.0,10.48,2.38,0.221,0.243,8.5,2.85
3092,150.0,15.26,3.17,0.056,0.563,5.0,1.12
3093,19.9,17.95,2.31,0.078,0.024,1.3,0.21
3094,99.6,9.36,10.0,0.04,0.153,2.3,2.03
3095,5.3,19.6,1.37,0.115,0.031,9.9,1.22
3096,51.5,11.79,3.92,0.013,0.035,1.5,2.89
3097,16.0,9.31,5.1,0.011,0.072,4.5,0.73
3098,9.9,15.89,1.48,0.011,0.012,5.2,1.7
3099,151.3,18.87,4.05,0.021,0.255,1.4,0.84
3100,8.3,8.12,2.93,0.205,0.235,4.8,2.64
3101,26.5,8.14,1.86,0.031,0.213,1.9,0.97
3102,21.0,13.99,4.96,0.47,0.06,1.6,0.03
3103,81.9,12.91,9.4,0.012,0.037,2.1,1.05
3104,5.0,19.26,1.55,0.322,0.023,1.7,2.62
3105,37.2,11.85,7.09,0.33,0.016,5.2,1.3
3106,92.5,8.48,1.17,0.142,0.034,1.1,1.0
3107,219.3,14.12,4.52,0.166,0.019,3.1,2.53
3108,12.6,12.57,4.63,0.04,0.837,1.3,1.15
3109,6.1,18.27,1.66,0.143,0.958,3.2,1.24
3110,4.9,10.89,4.79,0.374,0.017,2.0,2.02
3111,3.9,19.45,1.0,0.077,0.066,1.5,0.9
3112,107.8,13.91,4.41,0.329,0.142,1.6,0.43
3113,29.6,9.35,2.6,0.015,0.019,1.9,0.58
3114,4.4,13.0,9.73,0.021,0.044,7.5,1.07
3115,104.9,18.15,1.15,0.02,0.837,1.0,1.23
3116,25.2,10.42,6.49,0.033,0.346,2.2,1.33
3117,7.1,13.5,2.49,0.034,0.029,9.5,0.1
3118,3.9,11.49,5.14,0.129,0.534,2.9,1.05
3119,288.5,8.49,1.54,0.04,0.166,1.2,1.93
3120,9.5,8.61,8.78,0.087,0.205,2.3,0.95
3121,25.4,10.78,7.27,0.012,0.042,1.4,0.37
3122,7.2,8.14,4.92,0.032,0.071,1.1,1.19
3123,3.4,18.05,1.37,0.1,0.484,5.7,0.17
3124,34.1,10.72,1.15,0.045,0.553,1.6,1.09
3125,137.2,12.62,1.35,0.151,0.382,2.1,1.32
3126,19.4,12.09,3.42,0.295,0.031,2.3,0.52
3127,4.4,17.59,7.2,0.113,0.075,6.4,2.31
3128,74.1,19.44,2.92,0.182,0.169,3.6,2.49
3129,43.6,14.67,4.74,0.35,0.28,5.6,2.88
3130,92.4,17.27,8.87,0.066,0.642,6.6,1.28
3131,35.5,13.29,5.12,0.429,0.771,1.2,1.35
3132,139.6,14.73,2.8,0.231,0.033,3.3,1.87
3133,22.2,10.45,5.9,0.013,0.043,6.7,1.87
3134,209.6,10.78,6.52,0.218,0.025,2.6,2.89
3135,85.0,14.52,1.6,0.011,0.661,2.6,0.11
3136,13.7,9.55,5.54,0.013,0.062,2.4,2.93
3137,156.0,18.36,2.23,0.055,0.369,4.2,1.63
3138,88.2,12.04,3.47,0.285,0.382,2.2,1.61
3139,3.2,11.95,1.14,0.017,0.877,8.0,1.23
3140,11.7,17.95,9.36,0.011,0.221,9.0,2.22
3141,84.0,8.6,1.43,0.072,0.02,4.2,0.37
3142,140.3,8.63,1.76,0.011,0.707,1.6,0.34
3143,57.6,8.54,1.71,0.057,0.06,1.8,0.97
3144,39.4,11.35,7.64,0.137,0.037,4.0,1.74
3145,23.5,9.79,1.57,0.037,0.184,3.2,0.08
3146,60.7,18.01,1.42,0.323,0.118,6.7,1.02
3147,24.8,9.74,6.29,0.097,0.021,1.3,2.73
3148,176.2,11.75,6.71,0.324,0.556,4.0,1.84
3149,42.5,8.65,3.91,0.308,0.12,4.1,1.36
3150,11.7,9.42,1.23,0.027,0.011,3.4,0.12
3151,33.3,13.6,1.06,0.342,0.38,2.9,2.48
3152,58.0,11.12,1.78,0.24,0.268,1.6,2.4
3153,42.4,10.22,1.03,0.039,0.521,1.2,0.84
3154,28.2,14.77,6.44,0.058,0.015,4.2,0.37
3155,5.0,8.47,1.45,0.119,0.017,8.8,1.23
3156,297.4,8.87,1.11,0.297,0.012,3.1,2.15
3157,27.0,9.96,2.06,0.011,0.044,9.4,2.03
3158,25.1,18.63,4.37,0.097,0.012,1.2,1.63
3159,90.1,13.49,2.12,0.057,0.082,4.3,1.49
3160,107.4,9.55,2.61,0.153,0.464,1.9,1.44
3161,93.0,16.58,1.53,0.226,0.086,5.5,1.3
3162,172.6,10.39,3.36,0.033,0.116,2.4,1.69
3163,41.4,9.4,3.93,0.032,0.077,3.6,1.0
3164,46.9,13.08,7.13,0.087,0.145,6.7,1.42
3165,288.8,8.17,1.97,0.342,0.177,3.3,1.08
3166,85.3,12.75,2.86,0.024,0.141,4.7,1.21
3167,25.8,19.4,2.23,0.062,0.172,1.4,1.89
3168,249.9,13.54,4.55,0.014,0.079,5.6,1.25
3169,201.7,12.37,2.52,0.074,0.012,2.1,1.68
3170,89.9,12.15,1.62,0.02,0.019,3.7,0.09
3171,40.4,17.81,3.06,0.027,0.24,1.1,0.3
3172,3.7,16.99,1.31,0.022,0.129,1.2,2.23
3173,11.5,17.4,2.31,0.073,0.216,2.1,1.22
3174,42.0,11.14,1.55,0.325,0.049,3.0,2.47
3175,3.1,12.04,3.97,0.034,0.364,2.6,2.48
3176,6.6,8.08,3.6,0.024,0.01,1.1,1.39
3177,255.4,8.19,7.24,0.023,0.264,1.2,0.36
3178,3.7,15.99,8.74,0.062,0.023,1.0,2.9
3179,8.8,13.4,3.52,0.179,0.681,1.2,1.01
3180,248.2,8.67,5.26,0.169,0.023,4.0,1.55
3181,5.4,11.61,6.08,0.04,0.565,1.1,2.87
3182,50.1,8.02,1.33,0.371,0.015,3.0,2.6
3183,146.5,10.94,8.01,0.15,0.293,4.1,2.51
3184,7.5,14.49,9.95,0.033,0.279,1.9,1.22
3185,7.6,12.82,2.09,0.147,0.03,4.6,1.1
3186,10.5,8.42,1.17,0.044,0.574,1.2,0.35
3187,8.2,14.59,2.74,0.026,0.313,9.3,0.34
3188,192.7,17.24,2.22,0.014,0.806,1.5,2.66
3189,21.4,13.11,4.06,0.216,0.082,5.4,0.85
3190,27.9,17.15,6.71,0.052,0.04,3.8,2.7
3191,6.7,8.38,4.84,0.171,0.041,2.9,1.42
3192,22.0,17.33,3.27,0.465,0.056,1.4,0.82
3193,9.1,8.26,5.79,0.213,0.014,5.3,1.89
3194,93.3,19.88,1.75,0.205,0.066,2.2,0.93
3195,56.6,12.17,8.12,0.015,0.049,4.6,1.37
3196,47.0,8.66,6.68,0.271,0.024,2.6,0.84
3197,15.9,10.05,9.2,0.013,0.294,4.0,0.9
3198,125.2,8.58,2.72,0.037,0.381,7.1,0.7
3199,3.4,9.48,7.51,0.154,0.022,7.8,0.55
3200,144.0,13.52,1.14,0.044,0.096,1.0,2.3
3201,13.6,12.52,2.77,0.05,0.011,2.8,0.65
3202,36.2,11.87,8.89,0.071,0.04,2.1,0.64
3203,12.9,15.02,1.32,0.031,0.169,1.8,0.16
3204,9.2,9.32,3.6,0.012,0.037,2.6,2.63
3205,12.7,14.38,2.61,0.068,0.931,1.1,2.14
3206,6.2,15.53,2.86,0.01,0.28,3.7,2.81
3207,11.9,14.54,2.01,0.019,0.017,8.4,2.27
3208,74.0,13.79,5.84,0.028,0.328,2.1,2.32
3209,7.1,9.92,4.96,0.406,0.047,2.7,2.01
3210,7.6,8.76,3.32,0.035,0.199,1.9,2.79
3211,3.2,11.02,1.56,0.039,0.342,4.5,2.79
3212,9.3,15.42,2.06,0.293,0.275,1.8,0.84
3213,253.4,15.93,4.79,0.04,0.035,1.6,2.1
3214,3.9,11.01,5.08,0.02,0.597,6.2,1.73
3215,28.5,13.68,1.04,0.148,0.025,7.3,2.28
3216,3.1,15.29,3.18,0.043,0.565,1.1,0.71
3217,51.2,9.59,3.05,0.053,0.021,1.4,2.54
3218,4.8,11.2,1.8,0.352,0.845,8.5,1.15
3219,63.9,9.35,4.54,0.02,0.021,2.5,1.62
3220,13.5,18.47,2.18,0.357,0.013,4.3,0.52
3221,19.6,8.2,6.25,0.026,0.347,1.4,1.12
3222,189.7,9.75,5.9,0.015,0.04,2.7,2.6
3223,23.0,11.94,5.48,0.139,0.381,9.1,2.53
3224,11.1,16.94,1.86,0.026,0.564,1.2,2.21
3225,24.6,8.07,3.29,0.012,0.503,1.4,2.72
3226,3.4,8.55,5.85,0.036,0.826,3.2,2.93
3227,9.6,10.16,1.75,0.273,0.243,3.7,2.6
3228,71.8,8.21,1.6,0.023,0.139,1.0,2.8
3229,49.3,11.06,2.24,0.348,0.034,1.6,1.43
3230,111.1,12.67,1.11,0.099,0.331,1.4,2.69
3231,23.2,17.93,1.28,0.031,0.923,1.6,1.07
3232,98.0,15.57,1.19,0.26,0.152,5.5,0.63
3233,182.6,19.63,2.59,0.034,0.012,1.4,2.73
3234,93.5,12.82,3.4,0.283,0.057,6.2,0.63
3235,32.7,11.65,6.16,0.076,0.035,7.2,1.93
3236,12.9,11.76,1.93,0.055,0.038,2.6,2.45
3237,45.3,10.9,1.41,0.139,0.033,3.4,1.47
3238,95.8,8.82,5.73,0.08,0.334,4.2,2.78
3239,9.4,12.42,1.19,0.147,0.557,3.9,2.79
3240,21.0,10.72,2.56,0.369,0.015,1.4,1.68
3241,17.0,13.43,3.7,0.021,0.825,1.1,0.94
3242,17.7,18.09,4.09,0.468,0.341,1.9,0.15
3243,5.1,13.21,2.04,0.03,0.132,7.5,0.65
3244,271.8,15.04,2.27,0.076,0.153,5.9,0.19
3245,3.9,8.96,1.27,0.212,0.32,6.1,2.44
3246,8.0,15.69,3.54,0.026,0.031,3.2,2.26
3247,3.3,10.92,1.76,0.101,0.292,4.4,0.31
3248,11.2,19.37,4.42,0.055,0.647,2.2,2.62
3249,174.7,15.0,1.04,0.094,0.02,8.0,0.58
3250,73.9,11.93,1.39,0.04,0.015,1.5,2.67
3251,49.6,9.04,1.24,0.029,0.053,2.7,1.45
3252,125.5,13.87,1.42,0.272,0.106,1.4,0.84
3253,80.3,9.02,9.06,0.237,0.087,1.6,1.44
3254,11.1,8.53,1.38,0.014,0.884,4.0,0.97
3255,9.2,17.59,2.74,0.038,0.364,1.2,2.71
3256,9.5,16.51,9.04,0.076,0.502,3.0,1.29
3257,11.2,10.06,1.42,0.15,0.013,1.8,2.9
3258,31.3,14.26,1.54,0.031,0.012,3.1,1.26
3259,12.1,11.43,2.73,0.382,0.01,7.1,0.54
3260,243.1,16.15,1.76,0.035,0.921,2.3,1.94
3261,33.3,8.15,4.1,0.021,0.045,1.1,1.42
3262,29.9,10.19,3.52,0.094,0.054,1.2,2.73
3263,49.0,13.57,3.97,0.336,0.059,2.7,2.43
3264,21.9,16.86,4.28,0.035,0.786,1.4,0.35
3265,3.5,9.58,8.53,0.084,0.47,3.2,2.88
3266,30.1,9.12,5.15,0.054,0.794,1.6,1.38
3267,76.9,9.05,4.12,0.072,0.032,1.8,1.74
3268,4.5,16.98,2.28,0.014,0.12,6.8,1.42
3269,22.6,19.06,2.39,0.338,0.723,9.7,1.77
3270,60.8,16.74,1.92,0.4,0.919,8.8,0.0
3271,127.6,14.45,3.99,0.015,0.277,8.0,1.01
3272,178.1,11.01,2.28,0.451,0.19,8.6,1.3
3273,24.7,9.68,1.66,0.017,0.312,4.5,1.23
3274,6.3,8.76,2.0,0.024,0.061,1.6,2.18
3275,193.5,14.71,6.0,0.13,0.064,5.1,2.84
3276,33.9,8.12,3.1,0.409,0.226,4.3,0.17
3277,10.2,11.63,2.74,0.068,0.019,1.6,0.16
3278,18.8,19.7,7.27,0.015,0.066,1.7,1.83
3279,107.8,8.06,5.27,0.384,0.335,1.0,2.39
3280,3.8,8.99,1.62,0.316,0.087,5.9,2.59
3281,213.7,15.13,1.64,0.044,0.057,1.9,0.63
3282,4.0,14.14,1.18,0.021,0.076,1.3,0.92
3283,5.9,8.72,6.73,0.064,0.143,5.1,0.3
3284,80.5,18.08,6.32,0.034,0.044,1.1,2.46
3285,90.2,9.85,2.2,0.408,0.604,6.2,2.35
3286,4.6,14.36,3.73,0.05,0.591,2.4,2.43
3287,8.2,8.46,1.8,0.013,0.021,6.3,0.99
3288,158.6,19.85,3.44,0.066,0.116,2.6,2.28
3289,234.5,10.38,7.16,0.022,0.606,1.9,0.66
3290,47.2,12.43,4.8,0.055,0.029,1.0,0.27
3291,210.0,13.21,1.63,0.024,0.646,8.1,2.06
3292,7.6,17.06,1.45,0.023,0.733,7.0,2.25
3293,11.9,14.84,7.55,0.316,0.012,5.3,2.36
3294,27.8,9.03,5.24,0.338,0.966,1.1,2.29
3295,48.7,13.59,4.77,0.012,0.138,1.7,0.67
3296,9.9,8.25,8.68,0.439,0.094,1.1,1.6
3297,18.7,15.68,9.28,0.184,0.302,5.3,1.75
3298,19.0,14.61,5.02,0.045,0.296,4.9,0.07
3299,11.4,13.15,1.84,0.338,0.035,2.4,0.32
3300,14.4,13.84,5.7,0.168,0.028,6.1,0.16
3301,122.4,9.97,4.99,0.193,0.217,5.9,1.34
3302,158.8,9.74,5.63,0.016,0.861,2.1,2.67
3303,119.6,18.33,3.67,0.011,0.252,4.1,0.37
3304,4.9,8.41,7.1,0.107,0.058,1.8,1.28
3305,12.9,10.12,4.21,0.051,0.016,1.7,1.75
3306,211.0,8.45,2.24,0.192,0.117,1.5,1.96
3307,13.1,8.13,3.06,0.454,0.071,8.1,1.83
3308,13.5,11.8,9.95,0.222,0.141,1.4,2.06
3309,18.4,9.77,4.13,0.053,0.836,5.3,0.04
3310,227.9,11.15,5.48,0.055,0.396,3.0,1.94
3311,57.8,12.63,1.2,0.087,0.317,1.0,0.49
3312,107.0,12.67,1.68,0.111,0.513,3.1,0.35
3313,4.9,8.69,1.62,0.027,0.06,2.4,2.0
3314,9.2,14.35,7.99,0.026,0.682,1.1,2.9
3315,164.1,9.92,1.6,0.044,0.296,6.0,2.68
3316,241.9,10.81,3.29,0.138,0.027,8.7,2.27
3317,92.4,9.97,1.74,0.024,0.154,8.6,1.59
3318,8.2,11.16,7.52,0.042,0.011,3.6,1.85
3319,205.4,15.23,2.66,0.112,0.017,1.9,0.15
3320,29.0,8.44,8.59,0.163,0.314,1.9,0.72
3321,5.2,9.9,7.22,0.082,0.991,4.7,2.19
3322,5.5,18.18,1.86,0.042,0.127,8.5,0.35
3323,236.3,11.47,7.66,0.052,0.151,4.5,1.97
3324,10.4,13.31,1.39,0.209,0.108,2.5,1.37
3325,33.5,8.18,1.23,0.082,0.028,1.1,1.08
3326,68.9,12.59,5.91,0.054,0.067,6.4,2.32
3327,181.7,13.62,5.2,0.047,0.011,2.1,1.07
3328,11.2,8.22,6.23,0.055,0.711,5.2,2.58
3329,11.5,11.32,3.49,0.011,0.031,8.1,0.75
3330,43.1,9.32,4.64,0.011,0.482,4.6,0.15
3331,22.0,8.06,1.42,0.011,0.014,1.0,1.85
3332,146.9,15.3,3.12,0.41,0.623,1.4,2.14
3333,205.6,9.96,9.64,0.022,0.022,2.6,1.96
3334,84.3,10.13,3.98,0.104,0.362,2.1,1.23
3335,8.7,16.14,2.59,0.492,0.045,2.4,0.66
3336,32.0,18.37,6.95,0.101,0.653,1.7,0.83
3337,84.7,8.6,1.17,0.017,0.249,1.6,0.53
3338,9.0,18.64,7.42,0.12,0.254,1.5,0.57
3339,128.1,9.42,4.22,0.105,0.078,1.4,2.56
3340,157.5,16.51,1.25,0.031,0.206,2.6,0.59
3341,135.8,9.77,3.71,0.062,0.016,2.3,1.62
3342,124.8,15.92,3.86,0.461,0.164,1.5,1.12
3343,200.1,17.43,6.9,0.051,0.358,4.8,2.29
3344,82.1,10.2,2.02,0.18,0.281,3.7,0.29
3345,15.5,14.41,1.27,0.06,0.214,4.0,1.03
3346,101.0,11.04,1.64,0.338,0.335,2.2,2.03
3347,24.0,10.2,1.07,0.026,0.012,2.0,2.39
3348,15.1,17.69,1.38,0.232,0.013,1.7,1.97
3349,152.4,14.5,6.15,0.02,0.365,5.8,1.51
3350,224.4,18.16,3.95,0.421,0.025,1.2,1.12
3351,144.3,9.41,4.52,0.096,0.221,5.0,1.59
3352,10.5,11.48,3.89,0.381,0.017,1.2,1.7
3353,48.7,10.44,3.22,0.034,0.049,1.2,1.69
3354,46.6,18.19,3.09,0.44,0.015,6.5,0.95
3355,86.7,15.31,1.12,0.013,0.026,1.3,0.63
3356,53.0,13.2,9.74,0.441,0.193,5.3,0.39
3357,3.0,19.62,8.42,0.124,0.87,1.5,0.92
3358,133.8,8.55,3.24,0.028,0.145,1.6,0.16
3359,8.0,11.14,2.17,0.134,0.03,3.7,0.09
3360,219.0,14.9,4.95,0.172,0.024,7.5,0.32
3361,148.9,9.39,1.08,0.043,0.031,3.6,2.04
3362,24.0,16.79,7.48,0.342,0.017,3.6,1.2
3363,33.4,13.84,7.47,0.349,0.03,7.0,0.65
3364,86.5,10.52,2.17,0.172,0.017,1.1,1.66
3365,31.0,16.1,3.37,0.06,0.033,5.2,1.68
3366,289.1,8.82,2.39,0.317,0.025,4.5,1.93
3367,34.6,9.35,1.75,0.42,0.03,8.9,2.85
3368,3.1,9.6,1.44,0.041,0.492,2.7,2.05
3369,44.7,15.17,7.78,0.038,0.016,2.5,2.1
3370,22.5,9.4,1.14,0.327,0.118,1.0,1.3
3371,108.7,11.79,1.07,0.126,0.382,1.7,2.41
3372,61.8,16.97,1.32,0.281,0.017,1.6,1.51
3373,105.1,17.34,1.38,0.017,0.01,1.3,0.12
3374,51.8,17.66,1.31,0.014,0.022,1.3,1.11
3375,18.2,13.43,1.54,0.031,0.072,2.7,0.7
3376,20.4,10.14,3.86,0.157,0.205,1.0,2.46
3377,35.0,9.89,6.58,0.012,0.147,5.5,0.16
3378,6.8,10.91,3.36,0.18,0.1,2.0,1.04
3379,10.0,15.67,1.85,0.176,0.062,2.9,2.71
3380,3.3,9.77,10.0,0.013,0.019,6.6,2.0
3381,23.4,11.41,1.08,0.29,0.012,9.1,0.1
3382,198.1,14.71,8.18,0.044,0.116,1.0,0.0
3383,14.7,19.21,3.96,0.228,0.228,1.1,0.98
3384,3.7,9.04,1.33,0.255,0.086,1.8,1.76
3385,65.3,15.29,1.12,0.428,0.109,3.4,2.3
3386,3.8,17.01,1.28,0.011,0.099,1.7,2.3
3387,57.2,13.99,2.44,0.017,0.682,7.8,2.88
3388,7.4,8.34,7.52,0.077,0.111,3.0,2.39
3389,7.2,11.86,6.87,0.296,0.044,7.5,2.34
3390,6.9,11.88,1.57,0.028,0.163,1.4,1.93
3391,117.8,8.5,3.4,0.194,0.366,2.3,0.11
3392,10.0,10.11,2.75,0.036,0.024,2.5,1.33
3393,17.6,17.7,3.42,0.033,0.457,7.5,0.76
3394,6.7,15.42,1.53,0.053,0.12,1.7,2.33
3395,254.2,11.34,1.24,0.314,0.076,1.1,1.19
3396,113.6,17.54,2.85,0.018,0.084,1.9,0.41
3397,51.0,19.88,9.11,0.074,0.016,1.9,1.97
3398,11.2,17.04,8.84,0.013,0.084,5.3,0.87
3399,9.3,15.2,8.87,0.062,0.199,2.9,0.25
3400,5.0,10.23,5.26,0.012,0.029,1.9,2.92
3401,5.2,10.04,1.54,0.338,0.093,5.7,2.38
3402,9.8,11.82,1.2,0.247,0.014,4.8,0.81
3403,210.7,11.55,6.29,0.013,0.02,1.3,2.88
3404,43.4,15.12,2.33,0.028,0.095,6.5,2.3
3405,40.4,17.35,3.62,0.02,0.577,9.0,2.16
3406,14.2,13.65,1.54,0.456,0.116,6.7,0.73
3407,136.7,17.57,7.05,0.012,0.218,1.1,2.71
3408,242.5,11.33,1.84,0.03,0.087,6.3,1.34
3409,241.4,8.53,1.17,0.034,0.306,1.8,2.22
3410,3.9,15.11,2.2,0.061,0.516,7.6,0.23
3411,4.8,15.25,2.36,0.072,0.104,7.6,2.13
3412,48.6,12.48,1.09,0.08,0.143,3.4,0.73
3413,7.8,13.94,8.24,0.394,0.21,2.8,2.69
3414,6.6,15.69,6.21,0.08,0.02,5.2,0.5
3415,131.0,8.93,1.97,0.194,0.031,1.4,2.15
3416,71.8,10.24,1.34,0.027,0.419,1.3,0.42
3417,141.7,9.06,3.05,0.284,0.024,8.4,0.34
3418,77.8,16.37,9.83,0.01,0.35,2.4,0.82
3419,11.2,17.22,3.14,0.282,0.13,1.3,0.4
3420,23.1,13.19,1.56,0.338,0.554,2.8,1.59
3421,41.9,15.51,2.73,0.036,0.023,2.5,0.65
3422,4.4,17.95,9.65,0.355,0.382,2.9,1.27
3423,14.0,9.26,6.27,0.187,0.189,5.1,1.14
3424,6.2,18.32,1.74,0.043,0.134,2.4,0.39
3425,15.9,9.35,1.11,0.016,0.379,4.7,2.12
3426,246.4,10.89,1.02,0.029,0.013,2.6,0.2
3427,5.6,8.04,5.73,0.19,0.021,2.3,1.92
3428,3.3,12.95,3.13,0.044,0.304,1.0,0.98
3429,19.3,11.26,4.96,0.029,0.31,7.8,1.96
3430,296.0,13.41,6.87,0.235,0.097,2.7,0.56
3431,26.1,17.6,5.72,0.025,0.223,1.3,1.38
3432,212.5,14.47,1.22,0.134,0.024,2.6,1.05
3433,108.0,11.12,1.12,0.038,0.278,1.2,2.05
3434,297.7,15.07,9.06,0.095,0.596,3.3,0.78
3435,4.4,14.42,1.61,0.018,0.01,4.1,1.5
3436,215.0,10.79,9.7,0.212,0.029,8.9,1.21
3437,128.8,17.9,2.93,0.263,0.11,5.0,0.95
3438,183.4,11.74,2.4,0.021,0.023,3.6,0.73
3439,85.5,15.11,6.21,0.099,0.554,2.7,2.73
3440,28.4,14.02,2.02,0.024,0.073,6.1,0.39
3441,32.2,17.41,3.22,0.193,0.973,1.5,2.16
3442,8.2,17.86,1.34,0.022,0.291,3.0,0.5
3443,7.6,17.74,6.07,0.043,0.413,1.0,0.95
3444,97.2,12.91,1.22,0.285,0.351,1.2,2.95
3445,145.2,17.65,1.94,0.024,0.134,3.1,1.29
3446,13.8,17.86,2.12,0.03,0.25,3.4,1.38
3447,182.1,10.29,1.23,0.034,0.125,3.1,1.99
3448,95.2,15.33,2.91,0.136,0.291,7.1,2.14
3449,16.8,17.39,3.41,0.012,0.208,7.6,2.38
3450,254.6,11.22,2.23,0.037,0.199,6.1,0.46
3451,98.9,8.67,7.58,0.372,0.992,5.2,1.68
3452,13.2,8.09,5.63,0.021,0.011,1.1,2.87
3453,30.4,9.22,7.7,0.213,0.175,4.8,1.98
3454,256.0,16.4,1.89,0.129,0.892,1.4,0.12
3455,31.3,8.71,2.46,0.013,0.785,2.3,2.13
3456,292.6,8.4,3.06,0.138,0.065,4.0,0.73
3457,59.2,19.35,2.0,0.13,0.292,2.8,1.72
3458,6.4,11.44,4.09,0.061,0.041,1.1,1.53
3459,18.6,17.48,7.89,0.013,0.011,4.4,0.19
3460,84.6,15.53,1.18,0.102,0.025,3.0,0.58
3461,279.9,19.81,1.49,0.071,0.013,7.3,0.03
3462,13.2,8.52,8.36,0.073,0.016,5.7,0.1
3463,5.4,14.21,2.64,0.11,0.031,3.9,0.06
3464,34.4,18.1,7.28,0.226,0.015,7.5,2.66
3465,4.3,15.29,1.04,0.057,0.018,1.3,2.12
3466,165.6,9.78,9.39,0.016,0.954,3.7,1.44
3467,5.5,8.95,5.08,0.011,0.188,5.5,1.93
3468,8.1,8.54,1.06,0.173,0.016,1.5,1.87
3469,40.0,8.15,5.99,0.341,0.761,1.8,2.89
3470,14.6,15.78,2.25,0.017,0.234,1.4,0.16
3471,24.6,8.3,3.03,0.018,0.857,3.1,0.64
3472,13.1,8.57,2.09,0.032,0.108,5.4,0.01
3473,7.4,8.39,7.66,0.019,0.555,1.4,0.44
3474,125.5,9.6,2.2,0.031,0.302,1.3,1.43
3475,11.0,9.66,3.96,0.363,0.464,3.1,0.25
3476,45.8,15.64,4.01,0.037,0.243,1.0,1.82
3477,22.9,10.26,2.34,0.036,0.015,1.1,0.99
3478,5.3,14.7,1.61,0.021,0.037,1.7,1.66
3479,70.6,12.98,2.31,0.037,0.031,5.5,0.35
3480,6.1,8.3,3.47,0.446,0.01,6.2,0.94
3481,59.5,8.82,1.39,0.161,0.702,2.5,1.41
3482,174.8,14.29,2.13,0.102,0.227,2.8,0.17
3483,3.7,14.87,1.85,0.2,0.397,1.1,1.76
3484,37.6,17.92,1.34,0.304,0.024,1.3,1.82
3485,219.4,8.23,1.64,0.057,0.123,7.5,2.8
3486,219.7,8.71,2.5,0.197,0.178,5.4,0.07
3487,37.7,10.51,1.95,0.109,0.954,5.4,2.21
3488,99.2,8.96,3.63,0.104,0.528,8.5,2.16
3489,207.5,18.42,4.52,0.156,0.031,2.9,2.38
3490,14.7,13.49,1.62,0.019,0.119,1.4,0.03
3491,4.4,8.71,4.95,0.11,0.498,2.3,1.05
3492,75.5,14.54,2.38,0.068,0.022,1.3,2.12
3493,3.6,9.08,1.97,0.146,0.113,2.8,2.1
3494,19.7,16.82,4.47,0.157,0.132,7.0,0.84
3495,6.4,11.47,6.35,0.319,0.481,1.5,2.49
3496,218.4,17.29,1.94,0.311,0.959,3.9,0.24
3497,96.5,13.84,1.66,0.011,0.108,1.7,0.97
3498,13.8,9.68,6.03,0.014,0.807,4.5,0.17
3499,19.0,11.41,2.5,0.017,0.921,1.9,1.86
3500,3.2,8.08,4.87,0.117,0.061,7.8,1.28
3501,7.1,13.95,1.45,0.16,0.405,5.3,2.87
3502,17.8,18.37,3.0,0.065,0.148,7.7,2.84
3503,5.2,11.37,5.49,0.034,0.016,1.9,2.11
3504,5.7,18.85,7.25,0.016,0.032,6.9,0.61
3505,10.0,12.48,3.36,0.032,0.036,1.3,1.97
3506,172.8,16.03,1.1,0.018,0.473,1.1,0.62
3507,12.6,12.18,7.44,0.477,0.338,4.0,2.72
3508,9.4,9.43,7.92,0.014,0.045,2.9,0.17
3509,52.0,16.56,3.5,0.18,0.141,2.9,2.89
3510,7.7,13.9,3.64,0.024,0.048,5.1,0.23
3511,71.6,13.2,7.18,0.022,0.218,2.0,0.23
3512,49.2,15.46,5.04,0.219,0.109,4.4,2.87
3513,4.0,18.34,4.21,0.241,0.027,3.2,2.3
3514,66.1,18.73,1.34,0.064,0.017,2.2,2.06
3515,13.1,13.09,3.69,0.224,0.213,4.5,0.21
3516,13.2,9.87,1.09,0.054,0.015,2.2,2.05
3517,45.3,12.86,2.04,0.018,0.684,4.8,1.49
3518,15.9,13.72,2.8,0.124,0.414,1.7,2.0
3519,16.8,11.56,3.4,0.017,0.613,2.0,1.56
3520,27.6,15.83,1.2,0.063,0.611,5.1,2.91
3521,31.1,13.86,2.27,0.06,0.014,9.3,2.37
3522,139.9,12.53,7.59,0.261,0.112,1.8,2.27
3523,3.1,10.29,1.19,0.273,0.012,2.2,1.59
3524,18.9,8.06,5.79,0.027,0.056,5.0,2.93
3525,33.5,17.89,4.26,0.185,0.384,1.8,0.88
3526,12.6,9.49,9.01,0.156,0.016,5.4,0.77
3527,225.7,12.12,4.01,0.318,0.026,8.9,1.18
3528,81.0,17.18,5.67,0.447,0.016,3.5,0.18
3529,11.4,14.79,2.76,0.04,0.951,8.6,2.26
3530,8.7,17.72,5.27,0.036,0.788,9.9,2.59
3531,7.8,11.74,6.09,0.024,0.125,9.4,1.01
3532,53.8,9.87,3.77,0.013,0.345,10.0,0.82
3533,22.0,8.02,2.61,0.091,0.013,3.3,1.01
3534,35.8,12.82,4.36,0.015,0.053,2.6,0.41
3535,130.7,8.05,2.68,0.121,0.038,8.0,2.13
3536,6.5,18.02,1.53,0.053,0.023,1.5,1.02
3537,8.0,17.47,2.71,0.401,0.071,7.7,1.37
3538,70.1,8.64,3.8,0.446,0.051,4.2,1.39
3539,4.5,9.23,1.07,0.054,0.033,3.4,1.51
3540,205.5,11.41,2.66,0.046,0.692,4.6,2.91
3541,21.0,11.71,1.95,0.096,0.032,3.2,1.16
3542,3.1,14.8,1.6,0.03,0.027,2.1,2.03
3543,49.5,15.7,1.8,0.132,0.414,7.1,2.72
3544,4.8,13.22,3.7,0.013,0.299,1.0,0.08
3545,3.6,18.47,3.83,0.134,0.047,6.8,0.21
3546,106.4,8.1,1.23,0.016,0.06,6.6,0.39
3547,214.8,19.07,1.22,0.058,0.022,3.6,0.32
3548,291.2,12.46,5.61,0.324,0.138,2.8,1.67
3549,193.5,15.57,4.73,0.115,0.254,1.2,0.58
3550,3.4,17.9,1.75,0.026,0.773,1.8,1.48
3551,116.6,11.13,3.75,0.017,0.347,3.2,0.51
3552,93.3,15.86,5.15,0.023,0.713,2.7,1.34
3553,221.7,13.79,1.05,0.322,0.032,1.6,1.65
3554,5.7,17.42,6.01,0.309,0.128,1.5,0.78
3555,80.8,9.75,2.38,0.11,0.779,1.9,2.23
3556,209.2,12.09,6.34,0.301,0.208,2.0,2.31
3557,161.1,15.87,2.9,0.085,0.41,6.0,0.72
3558,19.7,19.25,4.19,0.053,0.136,3.7,0.99
3559,3.8,9.64,4.21,0.015,0.097,9.6,2.75
3560,118.5,8.01,9.12,0.037,0.06,6.6,1.09
3561,250.9,14.38,9.08,0.048,0.044,6.8,0.32
3562,3.5,13.55,8.5,0.046,0.039,6.5,0.38
3563,54.1,15.09,7.42,0.013,0.023,2.6,2.69
3564,51.5,18.03,1.12,0.061,0.246,2.6,2.25
3565,34.1,16.76,2.19,0.438,0.07,4.0,0.82
3566,152.5,8.12,8.2,0.102,0.701,5.4,2.06
3567,89.0,14.99,2.45,0.077,0.082,1.4,1.52
3568,4.0,15.82,1.53,0.043,0.023,5.3,2.68
3569,71.6,11.12,1.11,0.162,0.088,1.3,1.79
3570,161.6,17.89,1.49,0.223,0.121,2.2,1.68
3571,9.4,13.53,1.6,0.404,0.392,3.0,2.27
3572,77.0,18.51,1.17,0.07,0.149,6.6,1.91
3573,7.8,12.42,3.5,0.083,0.111,2.3,1.69
3574,56.7,13.58,4.15,0.459,0.031,3.6,2.06
3575,6.2,9.73,9.17,0.054,0.705,2.4,1.05
3576,6.5,10.75,4.75,0.029,0.106,1.8,2.43
3577,71.0,8.94,7.32,0.069,0.049,5.2,0.88
3578,48.9,16.37,6.7,0.404,0.798,6.1,1.98
3579,20.5,8.53,1.31,0.073,0.303,6.5,0.5
3580,280.1,19.64,9.03,0.041,0.014,2.9,2.62
3581,184.2,16.51,1.81,0.015,0.551,2.1,1.69
3582,9.5,15.14,1.3,0.018,0.297,1.8,2.32
3583,243.7,12.45,8.71,0.014,0.792,1.9,0.47
3584,12.5,10.96,2.25,0.097,0.319,1.6,0.57
3585,4.0,8.18,3.63,0.141,0.761,6.4,1.3
3586,144.1,11.83,1.23,0.237,0.044,3.1,0.65
3587,15.9,8.45,1.53,0.077,0.013,5.6,1.55
3588,13.3,16.7,9.37,0.014,0.494,1.9,1.22
3589,46.0,13.46,1.88,0.024,0.035,6.2,0.03
3590,7.2,14.4,1.33,0.01,0.041,1.1,2.87
3591,4.4,11.07,1.35,0.098,0.09,8.1,0.65
3592,43.6,9.16,3.63,0.208,0.157,3.5,1.45
3593,206.4,8.61,4.28,0.412,0.016,3.9,0.04
3594,12.3,18.47,2.03,0.027,0.37,3.9,0.97
3595,209.1,16.36,5.89,0.012,0.273,8.4,2.73
3596,104.8,11.85,2.21,0.022,0.016,3.2,2.56
3597,39.3,18.9,1.0,0.245,0.033,5.6,1.81
3598,4.8,11.24,4.59,0.339,0.016,4.0,0.15
3599,119.2,18.22,4.14,0.042,0.056,1.3,2.08
3600,59.5,13.65,4.7,0.377,0.016,3.6,1.4
3601,9.4,9.02,9.67,0.185,0.043,4.1,1.31
3602,69.3,9.43,1.8,0.024,0.062,2.7,2.1
3603,3.6,10.38,1.15,0.263,0.023,2.5,1.41
3604,259.9,15.15,4.25,0.081,0.023,1.1,1.9
3605,257.8,11.25,2.64,0.111,0.653,4.1,0.54
3606,30.5,13.39,4.44,0.059,0.238,1.9,1.32
3607,5.4,14.58,3.02,0.192,0.421,6.1,2.78
3608,40.9,18.36,2.27,0.271,0.192,6.5,1.55
3609,50.1,8.53,7.44,0.048,0.319,4.6,2.7
3610,5.6,18.05,5.68,0.272,0.018,2.5,1.74
3611,124.1,8.91,3.28,0.018,0.083,1.7,1.21
3612,40.1,15.72,3.83,0.012,0.056,5.5,2.55
3613,80.4,8.02,5.25,0.019,0.021,1.9,0.25
3614,199.8,10.75,4.97,0.413,0.032,2.9,0.0
3615,218.8,9.66,5.63,0.236,0.044,4.8,2.79
3616,85.2,13.79,3.7,0.064,0.052,3.8,2.92
3617,55.9,14.89,8.93,0.453,0.091,7.2,1.15
3618,6.7,11.75,1.42,0.084,0.419,1.0,2.17
3619,9.3,14.99,2.61,0.377,0.144,3.0,0.02
3620,120.2,16.57,5.67,0.401,0.013,1.7,2.84
3621,4.6,11.77,8.27,0.032,0.031,4.1,1.62
3622,4.5,12.84,6.84,0.354,0.062,1.5,2.85
3623,98.6,9.71,4.11,0.011,0.705,5.4,0.35
3624,5.4,8.96,1.85,0.047,0.298,2.4,0.7
3625,93.7,10.04,2.64,0.023,0.052,3.2,2.81
3626,165.7,19.66,1.81,0.176,0.017,1.7,0.14
3627,264.8,16.08,1.07,0.022,0.449,5.7,0.29
3628,65.9,19.91,3.55,0.341,0.021,6.9,1.07
3629,8.1,12.92,1.3,0.068,0.444,5.9,0.78
3630,96.8,8.3,5.61,0.085,0.044,1.8,1.3
3631,4.6,13.89,2.65,0.093,0.03,1.0,2.93
3632,83.5,17.78,1.29,0.339,0.279,1.4,0.41
3633,37.1,13.26,6.48,0.037,0.022,3.6,2.94
3634,39.8,14.73,7.87,0.041,0.018,5.8,1.51
3635,6.4,17.9,1.32,0.065,0.798,9.2,0.13
3636,48.5,12.09,4.67,0.029,0.972,4.7,2.07
3637,260.8,9.2,3.71,0.032,0.445,5.0,2.51
3638,3.3,11.97,7.61,0.095,0.044,3.1,2.37
3639,79.1,9.37,5.98,0.249,0.028,2.3,1.43
3640,38.3,15.8,5.87,0.013,0.014,7.1,2.13
3641,258.5,8.02,3.45,0.443,0.489,2.6,1.53
3642,8.9,11.29,7.29,0.235,0.067,1.8,1.27
3643,51.4,19.88,3.55,0.489,0.263,3.9,2.27
3644,8.1,10.42,1.23,0.207,0.208,2.1,0.12
3645,10.9,15.41,3.42,0.28,0.02,4.3,0.06
3646,101.1,8.63,2.54,0.019,0.161,5.0,1.17
3647,37.8,11.54,3.88,0.14,0.065,2.8,0.51
3648,25.0,8.85,7.07,0.018,0.031,2.6,1.12
3649,83.6,8.22,2.55,0.024,0.042,4.6,2.09
3650,4.7,9.44,4.59,0.011,0.045,7.2,1.28
3651,125.8,16.37,8.08,0.037,0.043,7.1,0.06
3652,6.7,8.41,1.58,0.023,0.539,3.7,1.28
3653,18.4,18.69,4.42,0.068,0.109,1.8,1.98
3654,69.9,18.04,2.73,0.063,0.02,2.3,2.09
3655,56.7,9.33,1.32,0.101,0.013,6.6,1.85
3656,66.6,10.96,1.1,0.02,0.2,1.7,0.02
3657,3.2,10.36,2.56,0.045,0.045,3.8,0.55
3658,37.3,12.41,6.09,0.489,0.011,6.1,2.77
3659,214.5,12.69,3.24,0.089,0.021,9.3,0.22
3660,20.5,11.73,5.48,0.172,0.041,7.7,2.05
3661,20.7,17.34,1.33,0.017,0.569,8.4,0.88
3662,90.1,10.77,1.06,0.077,0.042,1.3,0.05
3663,3.6,15.2,4.84,0.065,0.915,8.2,1.23
3664,33.4,8.28,4.78,0.033,0.221,7.8,0.49
3665,295.3,9.45,7.38,0.16,0.349,4.1,2.0
3666,8.6,19.11,3.22,0.499,0.036,8.0,2.36
3667,19.6,9.17,1.05,0.326,0.071,3.9,1.52
3668,4.5,13.11,3.08,0.379,0.499,5.5,1.53
3669,4.1,18.63,1.58,0.017,0.549,1.2,2.58
3670,4.6,15.55,1.16,0.046,0.017,1.8,2.87
3671,267.0,8.48,1.91,0.02,0.439,1.4,2.03
3672,69.0,12.96,1.5,0.023,0.014,3.7,1.65
3673,9.9,15.69,3.43,0.133,0.015,3.1,1.04
3674,6.9,17.79,2.38,0.285,0.634,2.7,0.71
3675,55.4,12.49,6.76,0.052,0.04,1.4,0.64
3676,65.5,10.56,6.56,0.263,0.607,1.3,2.06
3677,151.1,11.95,5.01,0.017,0.212,2.7,0.64
3678,10.9,10.95,9.16,0.03,0.299,2.9,0.44
3679,183.6,11.83,1.29,0.016,0.636,7.5,2.7
3680,46.5,12.55,4.07,0.137,0.063,5.3,0.61
3681,49.3,10.66,2.24,0.084,0.05,3.2,2.26
3682,11.5,9.79,1.0,0.016,0.013,1.2,0.63
3683,4.7,10.37,1.53,0.026,0.19,3.7,0.74
3684,52.6,13.55,6.63,0.025,0.165,1.6,0.19
3685,4.8,14.08,1.15,0.28,0.064,8.9,1.73
3686,63.1,16.08,1.53,0.157,0.057,8.7,2.49
3687,94.1,9.29,6.59,0.144,0.101,2.4,2.92
3688,141.2,9.96,3.12,0.11,0.66,5.0,2.15
3689,13.5,16.03,1.37,0.191,0.029,5.3,0.67
3690,225.1,19.47,2.0,0.066,0.02,2.8,0.23
3691,31.1,10.48,1.52,0.054,0.012,1.1,2.15
3692,30.3,9.3,2.12,0.052,0.056,4.5,1.77
3693,146.6,8.13,1.24,0.032,0.016,2.2,1.76
3694,44.8,12.17,4.48,0.023,0.314,9.4,2.56
3695,56.3,9.64,6.16,0.015,0.016,7.7,2.08
3696,58.8,11.91,5.0,0.015,0.024,3.0,0.06
3697,131.3,12.38,1.9,0.47,0.049,1.0,2.41
3698,202.9,12.0,3.58,0.189,0.133,4.4,0.76
3699,182.9,14.39,1.72,0.033,0.017,1.4,2.26
3700,79.0,12.53,6.78,0.082,0.015,9.3,0.56
3701,41.8,12.0,2.68,0.021,0.085,3.6,0.47
3702,275.6,9.9,1.01,0.013,0.033,5.4,2.72
3703,3.3,13.31,2.0,0.073,0.186,9.0,0.69
3704,150.1,16.94,4.17,0.033,0.162,7.7,2.53
3705,288.9,14.32,1.99,0.363,0.011,1.6,2.84
3706,4.2,12.17,4.89,0.454,0.056,3.9,0.26
3707,3.1,13.43,3.52,0.212,0.313,7.0,2.34
3708,23.7,17.58,3.49,0.05,0.231,6.2,0.81
3709,13.9,11.56,3.86,0.166,0.042,1.3,0.38
3710,88.7,9.56,2.9,0.366,0.047,1.6,2.83
3711,97.3,16.73,5.07,0.078,0.017,4.3,0.68
3712,37.6,17.87,2.52,0.233,0.011,1.1,1.55
3713,40.4,8.41,1.12,0.1,0.19,1.4,2.27
3714,9.7,9.12,5.59,0.017,0.013,1.4,1.28
3715,11.0,11.74,6.38,0.498,0.72,2.1,0.65
3716,136.9,18.66,4.55,0.203,0.023,1.6,1.06
3717,278.4,16.68,1.06,0.076,0.015,1.2,2.13
3718,19.3,9.84,5.36,0.11,0.031,5.0,1.25
3719,3.3,19.28,2.89,0.041,0.086,1.6,1.94
3720,9.6,18.64,4.29,0.05,0.772,1.3,1.42
3721,21.0,17.49,5.75,0.013,0.163,2.3,2.9
3722,79.6,15.89,2.51,0.095,0.049,2.4,0.11
3723,4.0,13.43,1.52,0.333,0.059,1.6,2.59
3724,139.5,8.95,5.25,0.396,0.238,2.1,2.95
3725,13.0,16.2,2.1,0.27,0.05,3.1,0.05
3726,10.7,8.08,3.39,0.03,0.021,2.9,2.29
3727,262.4,9.62,6.81,0.119,0.17,1.5,2.72
3728,4.7,8.85,3.47,0.166,0.573,7.6,2.72
3729,8.0,16.54,1.13,0.02,0.02,1.0,0.07
3730,36.6,9.53,4.17,0.029,0.706,1.8,1.42
3731,72.3,12.58,5.57,0.351,0.02,1.1,0.01
3732,3.1,13.97,1.69,0.287,0.061,1.3,2.73
3733,137.0,19.9,6.67,0.045,0.078,7.7,0.07
3734,4.1,11.47,1.05,0.035,0.071,1.4,2.79
3735,31.7,8.08,6.28,0.27,0.014,1.3,0.06
3736,13.4,18.87,6.67,0.011,0.016,1.5,1.05
3737,21.3,13.28,5.8,0.015,0.271,8.5,0.86
3738,5.5,13.26,2.76,0.021,0.618,2.7,0.3
3739,72.9,12.8,1.86,0.192,0.057,1.2,2.52
3740,245.0,10.39,7.84,0.013,0.278,3.6,0.45
3741,254.3,15.51,6.98,0.025,0.054,2.5,1.86
3742,3.5,18.8,4.04,0.053,0.017,5.7,2.25
3743,162.2,12.01,8.21,0.311,0.152,2.4,0.51
3744,61.0,16.82,3.92,0.337,0.32,8.8,2.01
3745,37.4,9.45,2.87,0.02,0.014,3.2,0.91
3746,4.6,15.98,1.81,0.058,0.365,8.2,2.33
3747,156.2,15.28,2.69,0.056,0.679,2.3,2.32
3748,179.9,8.91,9.57,0.212,0.181,1.7,2.94
3749,58.9,9.9,8.13,0.156,0.012,2.1,0.91
3750,11.6,16.35,1.31,0.017,0.032,7.2,2.43
3751,5.5,19.34,1.65,0.028,0.113,9.5,1.88
3752,225.7,16.3,6.72,0.355,0.466,2.0,2.08
3753,106.5,14.31,2.29,0.071,0.015,3.0,2.05
3754,93.3,16.64,1.3,0.374,0.14,6.0,1.45
3755,11.9,14.79,1.87,0.036,0.526,5.4,2.49
3756,111.6,9.37,3.28,0.066,0.028,2.9,1.63
3757,47.8,9.72,5.43,0.16,0.022,1.5,0.35
3758,13.7,10.55,1.82,0.032,0.222,3.6,1.26
3759,138.6,9.74,2.12,0.209,0.345,2.1,1.63
3760,4.1,19.11,1.09,0.212,0.038,7.3,1.39
3761,3.6,17.51,6.26,0.039,0.026,9.4,0.15
3762,172.1,14.87,1.36,0.021,0.06,7.5,2.75
3763,157.6,9.66,5.96,0.066,0.071,8.4,2.16
3764,18.3,18.5,1.61,0.357,0.119,5.3,1.35
3765,9.8,14.0,4.95,0.012,0.334,7.2,1.93
3766,248.1,13.44,3.05,0.038,0.504,1.4,0.52
3767,14.9,10.91,2.74,0.07,0.245,8.4,2.03
3768,218.5,18.04,7.32,0.02,0.025,2.2,0.52
3769,5.0,16.46,8.37,0.042,0.042,2.6,2.05
3770,125.6,18.49,2.64,0.493,0.213,1.5,1.72
3771,14.7,9.24,6.94,0.013,0.178,3.6,0.86
3772,59.4,14.22,8.58,0.037,0.034,2.3,2.9
3773,151.9,11.34,3.18,0.032,0.215,7.1,2.86
3774,8.0,18.34,3.15,0.063,0.036,6.7,0.01
3775,193.0,16.12,8.63,0.172,0.174,5.7,1.3
3776,94.2,9.45,7.99,0.035,0.07,6.2,2.71
3777,49.4,8.2,6.8,0.023,0.071,1.3,0.77
3778,3.4,17.76,5.89,0.095,0.387,3.1,1.32
3779,16.3,11.91,3.47,0.144,0.737,6.6,1.29
3780,13.1,9.35,3.16,0.203,0.052,1.1,2.29
3781,187.0,10.68,9.56,0.141,0.04,1.3,0.45
3782,232.3,18.18,1.27,0.054,0.029,1.9,2.77
3783,4.3,10.26,1.33,0.043,0.095,6.5,1.25
3784,193.5,13.54,1.79,0.029,0.179,2.3,0.11
3785,112.7,11.59,6.2,0.042,0.036,9.6,1.58
3786,4.2,10.69,5.51,0.085,0.122,9.2,0.15
3787,37.9,13.46,1.04,0.015,0.029,1.3,1.76
3788,84.4,9.79,6.7,0.014,0.885,4.0,0.18
3789,125.7,13.74,3.4,0.156,0.174,7.8,0.61
3790,170.1,16.75,4.59,0.4,0.226,1.7,2.65
3791,3.8,14.19,7.82,0.147,0.53,8.9,2.91
3792,126.8,18.78,1.06,0.077,0.236,1.3,1.66
3793,90.8,8.9,1.89,0.13,0.018,1.3,0.48
3794,6.8,11.09,8.01,0.228,0.025,1.8,0.8
3795,157.4,16.45,1.7,0.018,0.579,5.6,0.54
3796,12.1,14.66,5.49,0.046,0.047,4.0,0.8
3797,58.9,8.09,7.72,0.012,0.02,4.1,0.86
3798,5.2,9.04,5.51,0.132,0.731,9.2,0.43
3799,28.0,17.17,7.72,0.083,0.036,1.1,0.85
3800,82.2,9.18,7.54,0.199,0.829,7.8,0.07
3801,47.3,10.99,5.81,0.106,0.021,1.4,1.52
3802,125.1,17.93,4.69,0.126,0.105,1.1,0.96
3803,7.2,14.99,4.41,0.36,0.042,5.1,1.29
3804,28.7,10.87,7.2,0.012,0.021,4.7,2.4
3805,3.2,17.82,1.32,0.264,0.13,2.4,0.71
3806,35.1,8.34,2.13,0.014,0.083,1.3,1.9
3807,26.4,12.82,5.12,0.054,0.822,2.1,1.7
3808,13.5,16.54,1.97,0.234,0.428,6.1,0.52
3809,47.3,10.25,5.39,0.016,0.018,3.0,0.47
3810,298.3,8.91,3.14,0.254,0.03,1.4,1.04
3811,114.8,8.28,3.5,0.213,0.209,1.5,1.67
3812,9.3,10.39,9.39,0.085,0.81,2.4,2.94
3813,22.2,8.0,1.7,0.103,0.051,1.0,1.72
3814,4.1,16.18,1.66,0.067,0.791,4.6,2.63
3815,3.6,10.9,3.84,0.168,0.166,2.7,2.57
3816,13.9,18.32,1.71,0.093,0.051,1.8,1.28
3817,95.6,10.95,3.55,0.381,0.289,1.0,1.52
3818,3.2,9.97,6.05,0.402,0.017,2.4,2.02
3819,9.3,9.74,2.15,0.137,0.033,1.1,0.29
3820,4.8,14.97,5.06,0.1,0.055,1.5,2.94
3821,22.6,9.78,7.94,0.171,0.019,7.4,2.36
3822,22.1,10.43,8.1,0.022,0.029,4.9,1.88
3823,10.3,15.87,6.54,0.039,0.195,1.3,0.24
3824,61.6,17.84,6.39,0.227,0.02,3.9,2.24
3825,60.1,18.72,1.26,0.249,0.901,8.8,0.46
3826,264.0,16.53,6.5,0.41,0.191,4.2,2.17
3827,8.5,9.39,2.22,0.051,0.429,4.9,2.53
3828,28.9,18.8,1.76,0.064,0.041,3.4,2.28
3829,37.8,18.84,3.4,0.011,0.159,2.9,2.92
3830,11.2,8.11,1.12,0.052,0.03,1.2,2.76
3831,10.9,17.7,7.46,0.349,0.182,1.9,1.8
3832,33.9,9.36,2.58,0.013,0.131,1.8,2.32
3833,8.1,14.06,1.25,0.106,0.447,1.3,1.26
3834,14.8,10.47,2.14,0.045,0.436,2.0,2.27
3835,205.9,14.43,5.47,0.031,0.333,1.5,1.24
3836,51.9,14.24,1.77,0.023,0.063,6.4,0.1
3837,198.1,9.88,5.83,0.132,0.013,7.4,2.65
3838,22.2,15.99,3.71,0.045,0.66,5.6,1.28
3839,5.3,16.9,2.04,0.085,0.024,7.8,0.86
3840,145.1,13.74,5.62,0.103,0.037,2.2,0.17
3841,101.1,19.1,3.69,0.484,0.133,3.5,1.91
3842,12.5,8.08,3.55,0.012,0.455,1.8,1.45
3843,10.6,9.7,1.69,0.14,0.245,2.6,0.3
3844,13.2,9.45,3.15,0.012,0.023,1.1,0.27
3845,3.9,17.53,6.55,0.044,0.373,3.3,0.91
3846,33.1,18.16,3.75,0.013,0.256,7.8,1.73
3847,91.9,19.52,4.71,0.179,0.022,2.1,1.68
3848,5.2,11.93,5.06,0.12,0.621,1.9,0.45
3849,13.3,11.75,1.71,0.243,0.229,1.7,1.34
3850,138.7,19.54,4.22,0.149,0.04,3.5,2.88
3851,3.5,9.29,2.68,0.052,0.022,2.2,0.69
3852,49.1,12.76,3.83,0.038,0.201,5.1,1.17
3853,14.9,11.81,4.28,0.046,0.749,3.9,2.5
3854,14.8,10.61,7.33,0.012,0.015,7.9,0.08
3855,291.3,14.33,3.41,0.114,0.01,9.1,0.6
3856,12.9,18.38,7.54,0.041,0.029,1.4,2.74
3857,28.2,14.03,3.2,0.018,0.136,4.8,2.83
3858,39.1,8.18,1.88,0.02,0.201,1.2,2.18
3859,204.2,14.36,7.22,0.012,0.376,1.7,2.86
3860,22.8,14.76,5.04,0.497,0.035,8.1,1.45
3861,54.9,12.57,2.89,0.106,0.138,2.3,2.36
3862,226.4,14.8,2.37,0.415,0.168,1.6,0.43
3863,294.8,9.34,5.42,0.425,0.011,1.7,2.75
3864,22.0,8.07,1.93,0.016,0.104,1.4,1.04
3865,3.2,15.86,3.49,0.219,0.014,8.4,2.28
3866,154.0,14.59,1.94,0.038,0.169,3.2,2.41
3867,36.0,19.21,2.75,0.226,0.02,1.4,1.09
3868,20.2,8.62,4.4,0.142,0.066,1.7,2.71
3869,28.4,8.13,5.92,0.06,0.023,5.8,1.32
3870,18.2,13.29,1.96,0.203,0.049,1.4,0.99
3871,257.6,11.2,5.44,0.02,0.013,2.9,0.78
3872,70.4,9.31,7.68,0.117,0.038,2.4,1.04
3873,66.8,9.0,2.88,0.019,0.037,4.5,0.09
3874,42.8,19.14,7.78,0.022,0.037,2.5,0.73
3875,17.9,17.4,3.05,0.036,0.014,1.3,0.41
3876,262.3,12.41,2.47,0.142,0.027,1.2,2.07
3877,44.5,15.52,3.59,0.017,0.647,5.0,1.69
3878,48.7,16.71,4.55,0.042,0.088,4.8,1.57
3879,256.4,12.88,1.02,0.12,0.088,2.1,0.18
3880,4.9,12.62,5.75,0.268,0.041,1.1,2.26
3881,45.8,16.0,1.0,0.031,0.024,2.3,2.48
3882,190.7,10.12,2.97,0.097,0.021,6.4,1.04
3883,7.7,9.24,2.37,0.067,0.633,1.7,0.94
3884,47.4,9.74,1.01,0.09,0.125,1.1,0.25
3885,20.8,15.33,2.07,0.028,0.055,1.1,0.65
3886,172.3,11.0,2.28,0.212,0.89,1.2,1.31
3887,11.2,10.84,1.15,0.056,0.341,4.0,2.35
3888,7.1,14.03,1.28,0.023,0.096,6.1,0.81
3889,19.5,12.16,2.09,0.438,0.94,4.1,2.66
3890,29.5,9.66,1.48,0.206,0.21,2.8,1.77
3891,22.9,10.86,1.14,0.121,0.021,1.6,2.22
3892,4.5,12.22,2.82,0.169,0.498,3.3,1.59
3893,3.4,10.38,2.21,0.024,0.01,6.8,2.68
3894,27.6,14.62,1.04,0.4,0.018,1.7,1.29
3895,3.7,12.53,8.59,0.015,0.795,7.5,2.05
3896,44.6,11.22,1.07,0.027,0.036,7.2,2.04
3897,7.8,16.79,2.03,0.065,0.854,2.4,0.96
3898,93.6,10.28,4.78,0.011,0.901,2.9,2.92
3899,4.4,15.21,1.64,0.158,0.014,1.2,0.76
3900,4.4,19.28,8.57,0.023,0.415,2.0,2.34
3901,147.8,19.44,1.98,0.065,0.21,5.5,1.81
3902,92.4,12.75,9.82,0.024,0.013,1.8,1.85
3903,12.7,16.0,4.93,0.016,0.098,1.6,0.67
3904,67.2,8.41,5.13,0.064,0.022,1.9,1.82
3905,108.1,10.18,3.5,0.012,0.179,3.1,0.21
3906,10.3,19.69,1.22,0.069,0.513,4.8,0.44
3907,8.7,19.78,1.2,0.01,0.028,2.7,1.63
3908,108.2,16.63,4.42,0.102,0.031,6.1,0.42
3909,122.7,8.46,3.58,0.144,0.656,6.1,1.14
3910,11.4,12.35,3.84,0.031,0.029,9.0,2.73
3911,5.5,11.31,1.49,0.012,0.093,1.2,1.15
3912,38.3,11.43,2.86,0.034,0.674,1.2,0.76
3913,174.5,17.31,3.87,0.03,0.326,2.0,2.65
3914,17.4,8.24,1.17,0.254,0.025,1.6,0.74
3915,14.1,10.08,2.68,0.016,0.048,1.8,0.26
3916,73.5,14.92,3.47,0.143,0.039,2.7,1.42
3917,8.0,13.75,8.27,0.322,0.723,6.9,2.66
3918,3.5,11.31,1.82,0.057,0.026,1.1,1.2
3919,105.5,9.25,2.38,0.015,0.018,2.4,2.47
3920,8.7,10.37,1.96,0.02,0.155,1.4,2.01
3921,54.0,18.59,5.03,0.056,0.03,2.9,0.59
3922,6.2,8.17,8.51,0.391,0.011,3.9,1.57
3923,11.4,11.09,1.14,0.411,0.873,1.2,1.27
3924,47.4,8.62,1.39,0.15,0.038,1.4,1.23
3925,86.3,19.12,4.6,0.013,0.442,8.7,1.14
3926,207.0,18.01,4.65,0.024,0.085,4.9,1.67
3927,12.4,17.99,1.46,0.246,0.03,3.7,0.85
3928,130.2,14.12,1.73,0.018,0.695,1.3,2.41
3929,153.5,8.37,4.7,0.088,0.122,6.7,1.63
3930,20.0,13.19,8.27,0.012,0.12,2.2,1.49
3931,11.1,10.9,2.46,0.013,0.339,6.1,0.48
3932,129.8,14.63,1.07,0.026,0.018,1.4,0.03
3933,13.4,9.18,1.18,0.497,0.338,7.8,0.43
3934,6.1,10.77,6.2,0.017,0.062,5.7,0.47
3935,3.5,8.74,1.5,0.075,0.07,6.1,2.87
3936,9.1,9.09,2.83,0.246,0.045,4.3,2.66
3937,6.3,9.2,1.89,0.043,0.07,5.4,1.18
3938,4.9,10.68,8.28,0.031,0.826,3.6,1.95
3939,7.9,9.55,3.37,0.179,0.105,3.0,0.16
3940,28.0,11.08,1.64,0.101,0.131,7.0,0.68
3941,40.2,10.17,2.49,0.231,0.143,2.2,0.62
3942,133.6,14.94,1.46,0.012,0.024,1.9,2.66
3943,4.1,16.83,7.94,0.022,0.87,4.3,2.24
3944,134.8,10.48,4.18,0.293,0.081,1.5,1.21
3945,14.2,10.88,4.97,0.187,0.171,2.0,1.13
3946,26.1,11.3,5.96,0.092,0.049,1.5,0.94
3947,4.0,13.07,5.92,0.47,0.016,3.7,2.02
3948,41.6,11.87,1.8,0.31,0.189,7.1,2.93
3949,57.7,18.98,9.68,0.043,0.027,1.3,1.62
3950,170.3,12.99,1.14,0.088,0.396,1.7,1.72
3951,83.0,8.32,4.19,0.112,0.122,1.1,1.3
3952,63.7,9.95,5.69,0.013,0.018,3.9,0.07
3953,16.4,19.73,7.58,0.05,0.255,6.4,1.33
3954,8.6,12.53,1.19,0.068,0.047,1.6,2.3
3955,56.5,10.39,1.89,0.014,0.027,5.1,1.11
3956,193.3,10.64,8.19,0.072,0.03,1.1,2.5
3957,127.7,17.26,3.79,0.11,0.164,6.7,1.89
3958,12.5,8.34,2.33,0.425,0.03,7.1,0.83
3959,147.9,16.76,7.96,0.201,0.221,4.5,1.39
3960,4.2,16.47,8.24,0.381,0.555,5.6,1.77
3961,8.1,9.99,3.26,0.044,0.29,5.4,2.25
3962,45.2,10.9,5.33,0.041,0.653,7.1,1.7
3963,62.7,17.84,4.74,0.023,0.055,5.6,2.06
3964,28.1,16.17,1.4,0.335,0.972,4.6,1.81
3965,49.9,8.85,1.21,0.041,0.051,2.8,1.97
3966,226.4,18.5,1.23,0.154,0.017,9.8,0.5
3967,8.7,14.19,2.26,0.012,0.026,1.5,0.29
3968,11.3,17.68,2.17,0.016,0.247,1.1,2.21
3969,9.0,12.76,4.3,0.321,0.5,2.1,2.61
3970,65.5,9.08,1.69,0.068,0.038,5.6,0.16
3971,120.5,17.97,1.92,0.027,0.049,1.6,2.88
3972,69.3,18.54,4.92,0.011,0.039,1.6,0.73
3973,112.4,18.64,8.02,0.122,0.332,7.2,2.76
3974,12.4,13.33,9.16,0.028,0.121,5.1,1.0
3975,25.1,8.16,6.7,0.22,0.108,1.5,1.59
3976,77.4,13.74,3.5,0.404,0.35,1.1,0.24
3977,65.9,10.38,1.09,0.014,0.031,7.2,0.91
3978,3.6,11.85,9.53,0.497,0.055,1.2,1.79
3979,40.0,12.33,1.32,0.03,0.121,1.8,2.18
3980,125.2,9.94,1.05,0.351,0.021,5.1,1.84
3981,35.2,11.84,7.16,0.017,0.092,1.7,1.07
3982,5.1,14.53,3.82,0.221,0.157,10.0,1.63
3983,197.9,8.74,5.88,0.097,0.126,1.8,1.69
3984,19.8,10.78,3.24,0.475,0.015,1.3,2.91
3985,28.1,9.2,1.28,0.02,0.013,2.3,1.53
3986,6.9,10.69,1.22,0.019,0.286,2.9,0.68
3987,292.3,8.25,2.96,0.066,0.08,1.7,0.35
3988,138.3,8.37,7.18,0.358,0.027,1.1,0.37
3989,184.4,11.36,3.72,0.015,0.087,3.7,2.19
3990,3.9,9.81,1.05,0.078,0.012,1.1,2.09
3991,139.9,14.04,3.32,0.043,0.5,4.5,2.55
3992,96.8,8.99,3.36,0.299,0.083,2.9,0.23
3993,72.2,15.18,1.82,0.173,0.161,2.6,2.25
3994,283.3,16.52,2.19,0.053,0.115,5.3,0.5
3995,17.3,10.18,2.76,0.065,0.498,4.3,0.06
3996,64.6,13.8,2.06,0.014,0.281,2.2,1.37
3997,217.4,8.62,1.06,0.087,0.051,6.4,1.89
3998,3.1,12.98,2.56,0.119,0.092,7.7,1.12
3999,45.1,9.96,2.11,0.355,0.039,2.8,2.72
4000,71.1,18.89,1.26,0.222,0.025,2.8,0.66
4001,60.1,8.45,2.34,0.335,0.112,8.9,1.33
4002,10.2,17.31,3.16,0.125,0.301,2.2,1.22
4003,6.7,11.81,2.32,0.261,0.027,1.1,2.68
4004,15.8,15.65,2.65,0.019,0.376,1.0,2.17
4005,140.3,10.15,1.26,0.019,0.256,1.1,2.11
4006,101.2,14.78,5.21,0.013,0.626,8.4,1.16
4007,3.9,11.86,1.23,0.012,0.045,4.8,1.44
4008,247.1,8.43,3.62,0.039,0.084,4.4,1.7
4009,134.0,18.97,5.78,0.278,0.027,3.1,2.05
4010,9.4,8.14,1.82,0.014,0.03,1.7,1.93
4011,5.9,14.1,9.91,0.212,0.063,1.1,2.39
4012,15.9,16.21,7.58,0.154,0.23,2.5,1.9
4013,132.9,19.01,5.88,0.355,0.021,3.8,2.95
4014,6.6,12.74,5.88,0.046,0.011,1.7,2.03
4015,45.5,13.93,6.24,0.047,0.4,6.8,1.09
4016,31.0,9.61,2.54,0.303,0.769,2.5,1.32
4017,46.0,19.09,3.03,0.36,0.027,7.1,1.87
4018,15.0,13.11,1.2,0.019,0.025,2.3,0.79
4019,199.6,12.63,3.11,0.118,0.91,1.4,0.78
4020,81.2,19.66,6.69,0.018,0.072,9.5,1.34
4021,6.6,18.75,1.24,0.28,0.032,5.7,1.55
4022,157.3,8.24,3.07,0.151,0.02,8.2,2.57
4023,11.5,13.36,5.8,0.398,0.054,1.2,1.55
4024,291.7,11.46,1.97,0.426,0.1,2.2,2.46
4025,9.1,14.33,3.71,0.435,0.404,8.6,2.61
4026,5.7,19.51,1.34,0.014,0.071,5.5,0.26
4027,7.6,8.39,4.6,0.017,0.011,1.3,0.12
4028,11.8,14.82,9.4,0.055,0.082,4.9,0.09
4029,13.9,9.78,2.15,0.047,0.018,8.0,0.15
4030,81.6,8.77,7.46,0.155,0.235,1.2,2.53
4031,183.2,9.83,4.46,0.351,0.014,1.6,0.19
4032,71.9,19.44,1.47,0.018,0.257,1.8,1.28
4033,97.1,9.44,1.5,0.097,0.145,2.3,0.34
4034,14.8,13.18,8.85,0.435,0.695,4.2,1.34
4035,3.3,16.39,1.25,0.225,0.304,1.1,2.74
4036,111.9,13.49,2.53,0.034,0.201,1.8,2.08
4037,52.7,11.51,1.99,0.017,0.018,1.6,0.69
4038,12.5,11.77,2.82,0.018,0.016,1.2,0.41
4039,8.1,18.93,1.18,0.036,0.038,5.3,2.67
4040,5.7,19.13,7.66,0.073,0.016,2.5,0.24
4041,105.9,14.17,1.9,0.125,0.061,7.5,2.29
4042,49.6,19.05,4.34,0.078,0.299,2.0,2.74
4043,190.6,16.22,2.3,0.103,0.647,1.8,2.11
4044,4.7,13.89,5.02,0.021,0.199,2.7,0.21
4045,93.2,16.2,1.97,0.114,0.12,2.4,2.08
4046,255.0,8.97,3.26,0.153,0.028,5.8,1.53
4047,27.0,9.64,5.46,0.359,0.059,2.8,1.24
4048,43.1,11.38,2.49,0.064,0.011,3.8,0.89
4049,111.4,12.17,5.23,0.088,0.854,3.4,1.53
4050,141.0,8.92,5.13,0.027,0.049,1.5,0.37
4051,63.1,18.04,1.28,0.029,0.017,2.6,2.14
4052,28.2,12.02,3.76,0.065,0.166,3.2,0.76
4053,26.0,17.49,5.11,0.011,0.159,5.3,2.46
4054,205.1,15.41,4.58,0.197,0.414,1.8,1.73
4055,14.3,15.07,1.22,0.055,0.033,1.9,0.58
4056,36.3,8.9,2.23,0.379,0.39,1.1,0.47
4057,4.5,8.29,1.03,0.39,0.191,2.3,1.71
4058,13.5,18.24,2.11,0.224,0.262,1.1,2.6
4059,15.6,19.72,7.58,0.057,0.013,8.5,1.37
4060,97.9,8.82,1.5,0.108,0.041,9.7,1.1
4061,6.7,19.14,1.4,0.014,0.051,5.9,2.81
4062,3.2,9.16,1.75,0.435,0.01,1.4,2.64
4063,179.6,8.56,4.94,0.247,0.037,6.5,0.52
4064,85.3,19.46,7.87,0.109,0.323,1.9,1.16
4065,12.6,18.9,2.56,0.016,0.014,1.6,1.78
4066,217.7,13.73,1.25,0.071,0.329,6.7,1.87
4067,3.8,10.32,1.52,0.042,0.935,9.2,1.8
4068,9.1,8.54,4.05,0.068,0.041,2.0,0.14
4069,4.4,8.77,2.72,0.171,0.019,2.0,0.81
4070,11.0,9.97,3.8,0.015,0.027,4.6,0.24
4071,18.2,13.2,1.55,0.022,0.045,8.4,0.43
4072,8.3,16.01,1.21,0.016,0.971,5.9,1.66
4073,14.2,17.53,3.53,0.346,0.011,9.0,1.44
4074,6.0,10.81,4.43,0.165,0.034,2.3,1.82
4075,5.7,16.7,2.26,0.019,0.04,1.1,2.49
4076,5.9,9.01,3.46,0.023,0.82,5.1,0.19
4077,22.8,13.04,1.15,0.346,0.058,2.1,0.52
4078,148.9,8.77,3.1,0.24,0.747,3.0,2.35
4079,19.9,17.37,1.13,0.071,0.012,2.5,0.74
4080,9.3,15.95,8.59,0.068,0.201,2.9,2.62
4081,4.6,17.54,1.32,0.052,0.236,6.4,2.44
4082,14.0,11.87,4.84,0.161,0.715,1.0,1.78
4083,31.1,13.45,1.28,0.055,0.211,9.0,1.85
4084,31.6,11.82,6.85,0.053,0.225,7.2,0.3
4085,36.9,9.33,8.04,0.203,0.516,5.1,0.26
4086,6.6,17.3,2.06,0.045,0.065,2.9,2.76
4087,169.3,13.5,1.0,0.029,0.015,2.2,2.37
4088,3.5,13.2,4.23,0.241,0.038,9.5,1.79
4089,53.7,15.85,6.15,0.04,0.041,4.5,1.34
4090,4.8,17.36,1.38,0.183,0.725,3.4,0.45
4091,244.8,12.61,2.45,0.017,0.07,5.8,2.8
4092,7.9,13.21,2.12,0.052,0.026,2.3,2.72
4093,149.9,17.84,6.89,0.402,0.453,1.4,2.56
4094,7.4,12.54,8.26,0.103,0.529,2.1,0.4
4095,54.4,17.9,1.96,0.031,0.23,4.4,1.04
4096,165.1,18.94,2.62,0.011,0.041,4.0,0.64
4097,5.5,9.88,1.3,0.032,0.021,1.1,2.65
4098,149.6,15.5,1.68,0.201,0.025,2.6,0.94
4099,70.6,19.2,2.27,0.431,0.907,3.8,0.63
4100,20.4,8.84,5.38,0.061,0.197,2.6,2.66
4101,9.0,19.55,3.81,0.203,0.043,1.8,0.56
4102,17.1,17.95,1.4,0.09,0.33,4.4,1.5
4103,5.0,16.88,1.71,0.149,0.016,7.9,0.05
4104,169.4,12.64,2.44,0.019,0.028,8.8,2.11
4105,16.8,14.76,6.31,0.454,0.165,4.6,1.49
4106,26.5,11.78,7.66,0.138,0.198,1.2,0.1
4107,171.6,19.11,2.63,0.013,0.027,3.8,1.91
4108,4.6,15.55,9.18,0.207,0.011,2.2,0.0
4109,58.5,16.6,3.82,0.017,0.128,2.3,0.02
4110,185.7,16.81,5.8,0.014,0.011,3.4,1.23
4111,21.5,15.33,2.29,0.034,0.013,6.2,1.76
4112,30.3,12.93,4.17,0.343,0.06,1.8,2.17
4113,41.2,15.16,6.96,0.275,0.219,2.4,2.33
4114,57.2,18.43,8.76,0.445,0.023,4.3,1.99
4115,34.5,15.74,1.85,0.013,0.012,1.6,1.6
4116,6.4,9.9,2.55,0.069,0.205,3.7,0.77
4117,15.9,9.85,3.86,0.455,0.446,8.8,2.66
4118,28.3,16.14,5.11,0.118,0.019,7.8,2.71
4119,59.4,18.56,1.33,0.017,0.158,1.2,0.86
4120,21.1,16.33,4.16,0.382,0.122,1.8,2.42
4121,289.1,8.19,2.61,0.495,0.03,1.5,2.17
4122,6.5,19.04,3.2,0.027,0.111,2.3,1.62
4123,40.6,10.13,3.33,0.075,0.641,1.8,0.16
4124,61.7,12.38,4.57,0.044,0.1,4.5,1.07
4125,122.0,10.53,3.53,0.352,0.409,1.2,1.53
4126,16.5,13.93,1.83,0.104,0.17,1.8,0.51
4127,25.2,9.32,3.48,0.051,0.054,6.9,1.79
4128,23.3,10.51,1.01,0.14,0.16,1.2,2.37
4129,33.4,8.29,1.84,0.027,0.043,7.3,2.35
4130,84.5,13.0,3.26,0.085,0.883,5.9,2.32
4131,6.6,18.81,1.65,0.081,0.447,1.9,2.21
4132,221.2,11.27,1.09,0.388,0.056,2.1,1.63
4133,10.8,17.16,6.9,0.149,0.852,1.8,1.72
4134,179.9,19.75,1.34,0.044,0.056,6.3,0.72
4135,26.0,8.36,9.99,0.011,0.058,3.0,2.08
4136,5.3,8.67,4.51,0.012,0.14,1.0,2.01
4137,10.4,10.54,8.72,0.141,0.726,9.7,2.34
4138,62.7,16.55,1.75,0.357,0.108,5.4,1.0
4139,3.1,17.19,3.47,0.208,0.284,7.1,0.59
4140,3.1,10.47,2.17,0.031,0.115,6.1,0.96
4141,88.8,8.24,1.28,0.013,0.01,1.9,1.11
4142,59.7,14.22,6.53,0.136,0.015,1.9,1.28
4143,10.3,8.35,1.32,0.23,0.187,6.0,2.02
4144,3.0,16.9,8.03,0.016,0.794,1.1,1.77
4145,3.3,19.18,5.68,0.438,0.373,2.1,0.49
4146,51.6,13.02,4.86,0.122,0.017,1.6,0.38
4147,5.5,17.68,1.17,0.109,0.223,1.5,1.35
4148,44.5,8.21,3.24,0.314,0.229,3.8,1.44
4149,138.3,10.02,2.23,0.417,0.883,1.5,1.79
4150,82.4,14.53,7.72,0.036,0.255,2.0,1.67
4151,198.4,8.21,1.0,0.027,0.088,1.8,2.74
4152,141.9,15.28,1.01,0.021,0.128,1.3,1.5
4153,78.8,12.26,2.66,0.177,0.187,8.1,1.74
4154,34.5,9.64,5.01,0.302,0.463,2.1,2.15
4155,81.7,14.86,1.37,0.135,0.275,1.2,0.85
4156,249.0,18.48,1.13,0.067,0.357,1.4,0.15
4157,12.1,13.39,2.31,0.261,0.201,9.6,1.8
4158,8.2,10.11,6.73,0.104,0.396,2.0,0.88
4159,273.8,8.75,1.38,0.123,0.118,1.6,1.59
4160,37.2,10.42,2.33,0.034,0.209,7.1,0.3
4161,4.7,9.08,1.56,0.011,0.596,2.5,1.78
4162,45.1,9.11,5.88,0.144,0.186,9.6,2.42
4163,31.0,16.03,6.33,0.077,0.082,8.3,1.13
4164,4.0,8.91,3.02,0.33,0.096,1.9,2.72
4165,8.8,8.33,1.99,0.11,0.026,1.2,0.91
4166,90.8,8.84,3.06,0.055,0.125,1.4,1.58
4167,119.3,14.03,1.19,0.053,0.046,4.1,1.77
4168,71.8,9.58,1.19,0.01,0.307,2.2,0.55
4169,3.1,17.91,7.19,0.12,0.556,6.7,2.68
4170,131.2,8.84,3.09,0.455,0.869,1.4,0.4
4171,114.8,10.59,7.02,0.375,0.431,1.4,2.64
4172,36.7,9.29,5.15,0.019,0.069,1.2,2.07
4173,70.0,9.33,4.39,0.052,0.027,7.6,1.34
4174,56.7,9.87,1.08,0.173,0.015,1.8,1.68
4175,49.4,19.35,1.26,0.02,0.011,4.9,1.19
4176,16.1,16.51,4.05,0.016,0.028,1.3,1.82
4177,132.4,13.76,8.72,0.284,0.071,2.1,0.27
4178,100.5,9.01,8.95,0.04,0.219,4.6,0.11
4179,12.5,15.21,1.42,0.011,0.331,7.5,1.53
4180,28.6,14.55,8.25,0.159,0.172,5.6,1.57
4181,3.2,13.4,1.78,0.037,0.18,2.3,0.61
4182,10.9,10.33,6.98,0.047,0.602,1.1,2.37
4183,26.6,14.81,2.25,0.011,0.1,2.9,0.82
4184,7.1,8.21,7.62,0.322,0.022,3.4,0.72
4185,6.5,8.42,2.46,0.262,0.333,3.2,1.85
4186,31.8,11.1,4.57,0.025,0.283,1.4,2.76
4187,8.0,15.4,1.24,0.258,0.014,2.2,0.02
4188,55.9,9.76,1.81,0.366,0.098,3.5,0.05
4189,24.3,11.72,8.01,0.01,0.036,1.4,1.11
4190,22.0,15.54,1.82,0.022,0.209,1.3,2.93
4191,16.4,9.47,3.95,0.033,0.841,1.9,1.03
4192,34.1,18.61,2.46,0.251,0.07,2.5,2.57
4193,56.4,15.36,3.52,0.105,0.033,1.5,1.4
4194,67.5,18.17,4.05,0.015,0.093,2.5,1.26
4195,5.5,14.51,2.99,0.317,0.151,4.5,2.72
4196,221.0,17.34,5.71,0.102,0.058,6.2,0.26
4197,6.1,16.89,9.69,0.172,0.26,1.6,0.58
4198,130.6,14.14,1.56,0.05,0.044,3.4,2.22
4199,47.4,9.03,1.21,0.036,0.027,3.6,2.25
4200,5.5,9.06,3.65,0.085,0.078,4.3,0.14
4201,116.0,13.01,1.86,0.091,0.01,1.2,0.22
4202,30.4,14.3,1.78,0.368,0.035,8.8,0.41
4203,42.0,9.19,3.51,0.077,0.325,2.6,2.31
4204,23.2,17.99,1.75,0.35,0.015,2.3,2.11
4205,4.4,9.47,1.19,0.105,0.014,8.5,0.17
4206,43.9,11.07,3.8,0.013,0.042,2.0,0.92
4207,36.2,8.22,3.98,0.052,0.123,3.1,0.11
4208,3.4,9.95,8.26,0.049,0.177,4.7,1.58
4209,18.1,8.33,5.05,0.074,0.297,5.2,2.33
4210,109.5,10.57,3.3,0.072,0.534,1.5,0.04
4211,10.1,9.79,3.76,0.055,0.028,9.1,0.38
4212,19.9,17.07,3.58,0.176,0.016,2.8,1.58
4213,28.3,15.6,8.81,0.02,0.258,2.3,2.01
4214,70.9,17.32,6.59,0.183,0.042,1.1,1.65
4215,5.2,11.43,2.48,0.041,0.012,3.0,1.55
4216,147.9,12.05,5.69,0.07,0.844,2.4,0.54
4217,35.7,15.87,2.75,0.074,0.025,2.6,2.09
4218,237.5,12.29,2.96,0.02,0.588,5.0,0.08
4219,9.2,18.1,1.6,0.435,0.117,4.3,2.67
4220,56.4,11.84,4.03,0.476,0.151,3.2,0.97
4221,167.3,8.91,4.15,0.036,0.011,7.2,2.69
4222,93.5,8.47,5.98,0.088,0.084,1.4,2.12
4223,44.6,12.61,2.07,0.024,0.025,2.2,2.62
4224,71.0,9.02,7.43,0.012,0.392,1.7,1.21
4225,123.5,16.58,7.46,0.022,0.101,2.2,0.46
4226,4.5,17.23,1.06,0.122,0.051,2.2,1.42
4227,7.4,13.89,1.17,0.012,0.618,8.8,0.07
4228,6.0,13.21,1.25,0.151,0.149,2.8,2.33
4229,228.1,11.57,9.28,0.037,0.303,4.7,1.35
4230,179.8,8.74,3.25,0.194,0.013,2.1,0.07
4231,28.1,8.57,8.53,0.199,0.027,4.2,0.14
4232,55.6,10.17,4.25,0.292,0.704,3.1,0.32
4233,12.8,19.45,1.12,0.086,0.201,7.1,1.08
4234,4.3,12.05,1.76,0.012,0.187,5.0,1.68
4235,19.3,11.32,8.66,0.275,0.167,1.3,2.68
4236,24.7,14.81,9.98,0.01,0.172,8.6,1.76
4237,107.7,19.9,3.14,0.058,0.086,4.4,1.83
4238,3.1,16.34,4.79,0.08,0.415,1.8,0.48
4239,33.5,8.34,6.82,0.072,0.406,2.0,1.37
4240,29.6,15.63,1.52,0.026,0.561,1.6,0.62
4241,9.4,13.52,7.83,0.281,0.617,2.7,2.28
4242,4.0,12.78,8.03,0.021,0.01,3.5,2.95
4243,6.5,12.51,3.28,0.189,0.021,1.2,0.93
4244,126.8,8.82,3.06,0.063,0.664,2.1,2.3
4245,32.0,17.44,4.01,0.218,0.018,1.4,2.95
4246,276.4,9.36,1.97,0.079,0.502,1.1,2.88
4247,3.4,17.4,6.71,0.322,0.133,4.1,1.16
4248,4.8,8.51,8.68,0.328,0.062,2.4,2.22
4249,3.9,18.31,3.4,0.013,0.031,1.9,2.77
4250,9.1,9.08,2.36,0.017,0.02,5.3,2.94
4251,5.2,8.31,6.5,0.055,0.024,6.2,0.11
4252,296.4,8.41,1.23,0.081,0.72,2.0,2.41
4253,18.5,11.44,4.16,0.045,0.034,2.3,2.26
4254,28.4,14.55,5.26,0.182,0.025,9.7,2.59
4255,40.5,8.94,1.14,0.45,0.603,1.2,0.19
4256,17.4,11.52,2.7,0.071,0.049,3.0,1.57
4257,51.4,14.43,9.03,0.011,0.061,1.4,1.28
4258,6.4,8.77,1.26,0.02,0.059,6.7,0.93
4259,76.1,18.39,1.53,0.012,0.043,4.3,1.26
4260,17.9,13.83,4.6,0.404,0.02,5.3,1.48
4261,17.7,12.84,7.28,0.208,0.389,9.0,1.61
4262,67.8,11.49,1.11,0.012,0.559,5.2,2.55
4263,69.4,17.23,2.07,0.039,0.15,2.8,0.02
4264,10.4,19.25,3.14,0.062,0.015,5.7,2.48
4265,5.8,19.06,2.36,0.078,0.474,1.7,0.77
4266,39.6,8.18,2.57,0.013,0.195,1.2,1.93
4267,51.3,11.84,4.48,0.28,0.063,1.6,0.04
4268,93.5,8.16,1.3,0.036,0.034,1.6,1.13
4269,213.9,15.74,8.68,0.491,0.091,3.5,1.46
4270,3.4,15.18,1.12,0.02,0.23,3.2,1.99
4271,49.3,16.85,1.09,0.393,0.02,5.2,1.18
4272,15.1,12.93,8.56,0.017,0.211,2.3,1.64
4273,43.8,11.83,4.26,0.415,0.098,4.3,2.53
4274,122.2,15.02,3.18,0.365,0.018,1.4,2.64
4275,41.9,18.08,7.47,0.096,0.429,1.6,0.66
4276,155.0,15.04,2.7,0.081,0.014,3.2,2.59
4277,13.8,14.16,1.53,0.086,0.163,2.5,2.1
4278,23.5,12.27,4.37,0.112,0.04,3.2,1.23
4279,3.2,17.93,2.96,0.067,0.029,3.0,2.94
4280,3.0,19.71,5.61,0.461,0.604,5.7,2.58
4281,3.2,12.7,1.61,0.056,0.123,1.4,0.42
4282,20.2,17.72,8.85,0.234,0.026,5.2,1.09
4283,6.8,16.24,9.26,0.014,0.475,1.2,2.23
4284,31.1,13.71,1.1,0.117,0.017,1.3,0.22
4285,36.3,10.4,6.21,0.065,0.011,4.9,2.09
4286,89.4,16.53,2.96,0.056,0.115,2.9,0.45
4287,5.3,13.85,1.26,0.019,0.331,2.9,2.43
4288,8.9,19.66,3.41,0.363,0.166,6.3,0.58
4289,48.9,13.9,2.18,0.09,0.016,3.1,0.84
4290,295.0,8.8,1.67,0.257,0.525,1.2,2.38
4291,67.4,8.2,2.82,0.061,0.182,5.3,2.18
4292,4.9,14.99,1.55,0.116,0.015,1.1,0.73
4293,5.4,8.02,1.87,0.081,0.014,2.1,2.32
4294,65.3,17.63,3.65,0.037,0.19,4.4,2.58
4295,214.2,14.95,1.46,0.195,0.272,1.2,2.77
4296,5.5,11.73,4.19,0.191,0.657,1.5,1.41
4297,80.0,15.71,5.33,0.053,0.258,4.2,1.09
4298,55.8,9.39,1.03,0.029,0.93,2.4,1.19
4299,51.9,15.96,4.26,0.1,0.355,3.1,2.42
4300,14.6,10.85,5.92,0.011,0.268,2.0,1.74
4301,12.7,14.54,1.5,0.154,0.318,2.8,2.39
4302,105.3,9.28,7.73,0.048,0.778,3.5,0.14
4303,26.0,16.09,1.49,0.01,0.578,1.5,0.41
4304,198.2,10.79,2.41,0.474,0.306,6.2,2.32
4305,33.7,18.8,2.22,0.019,0.603,1.2,0.53
4306,106.7,15.44,1.18,0.075,0.016,1.3,0.74
4307,221.1,14.09,3.11,0.082,0.08,8.8,0.6
4308,3.1,8.25,4.49,0.027,0.024,2.5,1.39
4309,22.9,10.72,4.52,0.025,0.029,2.5,1.82
4310,56.9,9.67,2.05,0.045,0.215,4.1,0.3
4311,71.6,13.65,1.05,0.054,0.066,5.6,0.81
4312,30.0,10.71,3.1,0.013,0.186,3.5,1.34
4313,17.0,11.31,1.62,0.092,0.035,1.1,0.67
4314,128.6,15.55,9.24,0.011,0.391,2.9,0.14
4315,109.8,9.59,2.54,0.401,0.027,2.9,2.94
4316,8.9,8.96,1.22,0.35,0.012,2.4,1.94
4317,29.4,18.3,1.22,0.055,0.649,1.8,1.98
4318,125.1,8.03,1.12,0.015,0.189,3.1,0.09
4319,11.4,8.56,9.07,0.019,0.076,1.1,2.37
4320,14.1,17.38,5.72,0.202,0.54,9.8,1.64
4321,4.7,17.35,3.0,0.41,0.826,2.2,0.95
4322,7.1,12.45,1.82,0.091,0.181,1.1,2.85
4323,3.1,10.13,2.67,0.259,0.03,2.3,1.47
4324,7.4,10.16,2.13,0.125,0.503,3.9,2.85
4325,26.1,19.58,2.38,0.021,0.471,1.1,0.79
4326,213.0,18.75,2.07,0.031,0.021,1.5,2.87
4327,12.6,17.46,3.79,0.072,0.25,6.0,1.19
4328,65.0,17.1,9.41,0.011,0.587,1.9,0.45
4329,21.6,9.06,1.44,0.489,0.024,5.0,2.68
4330,50.4,17.52,5.91,0.467,0.063,2.6,2.73
4331,126.9,19.71,2.61,0.058,0.143,2.1,2.16
4332,7.5,12.63,1.39,0.027,0.195,2.4,0.63
4333,10.2,17.53,3.73,0.392,0.04,1.1,0.89
4334,51.6,17.13,1.49,0.143,0.174,4.3,0.97
4335,251.2,17.45,1.02,0.276,0.012,3.4,0.73
4336,107.3,8.62,1.38,0.018,0.913,8.1,2.56
4337,7.2,14.18,1.04,0.02,0.118,9.6,0.19
4338,181.0,18.18,4.0,0.051,0.062,9.8,0.99
4339,3.6,12.91,1.56,0.413,0.318,2.7,1.65
4340,4.4,12.09,2.12,0.045,0.071,2.1,0.58
4341,213.6,17.01,6.56,0.035,0.021,2.0,2.42
4342,19.1,9.59,9.5,0.328,0.102,7.8,1.34
4343,228.3,8.53,2.4,0.012,0.712,1.6,0.66
4344,5.9,9.47,2.88,0.02,0.157,1.4,1.29
4345,7.2,9.65,9.46,0.049,0.118,1.7,2.03
4346,223.2,18.25,6.16,0.262,0.295,4.6,1.6
4347,86.4,17.23,6.78,0.018,0.24,2.2,0.85
4348,137.5,10.8,6.78,0.05,0.196,2.0,0.09
4349,30.9,8.5,2.15,0.036,0.012,1.5,1.46
4350,18.1,17.57,1.83,0.017,0.026,1.8,2.01
4351,18.7,16.52,1.72,0.011,0.064,9.5,0.57
4352,9.6,14.51,5.85,0.201,0.271,5.9,0.06
4353,86.4,8.25,1.19,0.024,0.01,1.3,1.9
4354,19.5,17.21,7.43,0.303,0.061,3.5,1.81
4355,32.4,14.9,7.98,0.021,0.016,3.5,1.73
4356,5.8,11.16,3.6,0.213,0.51,1.4,2.74
4357,4.4,8.08,6.76,0.046,0.167,5.4,0.89
4358,133.7,8.04,1.48,0.06,0.021,1.2,0.5
4359,14.3,8.32,2.07,0.02,0.015,3.3,0.48
4360,138.9,16.04,2.28,0.028,0.998,2.2,1.85
4361,192.1,9.54,3.37,0.238,0.021,4.8,2.57
4362,6.5,18.6,1.05,0.016,0.601,1.3,1.51
4363,27.0,14.21,4.38,0.206,0.079,1.1,0.06
4364,8.2,12.91,1.86,0.262,0.035,1.1,2.56
4365,109.6,19.93,7.62,0.019,0.014,3.2,1.42
4366,30.8,18.73,4.08,0.048,0.025,7.1,1.72
4367,85.4,12.96,1.96,0.032,0.29,1.4,0.13
4368,3.0,12.12,1.52,0.076,0.274,1.8,0.52
4369,12.5,8.36,5.4,0.171,0.062,2.9,0.77
4370,3.5,17.6,3.63,0.144,0.388,1.2,2.84
4371,5.5,8.29,2.65,0.016,0.013,1.1,1.84
4372,14.6,9.24,5.18,0.091,0.164,1.1,0.69
4373,17.5,11.36,4.4,0.031,0.778,6.5,0.33
4374,5.4,15.74,4.51,0.026,0.894,4.0,1.98
4375,45.1,9.5,7.68,0.011,0.077,1.2,1.37
4376,5.2,15.79,2.52,0.047,0.894,5.4,1.67
4377,14.2,17.74,1.26,0.104,0.013,3.4,2.24
4378,110.6,11.53,3.43,0.05,0.996,2.2,1.04
4379,4.2,12.46,5.19,0.398,0.804,4.2,0.96
4380,129.4,16.22,1.42,0.247,0.066,4.5,2.41
4381,159.4,11.29,1.14,0.05,0.392,6.4,1.07
4382,15.2,15.93,9.53,0.029,0.035,1.4,0.23
4383,236.3,11.53,9.05,0.012,0.813,3.3,2.62
4384,6.1,13.7,2.85,0.436,0.459,5.9,1.7
4385,280.6,14.01,4.86,0.264,0.164,1.3,1.14
4386,48.2,18.15,8.9,0.135,0.016,5.2,1.35
4387,31.8,9.6,3.65,0.017,0.195,8.6,0.87
4388,291.4,10.57,7.39,0.428,0.074,6.8,1.53
4389,103.7,14.87,1.43,0.02,0.327,8.9,2.17
4390,37.2,10.05,4.41,0.015,0.018,3.5,2.15
4391,80.4,12.21,3.82,0.497,0.042,4.3,0.34
4392,9.5,18.3,2.66,0.089,0.043,8.8,0.18
4393,5.8,18.35,1.61,0.496,0.05,1.1,2.51
4394,179.4,15.95,8.06,0.037,0.652,1.3,1.28
4395,14.8,10.19,1.25,0.151,0.014,1.8,0.77
4396,166.5,8.91,1.68,0.026,0.018,2.6,2.68
4397,137.1,10.22,9.04,0.021,0.013,1.7,2.12
4398,3.9,18.28,1.45,0.401,0.081,6.5,1.42
4399,13.9,12.05,4.88,0.022,0.179,8.1,2.88
4400,6.5,19.48,1.17,0.059,0.382,4.4,2.56
4401,169.0,8.41,3.02,0.146,0.175,8.5,0.43
4402,76.2,16.07,2.84,0.144,0.279,3.2,2.25
4403,3.0,9.44,1.92,0.051,0.199,1.8,0.23
4404,112.4,8.55,5.03,0.033,0.072,2.5,0.15
4405,3.4,13.95,5.43,0.043,0.688,7.5,0.72
4406,11.1,11.02,3.09,0.036,0.525,4.4,2.2
4407,38.4,10.39,1.75,0.013,0.122,7.4,0.83
4408,9.3,10.1,2.15,0.026,0.133,1.6,1.09
4409,62.0,16.84,4.9,0.016,0.017,1.1,1.01
4410,12.2,14.43,1.7,0.011,0.193,1.7,0.14
4411,4.1,9.08,7.94,0.283,0.71,1.4,2.35
4412,15.3,9.65,6.86,0.363,0.047,6.6,0.59
4413,142.0,9.87,2.67,0.025,0.343,7.6,1.47
4414,36.4,11.92,1.61,0.016,0.299,9.5,0.07
4415,10.9,16.61,9.72,0.015,0.023,6.1,2.18
4416,10.2,18.16,1.2,0.199,0.011,1.2,1.97
4417,202.3,9.6,1.26,0.39,0.029,9.9,0.55
4418,106.9,14.82,2.1,0.015,0.221,1.0,1.93
4419,267.9,10.05,2.59,0.106,0.777,2.6,1.3
4420,30.1,11.76,1.12,0.024,0.018,1.7,0.62
4421,13.2,9.32,6.16,0.301,0.012,7.4,2.89
4422,9.1,12.2,9.06,0.399,0.208,8.1,0.61
4423,80.0,12.74,4.32,0.184,0.15,2.2,0.01
4424,6.9,8.2,1.4,0.157,0.074,8.1,2.53
4425,13.5,17.13,5.6,0.031,0.148,5.1,1.54
4426,73.7,15.31,2.4,0.111,0.092,3.0,0.7
4427,167.6,9.01,4.45,0.096,0.09,4.1,1.61
4428,14.5,9.18,1.73,0.025,0.018,4.0,2.54
4429,74.8,9.67,6.99,0.096,0.044,8.0,1.88
4430,27.8,11.7,7.79,0.014,0.267,5.5,0.22
4431,213.6,18.69,3.55,0.141,0.013,7.6,2.81
4432,189.8,13.46,4.75,0.451,0.103,2.6,0.21
4433,37.5,19.73,7.13,0.028,0.386,9.9,1.61
4434,73.9,10.37,1.11,0.237,0.113,2.6,2.64
4435,6.1,14.57,5.97,0.081,0.265,5.9,1.3
4436,20.5,10.84,3.82,0.205,0.259,1.1,0.45
4437,12.2,8.85,8.13,0.215,0.091,3.7,0.1
4438,115.4,19.12,2.12,0.042,0.012,2.4,2.48
4439,188.7,12.06,2.73,0.051,0.558,8.4,1.16
4440,17.1,16.75,6.71,0.15,0.117,8.1,2.7
4441,5.3,8.21,3.31,0.019,0.05,4.3,1.57
4442,70.6,16.73,2.7,0.016,0.01,7.1,2.26
4443,91.3,17.01,1.8,0.041,0.014,3.9,1.17
4444,6.4,9.96,7.79,0.011,0.909,4.0,1.39
4445,5.4,13.83,1.79,0.1,0.601,8.2,1.85
4446,21.4,10.55,4.97,0.024,0.019,2.2,0.18
4447,168.1,15.19,3.84,0.328,0.268,3.3,0.26
4448,7.2,16.5,9.16,0.025,0.826,9.4,2.44
4449,8.3,8.58,4.54,0.015,0.082,7.0,0.41
4450,263.8,8.57,3.85,0.046,0.057,6.5,1.71
4451,122.2,16.14,3.84,0.179,0.082,2.7,2.6
4452,16.2,13.33,1.75,0.484,0.461,1.5,0.32
4453,21.5,9.03,3.07,0.107,0.128,8.5,0.82
4454,25.0,13.53,1.11,0.023,0.801,1.6,1.42
4455,17.5,18.85,2.21,0.173,0.763,1.6,2.29
4456,31.4,16.37,3.68,0.062,0.144,9.8,1.08
4457,199.3,9.37,1.8,0.115,0.1,4.1,2.52
4458,8.1,8.65,3.31,0.107,0.068,7.1,1.7
4459,13.9,10.15,5.54,0.124,0.053,2.0,0.61
4460,12.7,19.21,2.09,0.026,0.733,8.3,1.89
4461,33.6,13.49,1.8,0.016,0.442,1.2,2.59
4462,16.3,16.31,1.25,0.013,0.758,1.9,2.06
4463,11.3,10.14,2.26,0.237,0.014,7.7,2.78
4464,15.2,11.78,9.52,0.012,0.85,1.8,1.61
4465,6.8,19.05,9.67,0.096,0.013,3.7,2.03
4466,44.2,14.76,1.54,0.033,0.16,5.4,2.82
4467,13.9,8.61,1.62,0.355,0.055,6.0,2.95
4468,22.3,14.0,3.31,0.093,0.145,3.0,2.04
4469,13.4,11.15,5.81,0.27,0.291,1.6,2.06
4470,20.0,13.78,2.49,0.303,0.334,2.1,0.36
4471,73.1,17.07,3.41,0.153,0.238,1.6,1.62
4472,4.4,8.76,2.96,0.057,0.033,3.4,2.29
4473,75.8,12.99,1.25,0.034,0.025,2.1,1.44
4474,17.4,12.9,4.32,0.129,0.046,1.9,0.09
4475,11.4,9.69,4.55,0.104,0.021,6.5,2.36
4476,37.7,11.62,2.56,0.241,0.516,2.7,1.92
4477,23.6,19.62,5.49,0.451,0.953,5.8,1.28
4478,65.9,9.54,1.6,0.034,0.298,5.5,0.23
4479,117.3,8.44,6.56,0.31,0.022,2.5,0.02
4480,251.2,8.51,1.18,0.297,0.42,4.3,0.1
4481,13.0,13.46,9.7,0.082,0.043,4.9,1.44
4482,178.9,19.05,4.25,0.029,0.138,3.8,2.58
4483,4.0,10.21,7.75,0.022,0.19,4.7,0.35
4484,55.2,16.94,1.77,0.111,0.14,7.4,2.95
4485,12.5,18.09,3.35,0.01,0.049,6.9,0.82
4486,4.7,8.73,8.6,0.03,0.308,8.8,1.94
4487,61.8,9.38,1.72,0.011,0.692,2.7,2.56
4488,34.5,8.81,5.18,0.246,0.069,6.6,2.62
4489,17.1,10.77,8.66,0.017,0.628,3.6,0.79
4490,201.0,8.03,1.29,0.377,0.171,9.1,1.68
4491,20.5,8.25,2.98,0.026,0.404,2.7,2.87
4492,65.4,13.59,7.52,0.015,0.74,1.3,0.37
4493,8.9,8.37,4.18,0.098,0.044,2.5,0.02
4494,34.5,14.39,3.22,0.013,0.492,7.6,2.37
4495,129.5,13.87,4.12,0.053,0.035,8.5,2.58
4496,3.2,11.95,3.16,0.497,0.956,2.5,1.57
4497,162.7,14.3,8.1,0.173,0.08,2.2,1.66
4498,48.3,10.29,2.82,0.091,0.674,7.1,1.93
4499,55.1,8.93,9.22,0.03,0.359,6.1,1.81
4500,4.4,9.5,9.22,0.011,0.122,1.9,2.4
4501,3.4,13.33,4.82,0.176,0.073,1.1,1.4
4502,5.2,9.57,2.46,0.045,0.471,6.7,2.45
4503,174.6,19.3,6.48,0.061,0.118,5.3,0.36
4504,4.6,16.41,2.01,0.015,0.024,1.2,1.96
4505,7.5,8.7,6.49,0.046,0.26,9.3,1.5
4506,9.9,18.93,1.95,0.084,0.914,3.8,1.77
4507,173.4,9.68,4.89,0.062,0.049,2.1,0.8
4508,37.7,18.88,2.76,0.023,0.014,5.5,0.08
4509,3.0,10.05,4.71,0.047,0.103,2.1,2.53
4510,51.2,12.19,4.72,0.026,0.487,5.9,1.71
4511,12.5,11.89,2.34,0.323,0.324,7.0,2.74
4512,12.4,14.11,3.85,0.046,0.169,1.0,0.01
4513,11.9,14.1,2.46,0.077,0.013,1.7,1.75
4514,46.6,14.57,1.32,0.054,0.284,1.3,1.74
4515,31.3,9.48,2.11,0.13,0.036,1.8,0.78
4516,125.0,10.87,1.65,0.184,0.43,7.1,2.84
4517,133.5,17.87,3.65,0.01,0.047,1.4,1.65
4518,6.3,17.49,1.57,0.306,0.01,1.6,0.19
4519,228.1,8.14,5.54,0.046,0.215,3.5,1.11
4520,12.6,17.55,4.01,0.373,0.307,5.7,0.88
4521,22.4,19.23,4.51,0.015,0.011,8.5,0.46
4522,282.6,17.78,1.56,0.204,0.012,1.6,2.51
4523,162.7,10.81,5.6,0.438,0.051,1.8,2.48
4524,18.4,14.39,1.74,0.057,0.028,4.5,0.9
4525,63.5,16.33,8.93,0.102,0.016,4.1,0.05
4526,6.6,10.38,1.11,0.077,0.112,1.1,0.76
4527,9.6,10.83,7.66,0.125,0.226,8.4,2.52
4528,205.6,13.32,1.02,0.091,0.015,2.3,1.83
4529,7.1,14.25,1.19,0.144,0.08,1.1,1.78
4530,28.6,13.33,6.23,0.011,0.637,2.0,0.95
4531,131.0,10.09,8.47,0.194,0.106,5.1,1.41
4532,20.1,17.14,6.87,0.33,0.014,1.7,1.73
4533,4.8,10.59,5.82,0.212,0.026,1.3,2.7
4534,211.4,11.27,2.31,0.18,0.185,8.0,2.32
4535,39.0,15.01,3.52,0.051,0.082,5.2,1.84
4536,14.5,18.4,1.09,0.034,0.206,8.2,0.54
4537,44.4,9.28,1.17,0.023,0.944,9.7,1.14
4538,33.1,12.82,8.61,0.012,0.03,1.5,2.27
4539,98.3,17.92,1.21,0.385,0.097,1.8,0.92
4540,17.3,10.78,2.9,0.203,0.017,1.3,1.97
4541,213.0,18.49,5.1,0.244,0.031,9.3,1.7
4542,38.3,10.33,7.26,0.383,0.088,1.6,1.06
4543,12.9,9.46,1.99,0.087,0.34,1.3,1.2
4544,6.2,8.23,2.2,0.08,0.296,8.5,0.43
4545,51.5,9.48,4.86,0.171,0.569,1.6,0.52
4546,3.9,15.67,4.41,0.181,0.061,1.4,1.64
4547,81.3,17.16,1.62,0.015,0.746,1.6,2.55
4548,87.2,8.92,1.07,0.227,0.385,7.0,2.67
4549,228.9,15.6,1.28,0.452,0.089,1.9,0.97
4550,155.2,14.45,1.51,0.35,0.063,1.9,0.78
4551,62.0,12.85,1.97,0.048,0.394,8.5,2.94
4552,4.0,17.71,1.22,0.012,0.072,2.0,2.66
4553,6.0,14.44,3.62,0.137,0.345,1.4,2.41
4554,98.0,15.54,1.33,0.155,0.03,3.5,0.73
4555,236.4,9.15,4.36,0.026,0.686,3.4,1.58
4556,4.5,12.63,2.69,0.08,0.079,7.5,1.13
4557,21.1,13.29,1.98,0.336,0.669,1.9,1.29
4558,185.2,18.12,7.71,0.045,0.021,1.5,1.77
4559,18.1,14.1,4.58,0.336,0.021,4.2,2.91
4560,9.0,19.31,2.93,0.04,0.025,4.0,1.86
4561,4.0,9.92,1.22,0.383,0.05,3.2,0.43
4562,55.5,9.03,6.78,0.091,0.016,7.6,2.1
4563,7.8,10.54,1.74,0.326,0.084,2.0,1.74
4564,11.7,11.54,1.2,0.329,0.667,1.5,2.06
4565,128.5,12.63,3.89,0.044,0.235,2.9,2.77
4566,16.5,16.28,4.06,0.201,0.185,3.3,0.46
4567,239.0,9.56,3.34,0.042,0.064,2.3,0.95
4568,10.1,13.0,1.63,0.034,0.106,2.7,0.42
4569,23.0,13.15,1.51,0.339,0.304,1.6,0.36
4570,7.6,9.58,1.08,0.062,0.098,2.5,0.86
4571,21.2,17.15,6.35,0.047,0.907,1.6,1.3
4572,117.3,9.1,1.6,0.063,0.264,2.6,1.24
4573,9.7,19.15,2.32,0.334,0.042,1.0,1.86
4574,34.2,16.97,9.89,0.152,0.13,8.9,2.49
4575,8.3,9.94,3.93,0.062,0.081,2.7,1.1
4576,38.3,14.7,5.14,0.013,0.186,1.1,2.21
4577,83.1,12.43,6.25,0.124,0.836,1.8,1.93
4578,25.9,8.15,2.25,0.033,0.054,3.1,1.99
4579,214.6,10.13,2.07,0.029,0.179,1.5,0.76
4580,18.0,11.77,1.86,0.045,0.3,2.8,0.14
4581,3.1,9.34,1.91,0.026,0.021,4.3,1.46
4582,8.6,16.43,4.28,0.11,0.392,4.5,0.26
4583,132.2,12.95,2.29,0.018,0.119,8.6,1.58
4584,32.2,14.68,3.84,0.04,0.011,5.1,0.15
4585,261.4,19.35,7.59,0.075,0.31,1.3,2.51
4586,17.7,12.2,2.05,0.014,0.021,1.0,1.75
4587,276.1,14.76,3.04,0.25,0.035,3.4,2.58
4588,11.0,9.63,1.78,0.278,0.015,1.6,1.63
4589,6.3,18.85,6.59,0.329,0.252,1.1,1.28
4590,35.8,8.66,3.04,0.237,0.179,4.5,1.25
4591,72.8,10.32,9.79,0.103,0.179,3.1,0.68
4592,109.0,19.57,1.48,0.2,0.191,3.5,2.51
4593,22.5,15.07,2.19,0.366,0.024,4.2,1.12
4594,3.6,10.24,3.64,0.148,0.146,8.1,1.29
4595,69.8,15.54,4.6,0.03,0.068,9.6,0.83
4596,11.0,17.83,3.58,0.02,0.386,5.7,0.64
4597,117.4,9.6,7.69,0.037,0.069,1.9,0.56
4598,5.2,9.3,9.17,0.013,0.137,1.9,0.55
4599,111.9,13.75,2.63,0.133,0.02,2.8,0.18
4600,271.4,11.5,8.19,0.378,0.227,8.6,2.1
4601,73.5,12.82,1.42,0.059,0.279,1.6,2.77
4602,182.7,9.23,1.12,0.079,0.388,2.8,2.88
4603,80.3,16.62,6.98,0.09,0.165,1.7,2.22
4604,252.8,11.06,9.65,0.413,0.365,4.1,2.69
4605,8.0,15.25,1.45,0.063,0.064,5.1,2.69
4606,8.6,13.15,2.62,0.026,0.72,3.5,1.99
4607,20.1,9.19,9.27,0.12,0.013,6.7,1.42
4608,4.0,9.58,6.93,0.223,0.751,7.5,2.31
4609,249.2,11.08,2.02,0.016,0.058,2.4,0.98
4610,171.6,9.87,7.81,0.024,0.322,8.5,1.97
4611,8.0,8.97,4.83,0.068,0.053,2.4,1.56
4612,19.8,12.68,2.53,0.022,0.269,9.0,2.25
4613,19.0,13.99,9.44,0.42,0.194,1.1,1.94
4614,37.5,13.69,5.53,0.028,0.146,2.9,1.89
4615,5.2,17.53,1.6,0.025,0.05,2.3,0.05
4616,42.9,8.73,7.78,0.033,0.344,1.1,1.79
4617,6.1,8.08,6.94,0.011,0.056,7.7,1.41
4618,3.3,15.97,9.8,0.012,0.067,3.5,0.76
4619,38.1,12.08,1.82,0.144,0.137,1.4,2.6
4620,3.7,18.4,1.31,0.177,0.179,1.2,2.48
4621,10.0,12.66,1.41,0.167,0.119,1.7,0.92
4622,126.8,15.36,2.7,0.479,0.037,8.6,1.64
4623,27.3,13.68,2.74,0.043,0.027,1.4,1.59
4624,6.0,17.8,1.23,0.037,0.113,1.9,0.1
4625,38.2,9.37,4.1,0.014,0.553,7.0,2.47
4626,4.0,13.97,4.61,0.038,0.013,2.9,0.95
4627,56.0,17.48,4.15,0.01,0.485,3.9,1.67
4628,6.4,14.97,2.81,0.446,0.357,1.1,1.0
4629,99.7,17.51,2.96,0.115,0.07,1.0,2.54
4630,15.7,10.78,5.26,0.101,0.332,5.4,1.72
4631,66.4,15.07,1.73,0.023,0.193,3.9,0.32
4632,7.4,17.74,6.5,0.056,0.047,1.8,2.26
4633,8.5,11.3,5.19,0.108,0.019,6.6,0.25
4634,12.5,10.57,2.66,0.261,0.034,3.8,1.95
4635,144.5,13.99,2.21,0.016,0.229,3.3,0.59
4636,52.0,9.61,3.65,0.113,0.098,1.4,2.46
4637,15.6,8.82,1.17,0.297,0.079,8.8,2.42
4638,82.0,8.4,7.55,0.266,0.069,2.9,2.29
4639,145.9,10.63,1.64,0.118,0.041,9.2,0.35
4640,7.5,18.17,2.21,0.018,0.044,5.5,2.0
4641,38.1,9.95,4.68,0.041,0.011,3.8,0.32
4642,41.0,12.32,1.69,0.032,0.214,4.5,1.92
4643,28.0,14.06,3.04,0.064,0.139,1.8,0.82
4644,44.9,11.38,4.1,0.011,0.866,2.2,0.48
4645,237.2,10.45,6.55,0.011,0.294,7.5,1.32
4646,3.8,11.54,1.88,0.144,0.571,1.2,1.29
4647,225.5,14.97,4.35,0.023,0.017,2.2,2.4
4648,14.4,8.07,2.44,0.118,0.022,8.4,0.25
4649,296.3,17.79,3.9,0.06,0.043,7.5,1.73
4650,19.6,17.44,4.05,0.096,0.513,4.9,2.3
4651,69.9,17.28,2.37,0.013,0.341,1.9,2.48
4652,18.5,9.45,5.5,0.052,0.537,2.4,2.22
4653,40.9,9.28,6.32,0.093,0.799,1.6,1.05
4654,141.3,11.44,1.93,0.011,0.013,1.2,1.52
4655,48.7,9.49,1.32,0.037,0.34,1.3,0.49
4656,99.8,8.62,2.93,0.101,0.022,1.7,2.64
4657,191.0,10.71,2.58,0.027,0.189,5.0,0.06
4658,108.2,16.17,1.47,0.084,0.013,4.9,2.78
4659,60.0,15.3,2.53,0.076,0.079,2.3,2.11
4660,9.1,8.52,1.19,0.141,0.22,6.1,0.07
4661,21.0,11.34,9.06,0.035,0.261,7.1,0.59
4662,92.8,9.02,5.04,0.327,0.382,6.7,1.5
4663,12.1,12.0,4.14,0.177,0.083,2.4,2.39
4664,69.1,8.79,6.01,0.123,0.067,5.6,1.79
4665,36.5,12.36,6.8,0.164,0.073,1.7,0.34
4666,35.7,18.78,1.24,0.059,0.013,4.2,2.94
4667,67.3,13.55,3.02,0.057,0.081,1.9,2.38
4668,4.9,10.06,4.33,0.06,0.041,1.2,2.61
4669,5.1,16.54,1.08,0.016,0.248,9.7,2.84
4670,4.0,17.65,5.55,0.099,0.013,4.4,1.82
4671,145.8,12.26,3.22,0.384,0.022,1.9,0.88
4672,102.3,18.19,1.48,0.133,0.439,1.2,0.81
4673,32.2,11.37,1.13,0.042,0.033,6.2,2.44
4674,139.7,11.29,6.32,0.03,0.012,4.8,2.93
4675,3.2,14.38,8.5,0.216,0.543,1.6,0.7
4676,257.4,11.77,4.07,0.209,0.454,6.4,0.05
4677,101.1,13.68,4.46,0.018,0.054,1.2,0.72
4678,25.5,10.2,1.41,0.134,0.041,5.5,0.99
4679,59.1,19.3,1.31,0.109,0.356,1.8,2.81
4680,22.0,8.79,6.67,0.235,0.022,2.2,1.36
4681,8.5,15.48,5.5,0.13,0.016,3.1,1.86
4682,5.3,8.3,3.46,0.137,0.017,6.7,1.09
4683,61.8,18.14,7.81,0.055,0.023,2.7,2.18
4684,32.7,8.03,2.75,0.211,0.413,7.0,0.53
4685,48.2,9.01,2.67,0.039,0.302,4.0,2.05
4686,190.8,11.13,2.17,0.011,0.042,9.7,1.41
4687,19.6,15.06,5.46,0.01,0.014,2.0,0.1
4688,10.5,9.93,1.28,0.085,0.057,2.9,1.58
4689,276.8,10.37,6.67,0.166,0.073,2.2,0.75
4690,47.8,16.9,4.59,0.147,0.236,5.1,1.83
4691,16.4,8.06,1.67,0.178,0.376,7.4,2.04
4692,80.5,9.9,1.32,0.259,0.147,7.0,0.24
4693,49.4,10.38,2.66,0.256,0.012,1.8,1.27
4694,18.6,14.04,9.4,0.026,0.013,6.2,0.75
4695,260.4,12.64,3.09,0.07,0.933,4.0,1.17
4696,11.8,13.48,1.87,0.037,0.81,2.5,1.81
4697,3.8,11.19,1.97,0.017,0.144,3.0,0.18
4698,3.7,15.94,4.6,0.464,0.637,4.0,0.49
4699,11.7,11.42,2.03,0.052,0.017,3.7,2.95
4700,19.1,8.26,8.57,0.48,0.041,1.5,0.44
4701,253.3,11.44,1.22,0.04,0.046,2.4,1.55
4702,27.1,19.26,1.05,0.41,0.122,7.3,0.78
4703,13.1,15.34,7.84,0.109,0.09,5.2,1.61
4704,295.4,8.21,1.81,0.019,0.93,2.0,2.73
4705,14.4,11.26,1.43,0.011,0.205,1.5,2.28
4706,25.6,13.81,1.74,0.496,0.092,1.2,2.68
4707,7.1,9.11,9.8,0.01,0.041,7.7,0.26
4708,3.0,9.61,4.8,0.147,0.057,3.1,2.81
4709,6.6,8.99,1.73,0.177,0.082,1.1,2.28
4710,80.6,18.72,2.76,0.43,0.027,3.1,0.63
4711,157.7,14.79,4.33,0.209,0.037,7.2,2.46
4712,84.2,12.01,4.38,0.012,0.645,4.8,1.59
4713,21.8,16.49,8.0,0.175,0.19,2.8,0.68
4714,127.1,8.29,1.19,0.148,0.43,6.0,1.32
4715,7.5,15.0,2.48,0.126,0.036,5.9,0.47
4716,196.9,11.34,1.83,0.133,0.538,5.6,1.51
4717,79.6,11.26,2.64,0.131,0.041,1.1,1.86
4718,152.5,12.14,7.87,0.128,0.972,1.8,0.87
4719,25.2,16.61,2.82,0.343,0.048,7.2,0.62
4720,9.5,14.56,1.26,0.014,0.015,1.8,1.49
4721,4.1,11.88,5.19,0.028,0.31,1.2,0.88
4722,100.0,12.74,3.3,0.294,0.644,7.6,0.73
4723,103.6,13.54,1.56,0.12,0.521,6.8,1.45
4724,101.9,19.77,4.04,0.054,0.025,4.2,1.9
4725,133.9,14.18,2.73,0.018,0.202,4.2,2.26
4726,4.7,13.83,5.64,0.065,0.356,2.9,2.16
4727,6.0,11.61,6.03,0.188,0.706,2.1,1.67
4728,173.2,12.74,1.56,0.235,0.223,1.1,2.43
4729,18.0,18.73,5.7,0.173,0.139,1.0,1.25
4730,81.1,14.16,1.84,0.04,0.057,2.4,1.67
4731,19.0,14.83,3.32,0.015,0.013,2.9,1.72
4732,67.6,8.03,4.82,0.15,0.044,2.3,0.45
4733,81.0,8.74,3.09,0.011,0.728,1.2,1.86
4734,21.2,15.45,1.31,0.186,0.126,4.6,1.53
4735,164.1,18.09,3.77,0.098,0.386,7.7,0.34
4736,132.9,13.55,4.66,0.04,0.582,2.8,2.67
4737,283.9,10.87,2.87,0.057,0.256,4.0,0.53
4738,15.4,12.69,2.14,0.03,0.132,9.1,2.53
4739,17.3,12.86,4.36,0.108,0.206,2.2,2.11
4740,15.6,13.18,1.25,0.409,0.785,5.3,1.89
4741,45.4,16.35,2.9,0.152,0.183,9.1,1.14
4742,7.0,15.58,1.29,0.067,0.034,4.7,1.17
4743,112.8,16.86,1.27,0.028,0.606,1.8,1.71
4744,8.5,10.15,4.78,0.108,0.1,3.2,2.8
4745,29.3,8.53,1.28,0.048,0.129,5.1,1.08
4746,3.5,15.81,4.97,0.042,0.347,4.2,0.78
4747,4.3,10.87,8.7,0.013,0.039,1.4,2.56
4748,189.8,11.67,1.3,0.017,0.148,1.3,0.39
4749,21.1,16.67,1.76,0.075,0.017,4.8,1.64
4750,17.2,8.11,1.21,0.113,0.099,5.7,2.7
4751,35.8,17.47,7.54,0.254,0.392,2.2,1.89
4752,15.5,14.62,3.5,0.04,0.167,7.6,2.43
4753,12.6,8.08,2.77,0.059,0.017,3.6,1.77
4754,15.8,13.92,8.67,0.078,0.432,2.7,2.49
4755,57.4,17.56,2.01,0.037,0.33,6.3,2.2
4756,61.0,11.42,2.75,0.028,0.605,4.3,0.22
4757,42.6,14.32,2.79,0.03,0.953,2.8,0.25
4758,59.9,18.55,1.23,0.097,0.025,9.8,1.62
4759,7.8,8.76,1.45,0.057,0.461,3.6,0.48
4760,49.5,14.24,4.58,0.068,0.04,2.0,2.5
4761,14.2,15.53,1.88,0.159,0.031,9.7,0.46
4762,54.7,13.62,9.78,0.023,0.332,7.1,2.75
4763,14.3,9.49,9.18,0.094,0.123,3.5,0.84
4764,45.9,8.84,5.57,0.265,0.01,9.7,1.87
4765,8.8,17.51,5.01,0.027,0.9,1.5,1.9
4766,5.1,15.22,2.45,0.071,0.317,6.4,2.52
4767,59.6,8.39,3.12,0.02,0.138,2.8,1.11
4768,21.9,16.97,4.86,0.141,0.188,2.2,2.55
4769,26.2,8.26,4.47,0.027,0.038,2.1,2.86
4770,3.1,16.53,1.82,0.035,0.029,9.9,1.48
4771,29.2,16.62,2.0,0.013,0.047,1.2,1.58
4772,28.8,17.61,1.35,0.026,0.047,2.9,2.55
4773,111.1,9.16,6.78,0.442,0.045,3.7,0.59
4774,3.3,9.23,1.16,0.332,0.054,5.5,1.61
4775,17.1,11.33,3.23,0.024,0.016,1.2,1.39
4776,13.2,12.21,5.13,0.172,0.742,1.3,1.75
4777,3.8,11.72,1.0,0.066,0.428,1.4,0.32
4778,206.8,9.3,5.73,0.129,0.285,2.3,0.6
4779,10.9,19.03,1.03,0.077,0.054,6.1,0.73
4780,3.2,11.11,8.43,0.076,0.328,6.8,1.61
4781,3.4,9.3,9.8,0.079,0.02,6.5,0.61
4782,16.5,14.49,2.26,0.448,0.086,2.7,0.03
4783,213.8,10.21,1.97,0.094,0.014,6.6,1.42
4784,135.9,17.53,9.59,0.025,0.016,9.9,2.53
4785,32.3,10.19,4.55,0.03,0.582,3.0,2.87
4786,9.5,18.67,4.22,0.011,0.024,8.6,2.58
4787,9.2,8.09,1.32,0.103,0.233,1.5,1.91
4788,8.4,15.44,2.21,0.012,0.644,2.9,2.83
4789,5.3,9.84,5.27,0.051,0.022,8.0,1.03
4790,83.1,11.58,2.09,0.346,0.025,5.2,2.3
4791,144.7,8.52,6.32,0.18,0.011,4.3,2.82
4792,113.8,10.72,5.73,0.033,0.094,2.5,2.69
4793,211.5,8.8,1.34,0.103,0.441,6.9,1.36
4794,7.7,9.43,5.24,0.062,0.012,7.6,1.3
4795,9.1,16.99,7.54,0.12,0.204,2.8,0.58
4796,83.1,17.53,3.24,0.425,0.969,2.2,0.24
4797,3.9,19.78,9.12,0.207,0.675,1.2,1.8
4798,296.0,9.87,7.14,0.041,0.049,4.0,2.92
4799,15.1,11.17,2.2,0.123,0.079,3.6,0.17
4800,7.7,18.35,1.28,0.318,0.599,8.0,0.86
4801,3.4,14.39,5.58,0.056,0.384,3.4,2.53
4802,254.2,15.78,6.55,0.156,0.588,1.0,1.88
4803,25.3,8.91,4.43,0.239,0.71,1.2,1.2
4804,4.1,8.51,2.59,0.18,0.5,1.2,0.44
4805,10.5,10.96,1.17,0.063,0.011,1.2,2.66
4806,92.8,14.04,1.64,0.098,0.268,3.7,2.44
4807,34.5,9.73,1.85,0.202,0.096,1.9,0.64
4808,8.6,15.11,2.94,0.046,0.1,6.5,1.59
4809,95.6,14.49,2.63,0.175,0.047,7.8,2.0
4810,51.6,15.64,4.34,0.023,0.043,5.1,1.01
4811,5.2,17.37,3.47,0.295,0.01,2.7,2.61
4812,78.4,15.74,2.17,0.248,0.02,1.1,1.97
4813,99.3,8.18,7.96,0.178,0.552,1.0,2.23
4814,277.7,17.09,5.79,0.013,0.283,4.3,2.26
4815,13.5,13.59,3.23,0.026,0.077,4.5,1.64
4816,8.0,10.85,1.79,0.021,0.071,3.2,2.56
4817,222.3,14.2,1.62,0.14,0.243,1.5,2.06
4818,60.1,9.68,1.12,0.11,0.436,6.1,2.68
4819,265.3,10.42,1.43,0.081,0.19,1.2,2.02
4820,45.7,19.65,3.05,0.05,0.328,1.1,2.19
4821,166.3,12.15,5.48,0.047,0.045,1.8,0.26
4822,36.2,17.56,3.33,0.024,0.041,7.5,2.19
4823,3.2,19.59,6.26,0.371,0.054,8.5,2.92
4824,219.6,10.05,1.22,0.039,0.022,2.6,2.06
4825,71.8,9.13,3.34,0.015,0.306,3.9,2.62
4826,102.3,16.13,4.47,0.015,0.275,3.1,1.28
4827,12.9,12.05,4.67,0.017,0.197,2.2,1.26
4828,94.2,8.05,1.47,0.204,0.031,1.9,2.44
4829,6.2,16.15,2.88,0.189,0.205,4.6,2.78
4830,187.6,9.03,2.14,0.055,0.94,5.0,1.3
4831,38.9,9.31,4.49,0.03,0.056,2.6,0.65
4832,182.7,14.54,1.21,0.022,0.619,1.8,0.08
4833,18.3,10.12,6.38,0.075,0.096,1.2,0.69
4834,102.4,9.08,2.14,0.024,0.014,1.0,0.29
4835,246.9,16.71,6.36,0.064,0.023,6.1,0.72
4836,3.9,13.83,2.4,0.017,0.11,5.9,0.88
4837,46.6,17.22,1.59,0.013,0.526,8.6,0.02
4838,5.8,10.71,1.91,0.207,0.568,3.1,2.55
4839,11.8,14.83,2.92,0.028,0.065,1.3,0.33
4840,18.6,12.52,1.0,0.346,0.339,3.9,2.61
4841,51.1,10.54,1.24,0.046,0.083,4.1,0.12
4842,33.2,12.11,1.41,0.159,0.273,5.9,1.14
4843,11.7,9.86,5.31,0.478,0.054,1.4,0.71
4844,121.2,9.7,4.18,0.198,0.357,7.4,2.14
4845,12.8,10.59,4.99,0.107,0.013,4.1,0.36
4846,165.1,12.94,2.8,0.02,0.684,2.9,2.71
4847,6.7,19.28,1.33,0.015,0.017,1.1,2.31
4848,30.5,15.29,1.51,0.028,0.625,2.0,1.18
4849,5.7,8.55,2.18,0.13,0.016,2.0,0.84
4850,4.6,10.19,5.72,0.049,0.019,2.6,2.26
4851,54.8,8.4,2.33,0.084,0.04,4.4,1.59
4852,11.8,13.73,5.9,0.132,0.061,1.8,1.39
4853,40.7,11.75,3.48,0.011,0.023,4.2,2.62
4854,73.2,8.45,4.79,0.193,0.507,1.9,2.27
4855,26.5,12.54,7.42,0.167,0.058,7.6,2.64
4856,4.6,12.99,4.73,0.403,0.999,4.7,1.6
4857,204.7,8.66,4.47,0.259,0.024,1.1,0.21
4858,25.2,14.8,2.26,0.152,0.464,3.2,0.59
4859,5.5,10.5,1.31,0.116,0.01,1.3,2.87
4860,37.9,11.93,1.42,0.039,0.211,4.3,1.15
4861,18.9,10.79,2.04,0.383,0.905,1.2,1.68
4862,144.7,17.61,1.93,0.096,0.189,4.0,0.5
4863,27.2,15.21,2.05,0.026,0.199,2.4,1.96
4864,161.0,17.53,5.55,0.331,0.04,6.7,2.76
4865,5.6,13.09,8.96,0.068,0.265,1.1,0.94
4866,205.9,11.79,5.43,0.202,0.218,9.6,2.31
4867,33.1,11.48,5.51,0.31,0.323,2.2,2.86
4868,4.6,12.25,2.34,0.063,0.343,1.6,2.58
4869,25.9,18.16,2.77,0.042,0.04,4.0,0.49
4870,25.4,13.34,2.03,0.014,0.032,2.7,0.36
4871,30.3,13.79,9.27,0.059,0.018,1.4,1.34
4872,25.2,13.45,8.14,0.056,0.89,2.8,2.28
4873,136.9,19.47,4.43,0.146,0.428,5.2,0.42
4874,3.6,16.16,2.0,0.014,0.014,2.3,0.8
4875,33.8,9.29,1.53,0.179,0.321,4.9,0.07
4876,73.7,12.27,1.09,0.223,0.138,1.4,1.96
4877,25.0,19.56,7.78,0.138,0.886,7.8,1.45
4878,180.7,13.11,5.07,0.02,0.497,5.6,1.83
4879,281.0,11.71,3.87,0.011,0.714,2.5,0.3
4880,6.5,11.66,1.05,0.444,0.128,4.4,1.43
4881,20.4,12.26,7.07,0.196,0.028,9.0,0.94
4882,33.3,9.73,4.95,0.124,0.017,3.4,2.04
4883,12.4,9.76,9.54,0.049,0.01,1.7,2.09
4884,63.3,12.18,3.82,0.455,0.016,3.1,2.39
4885,11.4,18.16,3.53,0.443,0.033,5.3,2.25
4886,155.5,8.86,3.45,0.276,0.873,1.4,2.49
4887,32.7,16.0,8.12,0.288,0.05,5.3,1.71
4888,3.7,8.17,9.06,0.024,0.106,6.0,1.37
4889,12.0,12.0,9.0,0.024,0.404,8.1,2.0
4890,140.3,11.4,7.29,0.034,0.148,2.5,2.12
4891,11.3,14.01,3.59,0.033,0.018,2.2,2.77
4892,4.3,19.65,9.59,0.384,0.375,2.5,0.7
4893,273.6,13.03,9.51,0.463,0.429,3.7,1.76
4894,108.3,12.76,1.4,0.035,0.034,6.7,2.07
4895,21.9,19.37,1.53,0.033,0.185,1.2,0.41
4896,6.8,13.5,5.09,0.209,0.037,9.4,0.15
4897,47.8,19.21,9.25,0.024,0.071,6.1,1.87
4898,61.7,10.58,4.74,0.207,0.067,1.7,1.34
4899,14.1,8.2,3.96,0.012,0.023,6.1,1.31
4900,147.9,14.3,6.55,0.041,0.184,8.5,1.83
4901,3.2,13.84,2.16,0.076,0.013,5.1,0.64
4902,19.3,11.15,3.57,0.087,0.3,1.5,2.63
4903,4.3,16.1,4.0,0.198,0.079,5.6,1.92
4904,14.8,16.41,9.15,0.015,0.168,4.5,2.2
4905,5.8,19.08,4.36,0.013,0.123,9.0,1.26
4906,24.3,8.64,4.87,0.368,0.052,1.0,1.63
4907,33.5,18.53,2.76,0.313,0.014,2.4,0.63
4908,27.8,9.47,2.28,0.346,0.046,8.6,1.17
4909,27.8,17.98,8.34,0.349,0.118,4.9,2.85
4910,226.4,15.27,6.44,0.201,0.014,1.8,1.17
4911,10.3,18.58,2.0,0.01,0.052,5.3,0.93
4912,3.3,17.17,9.39,0.041,0.173,3.1,2.17
4913,8.7,8.87,1.47,0.043,0.16,8.9,2.71
4914,108.8,14.98,5.69,0.105,0.159,8.4,1.5
4915,19.2,10.46,1.18,0.031,0.055,2.8,2.46
4916,15.0,17.54,1.24,0.09,0.267,4.5,0.21
4917,41.8,13.66,8.59,0.077,0.304,7.0,0.24
4918,5.1,19.25,3.56,0.033,0.261,5.6,0.4
4919,8.7,18.07,8.52,0.267,0.564,7.8,0.36
4920,4.7,18.51,1.46,0.089,0.024,7.6,2.45
4921,5.8,14.52,1.24,0.187,0.016,5.7,2.47
4922,94.2,8.74,1.84,0.014,0.011,3.3,2.4
4923,28.0,11.4,5.62,0.018,0.01,9.8,1.41
4924,162.1,16.04,3.15,0.048,0.011,6.6,2.94
4925,219.1,12.21,2.99,0.055,0.596,7.9,1.84
4926,102.7,18.02,1.04,0.016,0.233,10.0,2.73
4927,6.1,10.52,9.67,0.024,0.242,6.1,0.21
4928,12.9,8.01,1.88,0.018,0.359,3.0,1.99
4929,8.6,12.22,3.7,0.106,0.058,7.6,2.34
4930,76.7,18.92,1.75,0.029,0.266,7.4,0.08
4931,46.3,8.38,1.61,0.076,0.061,9.1,1.58
4932,12.2,12.52,7.54,0.445,0.725,1.1,1.83
4933,184.7,10.27,8.4,0.06,0.015,1.4,2.86
4934,142.5,14.85,7.89,0.478,0.63,1.4,0.45
4935,5.7,14.37,3.6,0.079,0.108,6.0,0.08
4936,185.3,8.02,6.78,0.046,0.072,4.4,0.4
4937,7.5,19.45,4.13,0.251,0.15,3.4,1.94
4938,53.7,10.25,1.24,0.173,0.18,5.9,2.3
4939,80.3,14.63,5.28,0.136,0.739,8.6,2.77
4940,261.7,11.84,5.58,0.353,0.945,2.9,2.02
4941,172.3,15.78,6.61,0.016,0.188,3.4,1.59
4942,22.2,12.97,7.64,0.017,0.051,3.4,0.73
4943,20.2,9.2,1.55,0.039,0.023,6.9,0.81
4944,190.9,8.61,7.13,0.032,0.166,1.8,2.78
4945,12.0,10.47,3.84,0.058,0.135,5.1,2.57
4946,18.7,11.21,1.3,0.267,0.983,7.9,0.48
4947,107.1,14.92,5.16,0.332,0.272,1.8,2.55
4948,17.2,10.28,3.23,0.013,0.346,3.8,2.07
4949,147.2,15.19,5.84,0.318,0.012,1.7,0.56
4950,18.1,10.85,1.32,0.03,0.713,1.6,0.53
4951,3.0,12.28,1.39,0.023,0.914,1.7,1.32
4952,175.3,9.94,3.93,0.253,0.177,5.7,1.52
4953,3.5,15.02,9.73,0.404,0.266,1.3,1.77
4954,3.3,19.38,3.24,0.103,0.358,2.5,0.78
4955,3.7,8.01,6.31,0.108,0.655,1.3,2.93
4956,4.1,16.91,1.27,0.022,0.027,1.3,0.22
4957,6.9,10.0,5.81,0.053,0.012,1.3,0.27
4958,17.2,9.83,3.47,0.064,0.01,2.6,2.16
4959,5.8,8.46,8.01,0.022,0.678,1.6,0.08
4960,138.7,8.68,9.65,0.033,0.015,1.1,2.33
4961,25.0,15.23,1.52,0.015,0.068,1.3,0.73
4962,176.7,18.34,1.35,0.349,0.059,1.0,1.2
4963,73.1,10.5,4.92,0.3,0.509,1.1,0.11
4964,73.9,16.91,4.83,0.257,0.087,4.8,2.92
4965,83.5,8.8,1.69,0.091,0.191,1.1,1.41
4966,4.7,11.53,2.33,0.029,0.258,7.3,0.41
4967,4.8,11.85,1.49,0.093,0.167,1.2,2.44
4968,4.5,8.92,9.93,0.2,0.079,1.1,0.34
4969,18.9,9.23,1.99,0.03,0.051,2.0,0.02
4970,49.7,16.28,4.26,0.014,0.925,6.7,2.53
4971,106.0,14.63,2.78,0.019,0.046,9.0,1.15
4972,3.7,15.88,1.2,0.352,0.066,2.2,0.75
4973,12.8,12.75,1.99,0.131,0.474,5.6,2.62
4974,48.0,12.77,3.19,0.041,0.052,1.1,1.79
4975,53.7,8.97,3.62,0.19,0.146,4.2,0.7
4976,19.0,10.5,2.87,0.27,0.01,6.5,0.94
4977,3.3,11.96,3.23,0.024,0.067,9.7,0.38
4978,5.8,9.51,5.59,0.026,0.065,2.1,2.68
4979,24.1,8.63,2.14,0.407,0.011,8.9,0.78
4980,118.0,16.07,8.08,0.129,0.066,6.4,1.69
4981,3.0,14.08,4.53,0.079,0.204,3.1,2.62
4982,60.6,14.43,4.95,0.329,0.02,1.6,0.18
4983,39.3,12.56,1.0,0.044,0.041,3.6,1.53
4984,10.8,9.63,2.4,0.149,0.221,2.5,0.76
4985,44.8,19.09,8.24,0.386,0.12,4.0,1.99
4986,19.2,16.48,9.4,0.153,0.017,1.5,0.17
4987,6.9,18.8,7.18,0.019,0.025,3.8,1.35
4988,138.4,15.99,1.72,0.183,0.074,3.8,2.37
4989,30.0,10.06,1.46,0.064,0.11,1.1,1.38
4990,226.3,11.2,6.68,0.016,0.202,1.9,1.11
4991,71.0,10.53,4.75,0.32,0.476,6.1,0.63
4992,14.0,18.57,7.09,0.272,0.074,7.1,0.61
4993,5.7,10.02,2.91,0.406,0.042,6.9,1.89
4994,49.9,9.0,1.41,0.019,0.061,5.8,2.09
4995,12.0,8.33,1.45,0.022,0.01,6.2,1.08
4996,12.0,16.43,4.91,0.199,0.097,1.5,1.2
4997,67.6,12.83,1.08,0.119,0.275,4.6,0.46
4998,6.8,12.55,2.51,0.025,0.665,1.5,0.93
4999,17.1,8.54,2.69,0.042,0.024,1.3,2.34
5000,172.7,8.97,1.06,0.192,0.046,1.5,0.13
5001,25.5,19.44,1.26,0.025,0.1,8.8,0.04
5002,4.1,11.32,3.69,0.036,0.075,1.7,2.05
5003,115.5,11.2,2.77,0.045,0.015,2.7,2.9
5004,91.3,12.91,8.27,0.138,0.664,6.4,2.53
5005,3.4,8.4,3.56,0.119,0.086,2.0,1.75
5006,6.0,9.16,1.7,0.022,0.18,5.1,1.32
5007,9.1,18.68,1.9,0.335,0.829,1.5,1.57
5008,3.9,12.41,8.03,0.017,0.224,9.5,2.57
5009,19.5,14.74,4.33,0.375,0.909,2.4,0.67
5010,3.9,16.86,4.78,0.095,0.172,1.5,2.87
5011,100.7,18.3,6.41,0.02,0.014,1.1,1.15
5012,259.6,9.66,7.22,0.015,0.173,1.3,1.13
5013,51.4,13.39,6.84,0.195,0.432,1.3,1.3
5014,4.5,18.02,2.34,0.24,0.022,1.2,1.07
5015,72.6,14.24,9.82,0.111,0.025,2.7,1.18
5016,33.2,18.9,2.47,0.241,0.449,7.8,0.89
5017,8.5,9.4,4.4,0.155,0.014,7.6,2.6
5018,98.7,18.91,1.0,0.016,0.365,1.3,2.53
5019,48.5,12.84,7.4,0.161,0.222,3.7,1.83
5020,5.9,15.75,1.76,0.207,0.449,1.2,1.57
5021,280.8,15.68,2.29,0.068,0.342,5.4,1.58
5022,17.5,9.34,4.42,0.01,0.032,1.9,2.77
5023,8.2,15.31,7.99,0.014,0.621,1.1,0.47
5024,14.9,12.06,2.08,0.309,0.037,9.1,1.94
5025,35.6,10.24,1.96,0.043,0.011,5.3,2.06
5026,16.1,8.81,2.05,0.017,0.815,1.6,2.31
5027,232.8,8.69,2.74,0.087,0.027,9.0,2.79
5028,230.5,13.41,7.46,0.329,0.01,1.3,1.64
5029,18.9,13.15,8.27,0.089,0.172,3.0,0.33
5030,22.7,12.01,9.2,0.076,0.01,5.5,2.33
5031,156.9,12.88,5.27,0.288,0.026,2.2,0.44
5032,6.2,14.68,4.91,0.405,0.045,5.8,0.78
5033,230.6,13.0,1.03,0.218,0.129,1.7,2.4
5034,90.6,13.68,5.01,0.112,0.017,4.3,0.4
5035,15.8,16.62,5.05,0.478,0.061,1.5,1.9
5036,11.3,11.03,7.83,0.126,0.059,1.1,1.16
5037,5.6,10.09,1.41,0.487,0.018,1.3,1.91
5038,14.3,18.74,6.91,0.029,0.086,2.3,0.6
5039,194.4,8.09,7.2,0.01,0.013,9.2,0.36
5040,10.0,17.56,3.34,0.243,0.011,8.5,1.62
5041,277.5,14.06,7.19,0.013,0.656,3.1,1.78
5042,54.6,9.4,5.35,0.022,0.142,2.3,1.97
5043,140.7,16.39,2.05,0.17,0.64,2.0,0.45
5044,54.1,8.91,2.16,0.092,0.119,2.1,0.57
5045,189.7,19.0,3.41,0.012,0.368,5.5,1.3
5046,5.2,11.37,1.89,0.041,0.063,9.2,0.84
5047,46.4,15.1,1.28,0.409,0.014,9.2,1.76
5048,19.7,8.71,6.57,0.079,0.319,1.3,2.54
5049,8.9,14.66,1.73,0.238,0.294,1.3,2.58
5050,38.6,17.87,1.33,0.317,0.013,1.6,2.83
5051,7.8,11.27,5.96,0.122,0.175,3.0,2.44
5052,7.8,18.95,2.17,0.079,0.015,2.0,2.3
5053,49.8,8.86,9.32,0.452,0.148,1.4,0.82
5054,4.7,16.86,1.75,0.011,0.238,2.5,0.81
5055,3.7,11.01,1.34,0.078,0.07,1.6,2.34
5056,3.3,8.55,2.93,0.039,0.838,6.6,2.3
5057,16.9,15.36,2.24,0.056,0.026,3.8,0.98
5058,99.3,13.15,6.98,0.023,0.019,2.9,0.14
5059,74.8,13.68,1.94,0.032,0.832,6.0,2.29
5060,3.4,16.1,4.2,0.389,0.049,4.0,2.47
5061,262.0,8.3,1.03,0.014,0.297,2.8,0.6
5062,5.8,13.33,8.6,0.024,0.026,6.3,0.98
5063,9.1,9.18,1.91,0.011,0.499,1.6,1.41
5064,3.9,12.06,2.36,0.019,0.335,3.5,1.06
5065,72.5,15.93,6.58,0.172,0.502,1.2,0.01
5066,47.5,15.15,4.63,0.015,0.547,2.4,1.29
5067,146.7,13.72,9.31,0.307,0.197,7.4,0.56
5068,7.9,13.15,4.25,0.427,0.333,5.1,2.01
5069,150.1,8.01,1.12,0.344,0.038,4.0,2.27
5070,5.3,13.15,4.03,0.393,0.021,4.1,0.14
5071,16.2,8.87,4.04,0.141,0.021,1.3,1.53
5072,26.4,13.62,7.49,0.482,0.045,1.2,2.9
5073,7.3,17.7,3.31,0.183,0.045,5.5,1.08
5074,11.7,15.35,1.39,0.012,0.012,3.1,1.12
5075,5.2,14.18,5.12,0.015,0.018,3.5,1.25
5076,9.4,9.07,2.97,0.312,0.817,1.4,2.3
5077,48.1,11.84,4.41,0.014,0.081,6.0,0.96
5078,5.9,15.04,4.17,0.103,0.38,3.8,0.02
5079,8.0,16.93,2.77,0.046,0.033,1.5,2.82
5080,88.6,14.24,1.77,0.219,0.246,6.4,2.37
5081,6.8,9.13,3.58,0.024,0.066,1.0,0.9
5082,8.6,9.01,1.65,0.099,0.267,1.0,0.83
5083,4.7,11.44,1.57,0.126,0.545,6.1,2.17
5084,8.1,15.2,2.15,0.247,0.35,4.3,0.9
5085,3.2,17.96,5.2,0.152,0.059,9.4,1.13
5086,130.6,11.81,7.09,0.014,0.451,2.1,0.26
5087,192.2,12.12,8.69,0.106,0.726,8.3,2.56
5088,215.5,14.08,7.24,0.039,0.31,1.2,1.61
5089,179.0,14.58,4.58,0.073,0.037,2.2,0.95
5090,244.6,19.04,2.23,0.02,0.179,4.3,1.8
5091,23.5,19.88,1.38,0.103,0.123,7.0,0.05
5092,3.7,9.84,4.75,0.028,0.015,2.3,1.91
5093,237.1,10.89,3.72,0.091,0.104,3.7,1.41
5094,6.9,14.38,1.47,0.182,0.012,1.3,0.66
5095,34.7,14.38,4.47,0.016,0.053,8.6,0.5
5096,33.5,10.67,2.77,0.214,0.017,3.5,0.43
5097,3.2,16.6,2.67,0.036,0.017,1.3,1.45
5098,173.9,14.66,7.7,0.248,0.554,3.2,2.27
5099,61.2,8.76,1.25,0.019,0.207,3.7,1.81
5100,94.3,13.57,4.86,0.011,0.487,4.0,0.59
5101,30.6,12.41,1.59,0.036,0.071,1.3,0.25
5102,20.7,17.56,1.02,0.117,0.062,5.2,1.62
5103,89.3,10.55,4.19,0.106,0.097,7.5,0.48
5104,41.0,19.45,2.73,0.027,0.015,4.2,0.98
5105,21.8,10.81,1.41,0.027,0.381,1.7,1.14
5106,6.3,11.47,4.39,0.076,0.026,1.3,0.34
5107,48.1,9.89,4.69,0.039,0.029,9.7,0.94
5108,195.0,12.25,1.11,0.026,0.353,1.4,2.5
5109,4.6,18.42,1.24,0.194,0.633,9.2,1.95
5110,42.8,13.55,1.94,0.036,0.072,7.5,2.12
5111,13.6,8.42,5.05,0.081,0.126,3.1,2.14
5112,4.4,9.92,1.09,0.011,0.064,2.6,1.44
5113,3.0,11.3,3.94,0.102,0.022,2.4,1.24
5114,5.6,12.63,3.83,0.026,0.013,3.2,1.23
5115,291.5,8.86,2.29,0.274,0.174,1.4,0.81
5116,11.8,9.95,2.27,0.333,0.16,2.1,0.01
5117,166.6,16.52,3.23,0.357,0.307,2.1,2.91
5118,4.8,14.84,2.74,0.138,0.043,8.0,1.54
5119,12.6,9.45,1.99,0.019,0.021,2.4,0.03
5120,38.6,15.18,6.16,0.357,0.038,9.5,2.13
5121,12.9,8.76,5.39,0.116,0.284,9.9,1.48
5122,3.4,10.49,7.94,0.013,0.014,1.6,2.93
5123,3.8,11.11,3.78,0.211,0.27,2.1,0.06
5124,9.8,18.29,2.76,0.057,0.191,8.3,2.94
5125,179.7,15.39,8.27,0.212,0.041,1.9,1.99
5126,33.1,13.18,4.6,0.048,0.192,1.6,0.17
5127,10.0,15.88,2.86,0.023,0.406,3.0,1.58
5128,13.2,18.93,6.67,0.257,0.013,4.9,0.6
5129,17.0,12.91,2.09,0.014,0.023,3.7,0.65
5130,5.8,19.91,2.18,0.286,0.111,3.5,0.3
5131,5.6,8.56,4.64,0.121,0.722,6.4,2.3
5132,153.6,11.69,1.51,0.018,0.032,6.3,2.11
5133,25.9,8.96,2.21,0.134,0.682,9.8,2.62
5134,16.9,14.32,4.26,0.289,0.031,3.5,1.98
5135,224.2,9.9,4.99,0.213,0.026,3.3,2.75
5136,188.6,11.68,2.8,0.065,0.885,7.8,0.7
5137,7.2,17.36,3.39,0.032,0.476,9.5,1.5
5138,93.5,19.15,5.11,0.162,0.049,8.1,2.78
5139,122.1,8.29,9.19,0.472,0.03,4.9,0.65
5140,14.0,13.9,6.72,0.249,0.052,2.6,0.02
5141,7.7,15.83,2.02,0.019,0.011,2.9,2.87
5142,147.9,9.52,1.66,0.38,0.025,3.3,2.13
5143,51.2,8.28,4.05,0.025,0.077,8.2,1.94
5144,23.1,12.31,2.69,0.06,0.106,3.4,2.28
5145,58.4,12.52,1.29,0.011,0.01,2.7,0.23
5146,201.9,19.79,3.09,0.04,0.651,4.4,0.15
5147,40.5,8.86,3.14,0.064,0.213,7.2,1.58
5148,74.5,14.8,2.56,0.111,0.651,7.4,2.43
5149,7.1,15.2,1.76,0.014,0.907,2.2,1.75
5150,186.1,14.23,4.76,0.339,0.139,9.9,2.38
5151,28.2,12.28,6.64,0.191,0.019,1.0,2.62
5152,91.8,9.66,7.27,0.03,0.325,3.8,1.35
5153,4.3,11.74,3.85,0.137,0.103,1.4,2.34
5154,3.7,16.72,8.76,0.144,0.03,2.9,0.14
5155,4.1,14.43,2.85,0.384,0.014,1.5,1.85
5156,252.8,19.25,1.75,0.082,0.101,1.0,2.92
5157,3.6,11.74,1.98,0.041,0.041,1.0,2.51
5158,4.6,12.43,6.61,0.035,0.111,1.5,1.5
5159,71.8,9.69,3.8,0.068,0.062,1.9,1.61
5160,162.6,9.48,2.32,0.012,0.491,2.2,0.39
5161,223.5,9.18,1.74,0.068,0.639,9.0,0.94
5162,23.6,18.95,5.13,0.109,0.146,2.2,0.05
5163,3.5,17.25,2.0,0.224,0.011,5.2,1.44
5164,35.6,10.9,1.47,0.307,0.57,3.9,0.72
5165,71.3,11.45,1.39,0.083,0.024,5.4,2.5
5166,18.6,17.27,1.21,0.144,0.247,7.1,0.95
5167,6.5,10.27,1.44,0.048,0.051,8.3,0.42
5168,18.5,13.49,2.15,0.012,0.857,3.2,2.2
5169,199.3,8.73,2.69,0.148,0.295,1.3,2.37
5170,67.9,10.73,9.69,0.169,0.331,1.8,0.63
5171,239.7,10.29,4.21,0.282,0.01,3.0,2.95
5172,9.2,18.34,2.93,0.059,0.031,2.9,1.1
5173,21.1,10.24,1.13,0.112,0.02,1.2,0.19
5174,3.1,17.63,4.05,0.022,0.246,7.0,1.62
5175,5.7,8.66,1.42,0.452,0.24,9.7,1.03
5176,130.5,17.02,2.07,0.123,0.015,3.0,1.14
5177,4.1,10.1,3.08,0.068,0.414,1.0,1.55
5178,111.7,12.53,2.29,0.017,0.02,8.2,1.78
5179,5.2,17.85,9.15,0.105,0.179,3.6,0.24
5180,13.3,16.25,2.41,0.258,0.014,3.8,0.05
5181,6.7,17.34,3.13,0.275,0.351,8.5,1.49
5182,246.9,9.6,2.89,0.401,0.096,2.5,0.07
5183,16.8,10.16,7.49,0.119,0.032,1.4,2.81
5184,136.9,17.57,6.54,0.078,0.079,1.2,0.32
5185,88.3,12.46,2.26,0.041,0.024,1.3,2.05
5186,12.9,11.31,4.53,0.053,0.273,2.1,1.89
5187,3.0,15.7,1.63,0.1,0.018,9.9,1.8
5188,204.8,12.6,2.61,0.023,0.044,8.7,0.43
5189,96.1,18.0,3.0,0.094,0.182,3.0,0.78
5190,4.9,16.44,5.05,0.224,0.046,6.8,0.51
5191,159.3,18.55,9.0,0.172,0.019,2.4,2.23
5192,265.7,17.93,6.73,0.452,0.066,4.4,2.25
5193,71.9,8.58,6.89,0.174,0.514,4.6,1.07
5194,291.7,11.07,4.15,0.013,0.064,3.9,0.7
5195,47.3,9.93,3.9,0.02,0.923,2.6,0.62
5196,16.1,17.86,5.13,0.014,0.031,2.8,2.46
5197,7.0,18.46,5.76,0.15,0.139,3.3,1.02
5198,14.2,19.14,1.07,0.03,0.796,7.2,2.75
5199,43.5,13.62,1.68,0.068,0.916,1.1,0.96
5200,9.9,14.62,2.24,0.018,0.081,2.2,0.17
5201,10.6,8.84,1.86,0.026,0.012,1.0,1.12
5202,67.7,12.91,6.22,0.025,0.614,5.9,1.61
5203,53.6,13.91,1.03,0.123,0.071,4.2,2.55
5204,5.7,10.03,5.84,0.073,0.758,3.1,0.57
5205,102.0,12.19,3.3,0.094,0.048,1.3,0.57
5206,44.2,9.47,1.47,0.028,0.701,1.9,1.09
5207,15.2,16.82,1.85,0.304,0.02,4.3,0.27
5208,20.6,14.38,2.22,0.048,0.06,3.1,2.81
5209,14.9,18.26,6.3,0.4,0.03,5.4,0.63
5210,76.0,14.58,8.7,0.406,0.012,3.4,2.59
5211,10.3,13.81,1.91,0.031,0.941,5.0,1.69
5212,6.6,12.05,3.26,0.023,0.016,1.1,2.56
5213,149.4,16.08,3.1,0.018,0.573,1.2,2.51
5214,74.4,15.56,1.52,0.011,0.017,2.9,0.25
5215,13.9,17.2,3.19,0.384,0.014,3.4,1.68
5216,58.7,14.8,6.82,0.011,0.018,5.5,2.16
5217,6.3,10.75,1.43,0.437,0.776,1.2,2.54
5218,18.4,10.65,1.17,0.101,0.117,3.2,1.99
5219,128.0,9.49,3.13,0.024,0.255,4.2,2.12
5220,294.6,13.39,6.47,0.136,0.015,6.4,0.46
5221,285.8,8.98,6.81,0.396,0.061,4.7,1.45
5222,30.4,9.13,1.12,0.023,0.03,1.0,0.22
5223,72.4,8.93,7.98,0.167,0.149,2.6,2.04
5224,152.6,12.42,1.28,0.084,0.241,3.5,0.67
5225,8.7,16.0,8.62,0.219,0.254,6.1,0.07
5226,7.4,19.85,1.55,0.016,0.015,1.2,2.45
5227,136.1,16.38,5.48,0.198,0.054,6.3,2.7
5228,81.2,12.17,1.8,0.303,0.223,1.1,2.67
5229,10.5,8.2,4.58,0.012,0.022,1.3,0.68
5230,8.1,19.52,2.12,0.165,0.172,6.2,0.33
5231,29.9,14.66,4.83,0.11,0.372,6.7,2.86
5232,283.8,10.83,2.77,0.032,0.011,4.2,2.95
5233,74.8,14.07,1.7,0.034,0.107,1.4,2.75
5234,4.0,10.01,1.45,0.039,0.011,8.7,0.22
5235,29.9,8.45,9.78,0.07,0.036,1.5,1.85
5236,129.9,10.24,2.44,0.112,0.015,2.8,0.62
5237,42.3,9.57,3.61,0.074,0.341,1.3,1.37
5238,20.3,11.15,1.18,0.033,0.791,8.4,2.34
5239,46.2,9.7,7.27,0.015,0.037,6.7,1.23
5240,13.4,8.02,4.93,0.015,0.103,7.8,1.75
5241,19.9,12.69,6.13,0.011,0.137,1.4,2.66
5242,111.1,9.34,2.09,0.352,0.169,1.4,0.76
5243,3.2,11.45,2.6,0.069,0.021,7.9,2.68
5244,254.3,8.55,7.94,0.033,0.069,3.0,1.11
5245,19.0,8.99,2.66,0.066,0.05,1.1,0.13
5246,20.8,12.74,1.1,0.063,0.14,2.2,0.5
5247,6.2,10.35,2.26,0.057,0.014,5.9,1.71
5248,46.9,11.81,3.18,0.077,0.414,1.4,2.12
5249,51.6,19.17,1.93,0.115,0.495,1.4,1.8
5250,132.1,18.39,6.41,0.26,0.127,7.8,0.68
5251,17.2,13.5,4.4,0.106,0.074,2.9,2.8
5252,3.9,9.9,3.68,0.038,0.359,9.8,1.44
5253,3.9,12.45,1.0,0.038,0.23,2.8,2.67
5254,7.6,18.17,8.16,0.023,0.022,2.2,1.08
5255,16.3,10.71,9.39,0.303,0.01,4.2,0.69
5256,144.1,8.86,1.58,0.137,0.126,6.4,2.9
5257,31.4,11.62,1.37,0.15,0.357,2.1,0.79
5258,185.3,9.35,6.34,0.024,0.182,10.0,1.5
5259,116.7,12.69,1.67,0.036,0.02,3.4,2.46
5260,42.7,9.05,1.75,0.211,0.164,9.9,0.89
5261,264.9,9.39,8.23,0.105,0.048,1.1,2.64
5262,6.8,12.67,1.07,0.197,0.157,1.3,1.29
5263,38.6,9.81,4.74,0.339,0.297,8.3,1.34
5264,157.8,19.88,1.4,0.363,0.645,8.6,0.68
5265,4.9,18.33,8.14,0.249,0.033,4.6,0.46
5266,45.0,17.9,2.35,0.045,0.043,1.9,1.86
5267,118.9,14.28,4.56,0.111,0.091,6.2,1.29
5268,160.0,10.69,9.7,0.011,0.158,1.6,2.54
5269,6.1,10.35,7.2,0.013,0.048,9.6,1.02
5270,73.6,9.5,5.26,0.19,0.181,1.0,1.71
5271,5.9,11.3,5.45,0.048,0.553,1.8,2.42
5272,181.2,13.45,2.53,0.082,0.056,3.5,1.48
5273,11.7,11.69,4.1,0.222,0.042,7.7,2.75
5274,152.5,17.73,3.36,0.415,0.027,9.9,1.95
5275,122.2,11.49,1.85,0.018,0.796,1.9,0.91
5276,80.9,13.94,6.65,0.017,0.306,4.3,2.22
5277,7.9,18.11,6.33,0.09,0.084,2.9,2.82
5278,4.2,17.8,9.19,0.143,0.215,6.7,0.39
5279,20.5,8.88,7.13,0.026,0.034,2.3,2.59
5280,14.3,12.59,5.1,0.114,0.16,5.9,0.49
5281,185.2,14.2,5.81,0.011,0.576,1.4,1.81
5282,7.5,9.26,6.2,0.443,0.326,2.0,0.99
5283,9.9,12.76,1.35,0.023,0.074,5.0,2.66
5284,3.1,10.5,3.32,0.08,0.241,1.1,1.47
5285,5.1,9.41,8.6,0.229,0.148,4.6,2.41
5286,185.6,13.65,1.32,0.408,0.561,8.9,1.47
5287,106.3,10.76,9.8,0.099,0.018,4.2,0.35
5288,4.6,14.68,4.23,0.012,0.635,3.7,0.03
5289,3.4,18.74,7.7,0.239,0.644,3.5,2.19
5290,12.8,14.35,5.29,0.179,0.033,2.4,2.48
5291,13.3,8.74,3.39,0.213,0.395,3.4,0.12
5292,20.7,19.24,1.63,0.159,0.19,5.1,1.14
5293,6.8,9.17,1.99,0.132,0.16,2.4,2.67
5294,17.1,16.2,4.49,0.01,0.309,1.5,0.72
5295,17.8,11.15,1.23,0.016,0.036,8.7,2.67
5296,35.3,10.28,7.15,0.069,0.047,2.1,0.11
5297,5.2,9.26,4.23,0.078,0.036,4.1,0.06
5298,8.2,15.28,3.13,0.232,0.115,1.6,2.68
5299,6.9,11.24,1.29,0.017,0.169,1.0,0.63
5300,23.2,9.47,6.01,0.017,0.017,4.3,1.88
5301,159.0,17.54,1.01,0.012,0.537,1.6,1.04
5302,11.9,14.36,9.75,0.018,0.075,1.4,0.22
5303,19.4,11.02,2.11,0.01,0.628,1.4,0.29
5304,232.8,13.03,7.24,0.029,0.112,4.0,2.05
5305,47.6,13.74,6.25,0.108,0.937,3.5,2.63
5306,143.8,14.51,5.55,0.442,0.048,1.1,0.67
5307,29.5,13.69,1.06,0.023,0.458,1.4,0.18
5308,102.8,10.02,1.0,0.077,0.082,3.6,1.52
5309,24.9,9.2,1.23,0.021,0.093,3.4,1.86
5310,69.4,15.69,5.0,0.011,0.811,4.4,1.53
5311,48.9,10.97,1.28,0.09,0.123,2.2,2.68
5312,4.1,14.77,1.8,0.437,0.356,2.4,1.26
5313,199.3,18.81,4.44,0.061,0.063,2.0,1.73
5314,58.4,9.1,1.57,0.046,0.022,4.7,1.17
5315,9.9,8.28,5.01,0.016,0.185,8.7,0.05
5316,24.3,11.41,2.43,0.013,0.56,6.5,2.84
5317,9.8,15.12,9.21,0.072,0.053,1.8,1.61
5318,49.4,9.93,3.98,0.026,0.86,1.7,0.98
5319,42.3,14.42,5.36,0.365,0.052,3.6,1.6
5320,98.4,17.58,2.49,0.082,0.773,1.6,0.26
5321,4.5,11.09,8.81,0.087,0.336,3.9,1.16
5322,24.4,12.13,8.77,0.022,0.335,3.4,0.33
5323,13.6,10.46,1.94,0.042,0.307,5.0,2.36
5324,3.5,8.04,3.52,0.049,0.033,1.1,0.21
5325,12.5,8.77,5.13,0.241,0.037,9.5,2.59
5326,9.9,14.42,8.23,0.397,0.015,4.0,0.54
5327,240.3,8.54,2.79,0.19,0.037,4.7,1.0
5328,3.3,14.3,3.42,0.021,0.027,6.0,0.86
5329,20.1,17.75,7.04,0.079,0.062,1.2,2.46
5330,246.3,14.58,3.86,0.259,0.046,2.9,1.39
5331,29.1,17.31,2.37,0.049,0.988,1.6,0.78
5332,98.6,8.7,4.54,0.273,0.011,6.6,0.85
5333,275.3,18.98,8.84,0.061,0.545,5.0,2.24
5334,277.1,8.42,7.69,0.388,0.296,5.3,1.41
5335,241.5,16.73,1.39,0.012,0.068,4.2,0.64
5336,240.3,16.42,3.5,0.021,0.335,1.7,0.15
5337,41.8,11.66,3.67,0.029,0.044,8.0,1.99
5338,5.4,18.61,1.08,0.013,0.701,5.7,2.89
5339,134.8,11.8,9.43,0.329,0.048,5.5,0.76
5340,16.7,19.53,6.04,0.053,0.185,1.1,0.85
5341,11.3,15.51,3.09,0.106,0.034,5.3,2.56
5342,286.8,17.0,4.43,0.099,0.013,1.5,1.49
5343,83.6,8.18,7.29,0.022,0.015,7.2,2.79
5344,26.5,11.94,1.18,0.441,0.867,3.7,1.45
5345,25.4,15.7,1.31,0.078,0.095,6.3,1.1
5346,9.8,13.01,7.38,0.02,0.035,1.8,2.08
5347,27.0,8.62,1.65,0.37,0.634,7.3,2.81
5348,129.0,13.37,1.92,0.02,0.384,3.2,0.02
5349,8.2,16.23,6.26,0.036,0.861,6.1,1.75
5350,61.5,9.29,2.2,0.02,0.031,8.9,1.59
5351,9.7,10.41,1.09,0.33,0.046,1.9,2.15
5352,22.9,19.25,4.64,0.098,0.022,8.5,1.28
5353,29.7,8.03,3.19,0.053,0.067,2.6,2.01
5354,22.3,17.77,1.57,0.07,0.065,4.3,1.14
5355,17.3,14.89,4.21,0.024,0.028,1.2,2.68
5356,7.5,12.43,4.33,0.442,0.167,6.0,2.18
5357,16.3,10.66,4.36,0.287,0.012,3.7,2.85
5358,16.7,10.92,4.96,0.027,0.013,9.5,0.08
5359,41.0,15.14,1.03,0.036,0.072,2.3,2.52
5360,244.0,8.11,1.54,0.386,0.073,4.9,1.36
5361,20.4,9.65,5.08,0.33,0.527,9.2,2.45
5362,9.9,11.97,1.54,0.024,0.03,3.5,2.64
5363,5.1,12.7,2.29,0.077,0.079,2.2,2.72
5364,136.5,12.71,1.65,0.151,0.026,8.9,2.86
5365,167.9,9.39,1.46,0.292,0.141,1.2,0.16
5366,224.3,12.62,8.11,0.014,0.037,3.0,2.12
5367,9.9,12.54,2.3,0.274,0.081,1.8,1.25
5368,12.8,18.39,1.15,0.023,0.327,3.7,0.62
5369,87.3,16.77,9.86,0.145,0.063,2.4,0.89
5370,9.1,18.75,1.04,0.113,0.365,6.3,0.19
5371,5.3,12.3,5.18,0.039,0.183,2.0,0.49
5372,3.1,10.27,3.87,0.016,0.021,1.1,1.24
5373,5.2,8.79,2.32,0.044,0.662,1.0,0.6
5374,20.2,18.97,1.94,0.021,0.014,9.1,1.01
5375,245.3,18.23,7.34,0.02,0.062,3.1,2.76
5376,3.7,11.34,2.25,0.04,0.175,4.5,2.91
5377,23.5,11.07,2.99,0.185,0.144,1.5,2.91
5378,17.3,12.07,2.27,0.317,0.09,4.6,1.1
5379,32.3,15.47,5.71,0.032,0.163,4.2,0.27
5380,24.2,11.06,1.26,0.265,0.03,4.4,2.92
5381,6.6,8.88,2.16,0.029,0.127,1.4,0.84
5382,118.3,13.52,2.09,0.067,0.177,5.2,2.51
5383,6.0,10.52,2.11,0.34,0.024,1.1,0.18
5384,207.5,11.74,1.66,0.093,0.989,7.2,0.59
5385,21.5,8.97,1.72,0.075,0.013,1.8,2.6
5386,220.5,18.72,3.4,0.018,0.14,2.5,1.34
5387,7.0,19.91,8.9,0.358,0.015,1.3,0.07
5388,8.7,12.99,1.2,0.187,0.012,2.5,1.84
5389,64.9,8.43,4.34,0.021,0.435,1.2,0.2
5390,138.1,19.02,2.27,0.051,0.014,7.9,2.38
5391,49.7,9.07,1.1,0.039,0.091,2.9,0.34
5392,148.6,8.18,3.39,0.237,0.134,4.2,2.05
5393,232.2,14.96,1.55,0.024,0.011,3.9,2.42
5394,3.3,18.2,1.36,0.027,0.031,4.9,1.23
5395,5.6,19.0,1.82,0.071,0.261,1.1,1.18
5396,5.4,9.45,1.2,0.027,0.129,4.9,0.33
5397,3.9,13.75,2.8,0.074,0.249,1.7,1.6
5398,209.1,11.83,7.18,0.06,0.108,4.0,0.83
5399,40.8,17.94,1.3,0.234,0.133,5.4,2.49
5400,242.8,9.02,4.21,0.112,0.064,1.9,1.25
5401,61.2,14.72,5.09,0.075,0.1,1.3,1.45
5402,194.7,15.74,4.15,0.012,0.502,3.0,0.36
5403,50.5,18.76,4.03,0.119,0.082,4.1,1.84
5404,9.0,16.51,3.6,0.051,0.619,5.9,0.25
5405,179.5,10.44,3.17,0.018,0.023,1.2,0.27
5406,63.2,15.09,4.48,0.114,0.441,9.6,2.54
5407,3.2,9.38,9.31,0.17,0.69,4.9,2.35
5408,14.4,13.28,1.13,0.258,0.013,5.5,1.98
5409,62.9,19.6,2.63,0.052,0.369,1.2,0.36
5410,22.1,13.73,1.23,0.178,0.793,3.3,0.83
5411,4.2,15.02,4.19,0.262,0.635,3.9,1.76
5412,28.4,12.87,8.24,0.178,0.394,1.6,0.68
5413,22.5,15.31,1.27,0.03,0.669,6.8,0.11
5414,13.1,16.52,2.16,0.299,0.776,2.5,2.79
5415,27.9,17.2,2.3,0.041,0.054,1.5,2.07
5416,44.2,13.8,4.47,0.129,0.032,2.3,1.83
5417,74.6,13.99,1.08,0.03,0.251,1.5,0.69
5418,116.6,12.79,1.47,0.082,0.172,2.2,1.92
5419,5.3,10.58,1.25,0.016,0.129,7.6,2.58
5420,43.8,10.99,2.52,0.117,0.263,3.4,2.0
5421,64.3,8.83,3.74,0.335,0.114,3.5,1.0
5422,11.7,12.97,7.31,0.149,0.606,6.4,1.41
5423,29.5,8.76,2.56,0.032,0.086,1.1,2.0
5424,26.3,14.72,6.33,0.257,0.072,1.8,1.44
5425,15.3,18.37,5.93,0.178,0.493,2.6,1.03
5426,6.5,11.23,1.15,0.122,0.317,1.0,0.77
5427,7.7,11.29,2.25,0.044,0.064,5.3,0.73
5428,68.5,17.74,5.16,0.376,0.787,3.5,0.1
5429,253.6,10.63,4.87,0.289,0.036,2.4,1.93
5430,16.3,12.89,1.07,0.023,0.382,6.5,2.77
5431,35.8,13.55,1.66,0.043,0.01,1.4,1.57
5432,13.3,8.73,1.27,0.036,0.648,7.5,1.99
5433,20.7,11.91,1.61,0.147,0.024,3.1,0.5
5434,55.9,11.72,7.4,0.05,0.115,4.7,0.33
5435,90.5,10.95,9.54,0.189,0.751,2.5,2.45
5436,157.2,11.82,1.37,0.018,0.012,5.1,1.16
5437,142.5,17.1,1.69,0.057,0.801,3.7,2.72
5438,25.2,13.3,1.23,0.339,0.841,1.3,0.69
5439,6.3,9.33,2.1,0.02,0.218,1.1,1.13
5440,87.5,8.68,6.46,0.015,0.017,2.8,1.51
5441,274.6,9.04,3.53,0.011,0.118,1.3,2.02
5442,24.4,18.7,1.21,0.355,0.019,5.7,0.69
5443,23.6,16.25,3.95,0.274,0.225,7.6,1.42
5444,3.6,11.1,4.13,0.32,0.521,4.8,0.63
5445,168.6,10.93,2.55,0.028,0.01,1.5,2.29
5446,43.6,13.08,1.34,0.428,0.129,3.6,2.78
5447,6.2,12.43,1.42,0.01,0.515,5.1,1.2
5448,3.9,8.15,6.91,0.359,0.016,8.4,1.58
5449,91.3,9.99,1.53,0.029,0.084,1.5,0.5
5450,293.6,17.84,2.55,0.088,0.026,4.7,1.15
5451,192.6,14.83,4.49,0.111,0.161,9.9,0.5
5452,6.5,18.82,2.03,0.136,0.017,1.2,2.63
5453,9.7,8.81,1.61,0.01,0.023,3.4,1.22
5454,87.7,17.84,1.75,0.151,0.117,2.4,1.73
5455,93.7,10.09,1.43,0.06,0.093,1.8,2.1
5456,3.2,11.19,2.2,0.02,0.103,1.5,1.12
5457,111.8,9.15,1.14,0.061,0.171,1.9,0.78
5458,7.5,12.15,2.91,0.043,0.018,3.1,0.48
5459,5.9,19.65,6.98,0.052,0.021,4.8,0.29
5460,29.1,10.09,5.1,0.017,0.233,2.8,2.64
5461,36.6,16.44,2.99,0.051,0.024,4.5,1.4
5462,6.4,14.71,1.18,0.173,0.093,1.6,2.79
5463,111.1,11.38,2.61,0.08,0.642,1.7,0.02
5464,255.2,11.13,6.45,0.122,0.472,4.6,2.72
5465,5.9,18.8,2.42,0.044,0.08,2.1,2.9
5466,15.8,10.68,3.4,0.25,0.148,1.9,1.99
5467,60.2,14.6,1.63,0.1,0.203,1.9,0.69
5468,7.4,9.9,9.19,0.481,0.02,7.3,1.46
5469,3.7,11.21,6.76,0.168,0.143,2.3,1.17
5470,20.1,8.16,3.04,0.49,0.157,6.0,0.38
5471,4.5,9.71,1.74,0.015,0.059,8.7,2.09
5472,6.5,9.13,1.12,0.088,0.501,2.4,2.0
5473,18.4,17.31,4.04,0.078,0.012,1.6,1.93
5474,33.3,10.52,8.6,0.059,0.082,4.6,0.75
5475,3.0,10.91,1.57,0.288,0.059,2.1,0.68
5476,7.0,15.7,1.71,0.09,0.583,5.6,1.02
5477,36.9,11.38,8.03,0.188,0.074,1.4,0.6
5478,163.5,12.54,2.48,0.027,0.023,1.2,1.72
5479,193.8,11.83,3.65,0.024,0.023,2.4,2.43
5480,117.3,12.84,3.44,0.057,0.2,4.5,1.7
5481,4.2,8.05,6.77,0.07,0.142,5.7,2.69
5482,24.2,12.3,4.15,0.048,0.011,8.7,2.24
5483,6.6,15.51,3.69,0.027,0.543,8.4,1.8
5484,16.7,11.33,2.0,0.032,0.072,5.9,0.82
5485,37.1,15.61,1.24,0.022,0.167,8.1,2.51
5486,4.3,15.2,4.0,0.113,0.114,4.0,2.1
5487,40.4,14.94,6.47,0.012,0.084,7.9,1.32
5488,23.0,10.64,5.41,0.011,0.015,7.6,1.86
5489,25.0,14.16,1.32,0.038,0.018,2.9,1.23
5490,231.1,15.12,1.52,0.427,0.408,1.5,2.4
5491,59.1,10.76,4.5,0.406,0.095,6.5,1.0
5492,44.7,17.12,2.57,0.366,0.034,1.5,0.81
5493,80.7,15.23,1.34,0.014,0.059,2.0,0.98
5494,10.6,18.16,8.37,0.031,0.344,1.5,0.69
5495,55.5,19.87,5.68,0.01,0.012,2.1,2.39
5496,19.3,15.55,2.45,0.031,0.038,2.1,0.92
5497,7.8,9.19,8.73,0.04,0.529,1.1,1.91
5498,110.9,13.5,3.27,0.177,0.196,6.6,2.33
5499,22.6,12.47,1.55,0.077,0.21,2.5,2.83
5500,108.8,18.91,9.83,0.04,0.491,1.8,2.13
5501,31.1,18.88,3.93,0.139,0.125,4.6,2.06
5502,246.4,13.14,4.24,0.315,0.318,4.3,1.98
5503,11.5,13.66,5.71,0.038,0.013,9.7,0.15
5504,16.9,15.85,5.33,0.013,0.541,1.1,1.29
5505,258.6,18.07,1.18,0.038,0.032,1.6,2.93
5506,4.3,19.52,3.47,0.34,0.016,2.0,0.05
5507,278.9,15.22,6.48,0.023,0.079,1.4,1.58
5508,93.9,8.65,2.84,0.162,0.071,2.6,0.98
5509,73.8,17.8,4.8,0.333,0.644,6.8,1.95
5510,122.9,13.03,6.72,0.197,0.036,1.8,0.43
5511,3.9,8.25,1.93,0.095,0.023,1.9,2.02
5512,8.2,8.76,2.38,0.044,0.378,8.6,0.11
5513,18.5,17.54,1.87,0.315,0.938,3.3,1.78
5514,240.7,17.67,7.02,0.025,0.222,7.3,0.18
5515,5.5,8.6,8.3,0.013,0.032,2.0,1.55
5516,180.3,8.1,1.35,0.021,0.013,5.9,1.41
5517,7.5,17.62,5.37,0.114,0.159,1.2,2.01
5518,9.1,9.91,4.83,0.122,0.131,1.6,2.16
5519,165.0,18.62,9.18,0.08,0.121,8.4,2.82
5520,28.7,10.36,2.98,0.013,0.648,8.6,2.84
5521,29.0,14.22,8.16,0.242,0.072,1.6,1.34
5522,8.2,19.54,1.06,0.035,0.323,1.5,0.32
5523,6.9,8.58,7.2,0.012,0.621,4.0,2.53
5524,24.9,16.35,4.19,0.119,0.038,4.7,1.74
5525,79.1,8.4,4.48,0.057,0.032,9.4,0.56
5526,238.6,14.52,3.17,0.015,0.019,1.2,0.72
5527,31.8,10.91,1.34,0.022,0.148,2.4,0.46
5528,74.2,19.57,6.8,0.206,0.67,1.9,2.9
5529,7.2,18.79,1.15,0.135,0.093,1.8,0.68
5530,4.5,17.18,4.05,0.015,0.014,7.0,0.38
5531,212.1,12.17,2.59,0.062,0.2,4.9,2.73
5532,5.5,11.04,2.37,0.065,0.597,2.0,1.42
5533,3.0,13.45,5.98,0.244,0.432,5.3,2.06
5534,5.4,10.67,2.1,0.375,0.011,4.7,0.99
5535,58.3,8.54,1.57,0.029,0.025,2.3,0.19
5536,28.6,10.54,2.4,0.49,0.745,3.4,0.38
5537,6.2,13.93,1.79,0.011,0.113,8.0,2.14
5538,143.8,14.29,5.88,0.247,0.029,1.1,1.07
5539,7.3,9.75,6.6,0.11,0.023,4.6,1.76
5540,279.2,17.29,1.06,0.456,0.081,1.8,1.81
5541,5.7,13.31,4.44,0.046,0.084,5.7,2.52
5542,8.5,12.45,1.14,0.057,0.069,4.1,2.76
5543,8.7,18.34,3.09,0.021,0.089,2.0,1.17
5544,226.0,14.92,2.2,0.065,0.085,6.0,0.82
5545,7.0,10.4,4.64,0.082,0.039,2.8,1.68
5546,28.5,10.83,3.7,0.054,0.032,6.7,2.57
5547,6.1,10.86,7.07,0.011,0.052,1.1,1.65
5548,6.3,11.51,4.36,0.387,0.019,5.4,2.14
5549,15.3,18.7,6.15,0.012,0.375,1.4,0.95
5550,9.1,8.6,5.55,0.16,0.22,6.5,1.97
5551,30.2,19.18,5.16,0.012,0.016,5.4,0.29
5552,104.5,9.52,3.92,0.026,0.022,1.7,2.09
5553,16.7,14.39,1.56,0.029,0.166,2.1,1.64
5554,248.6,9.84,1.33,0.301,0.058,1.5,2.03
5555,5.8,19.62,3.39,0.159,0.605,1.1,2.14
5556,3.2,8.34,5.32,0.023,0.019,5.3,1.33
5557,174.7,12.3,2.78,0.339,0.019,3.3,2.8
5558,21.8,8.3,8.86,0.262,0.674,4.7,1.13
5559,4.9,15.78,2.05,0.365,0.538,7.6,2.0
5560,3.1,10.14,4.79,0.175,0.07,7.7,1.01
5561,12.5,16.5,1.95,0.221,0.064,7.5,2.57
5562,8.3,8.77,2.75,0.054,0.791,5.6,2.79
5563,14.3,9.83,2.81,0.349,0.668,4.7,2.79
5564,9.0,14.6,3.23,0.101,0.061,2.8,0.14
5565,28.0,13.69,1.46,0.063,0.816,4.1,0.92
5566,4.5,11.95,1.33,0.092,0.021,2.8,2.38
5567,136.9,8.12,1.37,0.021,0.101,6.9,2.69
5568,3.7,18.07,3.81,0.35,0.012,8.8,1.72
5569,5.1,13.11,1.94,0.124,0.464,3.1,1.85
5570,78.1,9.94,7.5,0.193,0.134,3.9,1.97
5571,44.6,11.37,1.9,0.024,0.02,9.0,2.72
5572,15.2,10.1,2.39,0.075,0.023,1.5,0.54
5573,42.6,12.68,2.49,0.085,0.505,8.2,2.23
5574,74.8,8.88,2.56,0.049,0.021,2.6,1.33
5575,120.7,8.89,8.7,0.485,0.106,6.2,2.34
5576,104.1,9.22,2.19,0.014,0.297,4.8,2.43
5577,175.4,18.11,3.26,0.029,0.296,1.3,1.61
5578,3.9,15.39,7.32,0.068,0.078,1.4,2.52
5579,69.2,8.31,6.95,0.011,0.048,8.0,1.92
5580,19.6,12.87,7.72,0.013,0.042,2.5,1.41
5581,214.9,18.32,3.5,0.097,0.013,5.6,2.47
5582,18.9,14.34,3.29,0.078,0.172,2.0,2.16
5583,69.4,16.4,1.34,0.159,0.111,6.0,2.25
5584,23.4,10.3,9.59,0.193,0.011,2.5,2.78
5585,109.8,8.54,6.1,0.014,0.149,2.3,0.54
5586,36.7,13.89,4.01,0.03,0.011,8.2,1.84
5587,3.4,8.38,2.31,0.062,0.024,1.8,0.51
5588,18.9,18.22,4.97,0.074,0.919,3.8,1.98
5589,9.1,12.03,1.33,0.118,0.884,6.3,2.39
5590,17.2,19.24,5.09,0.022,0.086,4.8,2.3
5591,24.3,12.06,1.46,0.127,0.108,5.0,2.56
5592,94.9,12.63,1.13,0.049,0.2,1.9,2.49
5593,99.3,8.39,1.87,0.014,0.029,2.8,1.28
5594,10.3,12.39,5.15,0.026,0.505,8.5,0.98
5595,35.7,15.45,7.68,0.391,0.799,2.1,1.11
5596,21.0,8.94,1.21,0.035,0.107,1.2,1.34
5597,145.6,15.21,4.32,0.161,0.054,5.7,2.57
5598,5.8,9.34,5.0,0.017,0.328,1.2,1.94
5599,4.3,18.43,6.86,0.014,0.045,1.5,0.74
5600,7.7,15.11,9.38,0.255,0.103,2.2,1.57
5601,52.7,10.45,9.19,0.078,0.019,8.3,2.93
5602,18.2,13.25,1.22,0.366,0.208,5.8,1.5
5603,6.7,10.38,1.57,0.022,0.825,6.0,2.52
5604,4.8,12.27,4.36,0.072,0.041,9.1,2.85
5605,6.4,14.74,3.82,0.183,0.02,1.3,0.86
5606,9.0,8.66,1.5,0.162,0.045,5.7,1.6
5607,54.2,8.25,3.19,0.211,0.331,1.7,1.88
5608,11.8,9.19,2.86,0.186,0.204,1.4,2.34
5609,138.4,9.32,1.36,0.093,0.499,7.1,1.65
5610,21.0,18.17,4.07,0.019,0.02,1.8,1.2
5611,9.7,12.42,3.11,0.034,0.604,8.5,0.44
5612,52.6,9.2,3.2,0.037,0.041,4.8,2.02
5613,11.8,13.39,7.67,0.324,0.02,5.2,1.53
5614,63.3,10.07,1.51,0.039,0.617,6.5,2.62
5615,76.8,14.54,1.41,0.255,0.188,4.1,2.92
5616,245.8,8.89,2.63,0.382,0.018,1.2,2.57
5617,4.0,17.75,1.37,0.019,0.491,5.5,2.05
5618,151.7,14.93,1.28,0.048,0.894,6.4,1.76
5619,131.7,9.82,2.38,0.203,0.688,3.8,2.31
5620,174.1,14.29,1.01,0.023,0.05,9.3,0.59
5621,17.8,11.72,1.74,0.083,0.37,1.4,1.56
5622,54.8,10.02,1.23,0.174,0.046,1.7,0.66
5623,136.8,9.54,8.4,0.267,0.349,2.1,0.42
5624,12.8,12.51,5.36,0.041,0.057,1.3,0.99
5625,101.8,11.42,4.53,0.396,0.022,7.6,1.13
5626,157.0,17.56,3.26,0.011,0.1,1.9,2.67
5627,4.0,13.61,3.46,0.364,0.027,3.9,0.81
5628,116.6,12.78,1.36,0.37,0.093,1.1,0.52
5629,277.0,10.69,9.57,0.101,0.303,1.7,2.17
5630,17.6,11.94,7.62,0.037,0.074,1.2,2.35
5631,4.2,10.74,2.29,0.019,0.497,3.7,2.41
5632,95.0,8.1,2.23,0.033,0.129,1.3,1.1
5633,5.4,17.81,1.23,0.026,0.022,4.3,2.02
5634,24.2,19.7,1.93,0.048,0.037,1.3,0.17
5635,15.6,16.21,4.12,0.141,0.04,1.6,2.02
5636,69.9,18.74,2.97,0.219,0.018,2.6,1.26
5637,32.5,11.09,3.63,0.156,0.255,4.3,2.82
5638,7.5,18.45,4.8,0.227,0.432,9.2,2.92
5639,17.8,14.21,2.8,0.043,0.298,6.3,2.21
5640,147.1,17.06,1.11,0.011,0.159,8.9,0.69
5641,54.8,11.53,3.01,0.311,0.037,2.4,2.92
5642,120.3,11.11,1.07,0.266,0.426,6.8,1.27
5643,13.8,16.7,1.8,0.021,0.017,2.6,2.6
5644,101.3,14.13,1.85,0.178,0.147,9.1,2.67
5645,12.7,11.2,8.32,0.235,0.023,2.7,0.61
5646,14.7,11.97,5.61,0.027,0.031,2.6,2.31
5647,14.0,15.73,2.14,0.025,0.01,7.2,0.33
5648,139.2,17.68,2.93,0.091,0.396,1.1,0.96
5649,4.3,8.51,4.27,0.01,0.253,5.2,0.85
5650,267.2,9.74,3.35,0.064,0.015,3.6,2.35
5651,8.8,8.22,1.82,0.119,0.011,1.4,0.18
5652,56.1,9.62,3.16,0.315,0.085,6.1,0.8
5653,58.2,8.06,8.76,0.128,0.144,6.1,2.11
5654,11.5,10.97,1.45,0.013,0.093,1.5,0.35
5655,59.4,9.99,8.26,0.16,0.029,5.3,0.34
5656,3.5,12.09,2.64,0.145,0.205,3.0,0.14
5657,61.4,9.89,6.76,0.096,0.767,7.2,0.35
5658,39.0,15.98,7.18,0.018,0.293,4.0,2.48
5659,11.3,16.54,1.44,0.028,0.112,6.2,1.48
5660,8.7,10.7,8.06,0.215,0.022,9.5,2.69
5661,12.6,18.51,1.65,0.044,0.019,1.3,0.39
5662,26.4,16.53,3.02,0.051,0.022,4.3,1.11
5663,50.7,14.22,6.54,0.013,0.054,8.7,1.63
5664,5.6,8.16,3.24,0.471,0.244,1.4,2.02
5665,19.4,9.71,4.87,0.092,0.015,7.8,1.9
5666,4.0,10.34,3.71,0.149,0.017,8.6,0.23
5667,75.6,8.85,1.61,0.055,0.099,5.3,2.12
5668,11.2,18.14,2.18,0.21,0.079,1.8,1.3
5669,4.8,8.22,3.35,0.039,0.012,1.0,2.12
5670,4.4,13.35,2.35,0.138,0.053,3.9,0.88
5671,162.4,13.02,3.41,0.055,0.027,3.1,1.0
5672,47.3,8.96,7.32,0.091,0.092,3.0,2.78
5673,53.9,8.09,1.5,0.172,0.367,1.8,0.49
5674,46.0,9.14,1.68,0.016,0.026,1.3,0.4
5675,279.9,9.22,1.36,0.499,0.324,1.9,1.35
5676,26.3,13.05,6.27,0.072,0.125,1.7,2.31
5677,203.9,16.6,6.14,0.062,0.107,3.3,2.1
5678,75.9,9.69,4.75,0.099,0.443,7.6,0.14
5679,5.8,16.93,1.03,0.011,0.288,7.5,1.82
5680,10.7,18.41,2.77,0.399,0.914,1.3,2.4
5681,28.4,10.25,1.0,0.011,0.854,4.9,0.78
5682,63.3,13.7,1.14,0.046,0.823,1.7,0.26
5683,5.0,12.57,9.49,0.043,0.017,2.3,0.19
5684,6.8,8.5,2.69,0.435,0.028,2.2,1.16
5685,30.7,8.35,2.04,0.012,0.1,6.9,0.43
5686,12.5,11.65,4.95,0.027,0.157,2.4,2.75
5687,222.6,9.43,4.53,0.118,0.177,2.1,0.62
5688,45.0,12.09,2.53,0.151,0.508,4.9,1.36
5689,3.4,13.75,3.9,0.164,0.171,2.6,0.4
5690,173.4,13.73,1.07,0.107,0.044,9.2,2.44
5691,6.0,16.87,5.38,0.034,0.166,2.9,0.34
5692,10.5,17.26,2.68,0.046,0.787,9.9,2.29
5693,7.0,10.12,7.0,0.092,0.137,3.9,1.98
5694,11.2,12.35,1.21,0.024,0.01,1.6,2.83
5695,256.7,12.07,5.35,0.033,0.107,3.2,1.56
5696,59.1,13.57,6.98,0.017,0.754,1.9,1.67
5697,243.0,14.66,2.49,0.012,0.019,1.0,0.19
5698,5.7,12.78,3.82,0.02,0.069,4.1,1.5
5699,96.6,9.65,9.27,0.036,0.332,2.5,2.78
5700,18.2,13.6,5.12,0.021,0.037,3.2,0.51
5701,76.8,12.1,3.22,0.441,0.021,4.6,0.45
5702,60.6,11.31,1.32,0.165,0.387,3.8,2.6
5703,282.1,17.95,4.33,0.463,0.752,10.0,1.03
5704,4.3,12.37,1.85,0.103,0.089,5.6,2.48
5705,6.0,14.76,2.34,0.199,0.462,2.3,1.18
5706,18.5,8.92,8.74,0.486,0.015,5.6,1.23
5707,7.0,18.33,8.81,0.029,0.39,1.2,1.61
5708,235.3,10.35,2.84,0.284,0.117,1.2,2.63
5709,27.9,9.29,1.16,0.122,0.084,3.8,1.51
5710,229.8,8.14,2.8,0.02,0.405,1.3,1.91
5711,178.7,17.2,5.31,0.021,0.213,3.5,1.45
5712,65.8,12.0,6.82,0.092,0.011,2.8,1.93
5713,25.1,8.88,3.35,0.01,0.295,1.1,0.09
5714,34.5,10.16,7.55,0.018,0.03,2.6,2.77
5715,11.3,17.39,3.14,0.137,0.349,6.1,2.5
5716,37.5,13.58,9.12,0.099,0.208,1.2,0.51
5717,28.7,16.9,6.41,0.21,0.13,1.1,0.67
5718,8.2,13.22,4.95,0.018,0.384,4.0,0.89
5719,3.6,10.54,9.98,0.066,0.083,1.9,1.89
5720,9.0,17.59,3.32,0.115,0.055,1.1,1.15
5721,7.5,8.93,7.97,0.056,0.206,2.4,1.89
5722,34.8,12.51,2.79,0.024,0.029,1.7,0.48
5723,42.3,16.43,1.71,0.409,0.78,3.1,1.64
5724,5.2,10.21,2.99,0.04,0.254,8.9,2.71
5725,177.8,16.27,4.09,0.013,0.935,1.0,2.28
5726,4.0,11.77,2.44,0.21,0.174,7.6,0.22
5727,42.9,11.03,1.32,0.324,0.195,4.8,2.39
5728,33.6,9.33,2.54,0.09,0.022,6.4,0.53
5729,113.3,8.55,1.7,0.013,0.046,1.8,1.83
5730,3.6,13.56,1.16,0.164,0.409,1.4,0.57
5731,5.3,17.47,1.05,0.01,0.017,2.8,0.71
5732,31.6,8.28,6.84,0.494,0.54,6.3,1.17
5733,21.6,10.67,1.84,0.028,0.023,2.3,1.98
5734,28.1,18.46,5.57,0.08,0.011,5.0,2.27
5735,17.5,19.13,7.07,0.1,0.923,3.6,0.68
5736,12.4,8.47,3.09,0.103,0.119,4.9,0.15
5737,214.9,19.73,6.84,0.098,0.023,8.4,2.34
5738,177.5,8.76,2.69,0.089,0.01,9.9,2.17
5739,26.0,14.53,2.23,0.014,0.324,1.3,2.21
5740,27.2,17.2,1.09,0.05,0.012,4.7,1.42
5741,144.6,17.21,2.36,0.045,0.03,3.6,1.18
5742,19.9,12.25,2.94,0.467,0.241,2.7,2.94
5743,8.2,16.89,1.68,0.02,0.022,2.2,0.26
5744,29.0,10.06,6.59,0.135,0.033,7.3,1.86
5745,15.3,12.79,1.19,0.392,0.552,2.4,1.05
5746,14.9,19.69,3.64,0.042,0.029,1.8,1.49
5747,80.4,13.78,1.09,0.016,0.024,1.4,1.74
5748,20.2,14.47,7.18,0.053,0.053,1.3,2.79
5749,8.0,15.21,4.13,0.218,0.292,4.0,0.13
5750,22.3,11.33,6.85,0.303,0.302,4.8,1.36
5751,4.8,15.65,6.04,0.291,0.06,2.5,2.87
5752,5.7,15.5,7.7,0.025,0.025,1.4,1.44
5753,18.6,9.09,2.66,0.039,0.245,1.6,0.64
5754,13.9,9.57,1.74,0.112,0.046,5.1,1.27
5755,3.5,8.8,2.67,0.037,0.028,1.1,2.69
5756,8.3,8.87,1.33,0.017,0.012,9.0,0.07
5757,8.9,12.13,1.08,0.029,0.019,5.0,1.63
5758,250.4,10.23,7.96,0.462,0.455,1.7,1.49
5759,48.9,11.38,8.77,0.019,0.023,1.4,2.09
5760,120.7,12.42,2.79,0.054,0.023,4.5,0.62
5761,11.4,13.85,6.75,0.399,0.978,3.3,0.97
5762,25.9,9.34,1.75,0.052,0.077,1.6,1.75
5763,11.5,9.65,2.75,0.141,0.011,1.4,2.65
5764,49.5,16.3,2.53,0.161,0.184,3.0,2.03
5765,4.2,17.42,5.0,0.037,0.014,2.6,0.17
5766,216.9,16.44,4.75,0.233,0.133,7.6,1.1
5767,20.5,9.58,7.79,0.112,0.513,3.4,2.2
5768,11.6,9.85,2.35,0.053,0.286,2.0,1.82
5769,3.1,17.7,7.32,0.014,0.565,9.6,1.91
5770,10.9,11.96,1.08,0.412,0.128,1.3,1.28
5771,251.3,13.66,1.45,0.356,0.048,3.7,0.16
5772,295.8,8.37,1.64,0.018,0.332,7.6,1.69
5773,34.0,16.66,2.89,0.169,0.019,4.5,2.83
5774,26.5,8.88,8.26,0.033,0.76,2.7,2.51
5775,61.1,17.37,3.33,0.079,0.236,5.5,1.89
5776,44.7,9.71,6.17,0.484,0.017,7.4,0.26
5777,27.5,19.34,9.37,0.018,0.232,2.8,0.32
5778,16.8,14.15,7.17,0.024,0.1,3.0,2.09
5779,57.9,14.3,6.82,0.136,0.112,5.3,0.03
5780,22.7,12.78,8.93,0.493,0.018,5.9,0.38
5781,29.3,12.83,6.4,0.02,0.098,1.9,0.22
5782,188.9,18.76,9.7,0.016,0.116,3.4,1.91
5783,21.1,12.66,9.17,0.087,0.017,1.9,0.1
5784,25.0,13.07,1.88,0.306,0.389,6.8,0.31
5785,18.0,15.99,2.66,0.143,0.044,3.0,1.33
5786,5.7,11.83,8.09,0.115,0.924,6.6,0.68
5787,5.1,14.12,1.46,0.024,0.15,6.7,1.51
5788,195.4,8.42,7.29,0.021,0.149,1.8,1.39
5789,5.8,18.33,3.01,0.099,0.04,6.4,0.4
5790,17.4,9.65,7.26,0.164,0.368,6.0,1.58
5791,28.0,13.55,1.37,0.104,0.575,3.9,0.01
5792,235.5,13.3,2.65,0.038,0.064,1.3,0.46
5793,26.4,9.05,3.08,0.301,0.514,1.4,2.37
5794,3.2,17.23,7.38,0.055,0.324,4.8,2.04
5795,20.1,11.36,1.36,0.258,0.319,2.0,2.62
5796,5.5,13.3,1.81,0.032,0.225,9.7,1.76
5797,21.2,9.91,7.78,0.138,0.018,7.3,2.56
5798,15.3,8.73,3.67,0.149,0.123,7.3,2.28
5799,98.9,13.4,2.42,0.011,0.032,2.2,0.52
5800,12.6,12.73,1.18,0.084,0.401,1.1,0.94
5801,45.9,18.57,1.18,0.014,0.66,1.3,1.38
5802,18.4,16.99,3.17,0.209,0.164,6.4,0.57
5803,23.5,9.51,5.87,0.028,0.021,4.5,1.25
5804,243.6,16.44,1.46,0.023,0.011,1.2,0.61
5805,30.7,18.37,2.61,0.027,0.111,1.8,1.23
5806,9.1,16.46,1.52,0.124,0.075,6.4,2.32
5807,212.2,12.57,2.87,0.019,0.352,7.9,2.59
5808,9.4,12.4,7.81,0.011,0.025,8.1,0.79
5809,129.5,16.95,3.52,0.052,0.014,1.3,0.49
5810,3.4,15.5,5.72,0.012,0.031,3.2,1.37
5811,4.5,18.47,1.21,0.027,0.021,1.3,1.32
5812,5.8,15.48,6.66,0.012,0.023,1.9,0.48
5813,3.9,19.42,1.83,0.474,0.037,1.6,0.54
5814,13.5,14.0,2.14,0.198,0.063,1.6,0.28
5815,10.8,11.11,4.95,0.066,0.047,1.3,0.67
5816,79.0,13.05,1.55,0.012,0.012,2.9,2.58
5817,7.1,13.87,4.89,0.371,0.777,1.0,1.12
5818,7.3,8.36,1.12,0.053,0.338,6.5,2.29
5819,9.0,16.27,1.53,0.206,0.037,3.4,2.05
5820,277.3,16.21,2.74,0.1,0.08,1.9,2.1
5821,9.2,9.06,6.73,0.052,0.818,1.6,0.14
5822,32.0,8.54,2.33,0.014,0.424,1.7,1.2
5823,9.3,16.53,2.27,0.037,0.621,4.2,1.24
5824,58.6,12.74,1.26,0.011,0.017,2.1,0.53
5825,230.5,10.94,3.61,0.044,0.134,3.7,2.52
5826,17.6,13.96,2.18,0.067,0.189,2.4,2.26
5827,21.5,10.64,2.55,0.104,0.305,4.5,2.12
5828,24.8,14.78,3.41,0.072,0.096,2.4,0.66
5829,25.8,11.74,1.95,0.058,0.385,5.7,1.61
5830,44.6,19.25,9.39,0.097,0.011,3.2,2.65
5831,23.8,9.84,3.98,0.017,0.191,4.3,0.27
5832,126.0,10.28,4.22,0.114,0.209,5.9,1.65
5833,278.6,8.12,3.42,0.046,0.018,6.1,1.37
5834,138.0,17.65,1.01,0.025,0.011,1.5,1.9
5835,3.3,9.69,7.16,0.106,0.69,6.2,1.56
5836,175.0,15.64,4.94,0.097,0.115,1.2,0.65
5837,25.5,10.93,2.13,0.429,0.744,8.2,0.44
5838,5.5,10.29,2.29,0.071,0.114,7.0,2.29
5839,9.1,16.31,1.99,0.065,0.193,3.5,0.34
5840,110.2,15.49,5.19,0.313,0.397,4.9,0.38
5841,106.8,9.7,3.15,0.019,0.014,1.2,1.86
5842,9.5,14.42,1.55,0.03,0.012,3.0,1.2
5843,37.8,16.32,2.85,0.041,0.181,1.5,2.02
5844,31.4,11.04,2.29,0.014,0.031,1.1,0.64
5845,56.9,10.64,1.55,0.053,0.816,7.4,0.58
5846,39.5,11.31,1.07,0.089,0.033,3.1,2.51
5847,4.3,18.99,2.41,0.177,0.011,2.3,2.06
5848,7.8,19.95,1.75,0.216,0.628,1.8,0.02
5849,63.5,16.05,1.01,0.011,0.1,3.0,0.4
5850,182.2,9.03,2.05,0.108,0.015,2.9,2.17
5851,30.0,10.3,8.7,0.091,0.259,8.2,0.18
5852,191.6,19.59,3.06,0.019,0.011,2.3,0.24
5853,3.4,14.73,2.99,0.168,0.312,1.6,2.88
5854,192.1,13.55,4.31,0.112,0.301,5.9,2.2
5855,4.0,9.2,6.33,0.013,0.031,10.0,1.42
5856,36.2,17.65,9.63,0.096,0.036,2.7,0.22
5857,24.7,8.14,2.28,0.094,0.046,6.9,2.29
5858,55.2,19.37,8.78,0.067,0.46,1.3,1.6
5859,20.1,14.23,1.36,0.5,0.187,1.0,2.83
5860,163.6,14.67,4.4,0.213,0.566,9.7,0.68
5861,228.2,11.46,1.16,0.019,0.08,4.4,0.8
5862,147.9,8.36,4.85,0.049,0.019,1.6,0.82
5863,174.9,15.74,7.04,0.109,0.633,3.7,1.14
5864,124.6,9.34,1.04,0.037,0.319,1.3,0.88
5865,5.6,11.23,6.76,0.028,0.347,3.4,1.53
5866,8.9,9.85,1.04,0.048,0.019,1.4,0.63
5867,34.6,10.24,5.1,0.383,0.018,1.1,1.76
5868,102.9,15.91,9.16,0.177,0.04,5.3,1.31
5869,7.7,11.45,9.0,0.239,0.341,3.5,1.62
5870,22.5,8.47,1.68,0.195,0.744,2.2,1.2
5871,6.3,8.85,1.21,0.015,0.031,1.6,1.63
5872,10.9,10.26,7.35,0.03,0.027,2.2,1.83
5873,169.3,18.2,4.12,0.014,0.014,1.5,1.42
5874,47.2,17.98,2.0,0.122,0.965,1.5,2.43
5875,134.5,11.57,6.52,0.185,0.085,5.7,1.49
5876,56.8,8.07,2.88,0.442,0.65,7.8,0.03
5877,90.1,10.71,7.27,0.017,0.012,5.2,2.74
5878,4.4,13.99,6.67,0.065,0.206,2.7,1.6
5879,10.6,19.35,3.01,0.256,0.731,1.5,1.05
5880,5.8,11.71,7.77,0.213,0.013,6.2,2.81
5881,85.2,19.82,9.04,0.013,0.379,8.8,2.38
5882,219.5,15.81,6.82,0.032,0.509,9.2,2.31
5883,185.6,10.41,1.58,0.019,0.557,9.3,1.83
5884,45.0,13.63,8.85,0.262,0.128,1.9,0.09
5885,7.4,8.07,7.03,0.083,0.067,5.5,2.6
5886,7.1,11.36,2.93,0.042,0.034,1.3,1.08
5887,43.1,18.81,4.07,0.467,0.232,1.5,0.94
5888,133.4,10.06,1.2,0.047,0.443,3.4,0.38
5889,3.8,13.51,9.91,0.061,0.199,7.0,0.36
5890,73.4,9.06,6.34,0.282,0.14,1.4,2.56
5891,24.0,13.26,2.48,0.027,0.946,7.5,2.81
5892,5.5,16.5,2.96,0.407,0.016,1.9,0.88
5893,53.1,9.05,5.92,0.095,0.033,9.0,2.53
5894,130.0,12.09,5.92,0.43,0.178,2.9,2.88
5895,28.5,9.77,5.11,0.019,0.489,6.5,0.67
5896,8.5,8.15,4.89,0.055,0.884,3.0,0.19
5897,8.4,17.99,5.79,0.137,0.141,2.0,0.56
5898,8.0,9.99,2.73,0.094,0.444,2.7,0.27
5899,4.3,17.41,2.91,0.095,0.042,2.2,1.64
5900,199.0,14.65,2.04,0.113,0.071,1.6,1.82
5901,43.9,8.75,6.75,0.4,0.498,4.8,1.5
5902,225.9,10.61,1.02,0.013,0.024,2.1,1.53
5903,182.8,16.92,7.59,0.021,0.517,1.0,2.66
5904,5.0,10.46,2.31,0.262,0.184,4.6,1.29
5905,3.5,13.65,6.8,0.088,0.501,3.0,2.0
5906,9.6,15.1,1.25,0.022,0.12,3.8,0.19
5907,6.0,11.09,4.83,0.482,0.177,4.3,2.24
5908,5.6,15.93,7.8,0.249,0.288,8.5,1.78
5909,5.1,16.36,1.33,0.104,0.567,1.9,0.85
5910,4.0,14.71,7.22,0.048,0.013,5.5,0.62
5911,160.8,8.42,1.05,0.047,0.578,2.1,0.56
5912,3.3,13.9,8.68,0.136,0.025,3.0,2.72
5913,3.7,18.67,7.31,0.056,0.167,1.9,2.4
5914,16.8,10.58,5.89,0.08,0.01,6.5,0.93
5915,5.9,19.05,2.11,0.336,0.014,1.7,2.13
5916,175.7,14.88,3.21,0.021,0.013,4.4,1.13
5917,12.9,16.2,6.84,0.055,0.039,8.8,1.54
5918,119.7,8.7,8.53,0.073,0.064,2.8,2.46
5919,39.3,12.78,2.82,0.044,0.016,1.5,0.44
5920,3.2,16.48,1.02,0.011,0.373,3.1,0.74
5921,6.6,17.05,1.05,0.206,0.035,5.1,2.9
5922,55.8,14.3,2.05,0.036,0.786,1.3,2.47
5923,144.9,12.73,1.08,0.039,0.8,1.5,0.08
5924,13.0,13.54,3.45,0.388,0.129,2.0,0.03
5925,9.3,9.6,1.81,0.013,0.4,2.9,2.51
5926,31.5,11.23,2.89,0.367,0.023,3.4,0.63
5927,16.8,13.3,6.52,0.058,0.669,2.9,1.82
5928,23.1,12.55,2.24,0.02,0.014,5.3,0.54
5929,174.4,11.85,1.82,0.218,0.113,9.9,2.01
5930,8.0,11.97,2.05,0.019,0.034,4.3,0.57
5931,14.9,18.47,6.34,0.019,0.04,3.9,1.64
5932,3.0,10.37,1.28,0.426,0.025,2.3,2.24
5933,44.1,16.15,5.65,0.029,0.592,5.2,2.41
5934,10.3,13.05,3.52,0.055,0.402,6.8,1.04
5935,252.5,9.54,2.12,0.122,0.062,5.0,0.7
5936,4.9,13.96,6.61,0.034,0.109,2.3,2.49
5937,21.7,8.79,1.46,0.22,0.021,6.9,2.33
5938,19.9,8.75,3.57,0.142,0.083,4.2,2.84
5939,9.4,18.65,8.32,0.062,0.015,8.7,1.82
5940,115.6,19.71,7.66,0.017,0.283,1.1,0.45
5941,18.1,18.64,1.13,0.22,0.068,6.4,0.13
5942,4.7,10.32,1.26,0.026,0.101,3.7,0.68
5943,125.2,15.23,7.94,0.116,0.151,4.7,0.94
5944,5.9,16.65,1.24,0.023,0.598,1.3,2.63
5945,15.9,9.13,9.35,0.17,0.357,2.6,1.09
5946,180.5,14.27,3.35,0.236,0.684,2.8,2.58
5947,32.4,12.96,3.87,0.366,0.449,3.4,1.46
5948,3.5,9.3,3.87,0.076,0.436,2.1,1.16
5949,30.0,13.32,6.97,0.012,0.044,9.3,0.15
5950,13.5,8.05,1.09,0.044,0.042,1.1,0.38
5951,49.4,13.35,5.84,0.253,0.884,6.5,1.3
5952,41.7,16.59,4.79,0.053,0.074,1.6,2.38
5953,9.4,8.19,6.91,0.066,0.081,1.7,0.45
5954,36.1,11.73,1.77,0.084,0.087,2.5,2.65
5955,53.7,13.29,2.47,0.014,0.055,1.3,1.42
5956,7.9,14.19,2.39,0.014,0.084,8.5,2.51
5957,138.0,18.24,1.66,0.126,0.066,2.1,1.62
5958,101.7,9.07,7.06,0.097,0.082,2.1,0.03
5959,3.1,16.03,1.38,0.226,0.071,4.7,2.15
5960,6.4,13.11,1.77,0.289,0.174,3.3,1.68
5961,103.8,16.98,9.35,0.063,1.0,1.0,2.4
5962,212.6,13.43,7.28,0.237,0.045,2.4,1.28
5963,251.7,15.61,3.98,0.071,0.377,2.4,0.55
5964,76.5,15.58,4.36,0.051,0.488,1.5,1.15
5965,33.1,11.14,9.6,0.178,0.018,4.8,0.39
5966,98.3,10.22,1.29,0.039,0.282,8.6,2.15
5967,49.8,19.01,2.97,0.257,0.019,4.7,2.04
5968,9.7,19.21,1.39,0.014,0.888,6.8,1.18
5969,13.8,19.28,1.41,0.062,0.323,2.3,0.5
5970,164.6,12.24,6.71,0.437,0.506,3.6,1.61
5971,10.5,17.61,1.69,0.326,0.051,9.1,0.72
5972,7.4,11.36,1.83,0.014,0.059,1.1,1.09
5973,34.4,15.68,3.29,0.093,0.01,5.9,2.25
5974,11.5,9.77,1.18,0.427,0.341,1.1,2.87
5975,6.2,10.79,1.5,0.072,0.111,2.2,0.33
5976,9.2,19.15,3.28,0.043,0.268,2.0,2.84
5977,15.4,10.73,2.66,0.208,0.019,1.1,2.34
5978,6.1,16.04,2.42,0.014,0.041,5.8,2.2
5979,20.7,10.19,1.8,0.38,0.057,1.8,0.32
5980,3.9,14.38,3.53,0.061,0.012,3.8,1.14
5981,10.5,16.41,3.79,0.06,0.023,3.9,2.57
5982,117.3,19.8,6.95,0.04,0.057,8.6,2.94
5983,31.5,19.57,5.96,0.229,0.501,8.5,1.99
5984,14.0,10.79,1.63,0.354,0.889,7.8,0.81
5985,43.4,13.02,2.55,0.037,0.011,2.3,0.26
5986,6.0,16.45,1.3,0.087,0.061,1.3,0.0
5987,26.0,8.4,1.97,0.01,0.056,4.2,1.28
5988,230.1,10.48,1.6,0.104,0.017,5.6,2.65
5989,3.7,9.92,4.36,0.079,0.307,3.4,2.1
5990,51.3,19.44,1.65,0.024,0.096,3.1,0.19
5991,51.4,11.59,5.81,0.035,0.897,9.9,1.8
5992,11.5,8.78,2.53,0.087,0.043,1.5,0.95
5993,73.9,12.94,5.08,0.053,0.707,4.2,2.48
5994,87.5,15.51,1.53,0.107,0.857,2.8,0.3
5995,271.2,10.64,8.41,0.38,0.052,6.0,2.09
5996,220.2,17.12,3.73,0.451,0.014,2.0,1.17
5997,31.2,10.06,3.78,0.018,0.012,1.6,0.2
5998,112.5,17.1,2.26,0.371,0.043,6.7,1.86
5999,5.7,12.4,6.79,0.32,0.352,1.1,0.26
6000,10.6,15.92,9.93,0.109,0.302,1.9,0.52
6001,40.7,17.91,1.69,0.097,0.046,2.5,1.12
6002,4.7,19.12,1.91,0.07,0.104,3.7,1.03
6003,10.3,15.36,1.55,0.111,0.019,3.8,0.4
6004,223.7,17.35,7.52,0.07,0.987,5.0,0.63
6005,3.4,16.72,1.19,0.072,0.071,9.4,2.32
6006,23.1,16.4,5.51,0.293,0.042,1.3,2.74
6007,11.6,12.86,1.7,0.304,0.982,2.2,1.86
6008,54.0,17.92,2.34,0.025,0.021,2.1,0.29
6009,236.9,18.86,2.22,0.068,0.694,8.1,1.17
6010,58.0,8.05,3.59,0.013,0.299,1.2,1.55
6011,15.2,8.99,2.71,0.256,0.992,4.1,1.23
6012,8.2,14.91,2.22,0.019,0.306,1.6,2.13
6013,31.8,10.62,4.65,0.067,0.496,3.8,0.85
6014,215.6,11.21,8.53,0.024,0.534,5.6,2.51
6015,7.5,12.65,9.61,0.032,0.212,3.6,0.04
6016,25.8,19.56,8.46,0.244,0.099,1.6,1.51
6017,47.3,15.92,1.29,0.417,0.044,1.1,2.02
6018,45.4,10.53,1.6,0.081,0.013,2.2,1.81
6019,110.0,14.38,8.23,0.334,0.03,3.0,0.44
6020,5.1,8.02,3.31,0.173,0.029,4.7,2.26
6021,71.8,15.47,8.1,0.017,0.012,3.3,0.23
6022,10.4,11.07,2.24,0.118,0.157,2.0,2.85
6023,9.3,10.09,3.58,0.021,0.115,2.4,0.95
6024,4.4,19.48,1.72,0.485,0.313,8.8,0.04
6025,66.0,16.79,6.33,0.481,0.217,8.0,0.16
6026,17.6,8.17,1.54,0.074,0.017,5.3,2.02
6027,4.2,8.39,2.78,0.048,0.036,9.6,2.33
6028,16.0,15.94,1.59,0.025,0.183,5.3,0.26
6029,5.9,8.79,1.16,0.17,0.556,3.6,2.04
6030,10.6,9.28,2.03,0.129,0.2,3.3,0.65
6031,9.6,12.92,1.78,0.012,0.046,3.6,1.72
6032,3.5,10.72,2.93,0.013,0.067,4.7,2.33
6033,15.2,8.68,5.59,0.013,0.031,5.1,2.37
6034,4.7,10.23,2.48,0.209,0.074,2.3,1.34
6035,25.8,16.3,9.13,0.367,0.173,3.0,0.1
6036,151.4,8.79,9.66,0.059,0.048,2.6,1.11
6037,9.7,18.53,4.01,0.191,0.014,3.8,1.99
6038,97.2,12.45,3.03,0.049,0.821,5.5,2.39
6039,94.3,18.97,1.28,0.404,0.025,5.2,1.79
6040,55.5,9.17,4.17,0.038,0.343,2.6,2.23
6041,22.8,13.77,4.6,0.018,0.108,2.1,2.4
6042,72.8,16.32,1.5,0.032,0.267,8.2,1.57
6043,66.0,11.53,4.15,0.011,0.059,6.3,0.89
6044,43.2,17.96,6.77,0.271,0.109,3.4,1.61
6045,74.3,11.9,4.69,0.066,0.02,8.3,2.44
6046,182.1,9.19,1.15,0.189,0.011,5.4,2.26
6047,29.4,18.86,2.12,0.012,0.175,5.1,0.73
6048,38.5,13.02,3.08,0.191,0.168,8.9,2.75
6049,42.6,8.63,1.61,0.153,0.072,1.8,2.23
6050,7.8,9.0,8.48,0.018,0.033,3.5,1.83
6051,249.4,15.29,7.28,0.019,0.026,4.2,0.5
6052,144.7,10.96,5.07,0.015,0.913,3.5,1.17
6053,5.3,9.45,1.43,0.408,0.114,1.1,1.58
6054,22.0,10.75,8.01,0.021,0.292,2.2,1.49
6055,15.7,8.25,8.27,0.323,0.043,8.7,1.5
6056,180.4,9.85,1.59,0.06,0.393,9.6,0.15
6057,38.0,10.3,8.85,0.074,0.033,2.3,2.09
6058,4.5,9.96,7.56,0.017,0.401,2.6,0.67
6059,200.7,10.61,1.8,0.029,0.081,9.1,2.03
6060,50.9,18.87,1.93,0.099,0.038,4.2,1.66
6061,69.4,10.75,6.79,0.357,0.137,2.6,1.02
6062,25.4,9.36,2.31,0.025,0.412,1.4,2.65
6063,3.2,13.3,2.55,0.076,0.063,1.1,1.08
6064,86.5,18.57,1.1,0.051,0.827,4.2,0.07
6065,20.1,10.26,9.59,0.011,0.034,2.4,1.12
6066,95.9,13.93,1.16,0.055,0.087,2.1,2.17
6067,4.3,13.33,1.21,0.488,0.022,3.1,0.45
6068,18.9,16.85,8.56,0.045,0.014,1.2,1.09
6069,21.3,13.8,9.59,0.011,0.023,1.1,0.9
6070,41.6,11.69,4.8,0.217,0.107,3.4,1.43
6071,15.6,18.39,5.19,0.11,0.221,1.5,0.63
6072,3.7,18.47,1.08,0.176,0.059,2.5,2.54
6073,52.3,9.51,3.28,0.201,0.022,1.5,0.9
6074,90.2,12.18,4.67,0.113,0.016,1.7,0.5
6075,220.2,8.94,1.82,0.234,0.184,7.3,2.35
6076,31.1,8.77,3.58,0.321,0.026,6.2,2.18
6077,3.4,8.32,2.1,0.048,0.029,5.3,2.42
6078,9.9,9.29,9.42,0.364,0.278,6.8,0.7
6079,105.5,19.33,3.85,0.25,0.314,3.8,2.26
6080,20.3,11.6,7.87,0.154,0.124,1.6,2.27
6081,274.9,16.9,1.84,0.102,0.058,7.7,1.86
6082,22.9,18.19,1.7,0.02,0.514,1.0,2.12
6083,15.5,14.16,1.53,0.081,0.351,1.9,0.9
6084,5.1,8.42,5.6,0.025,0.182,1.2,1.13
6085,64.5,18.41,2.17,0.122,0.975,8.6,1.33
6086,6.5,8.72,2.37,0.075,0.091,2.0,2.43
6087,11.2,13.41,4.9,0.21,0.107,9.3,1.77
6088,7.6,9.93,2.68,0.01,0.169,3.6,0.21
6089,9.5,9.2,2.38,0.459,0.147,2.3,1.53
6090,43.5,12.45,3.06,0.021,0.031,1.8,2.35
6091,224.8,13.7,1.71,0.437,0.129,3.6,0.44
6092,246.9,8.65,4.06,0.019,0.377,1.5,2.85
6093,16.5,14.05,3.5,0.018,0.029,7.6,1.17
6094,3.8,16.2,5.35,0.015,0.887,1.3,0.59
6095,4.9,10.63,1.79,0.186,0.107,1.6,0.78
6096,56.1,19.83,4.95,0.118,0.041,2.1,0.1
6097,102.0,19.85,1.81,0.045,0.904,1.5,1.94
6098,201.7,18.91,7.26,0.349,0.103,1.9,1.32
6099,14.5,17.92,1.3,0.02,0.016,2.4,0.79
6100,29.7,8.09,5.67,0.026,0.095,2.6,2.56
6101,25.0,17.61,5.89,0.019,0.012,9.8,0.46
6102,281.5,15.05,1.18,0.061,0.572,1.2,2.39
6103,83.7,16.53,3.14,0.182,0.436,2.1,0.79
6104,14.5,17.18,5.51,0.015,0.884,1.6,1.78
6105,13.8,11.53,7.96,0.053,0.102,2.4,2.2
6106,66.6,18.99,1.49,0.02,0.414,2.3,1.66
6107,3.0,8.66,1.29,0.023,0.118,8.4,0.74
6108,16.6,16.75,6.86,0.018,0.129,1.5,1.88
6109,15.7,16.15,7.7,0.058,0.033,1.4,0.48
6110,101.5,8.84,1.88,0.018,0.058,7.5,2.39
6111,49.3,9.32,1.12,0.205,0.071,3.6,0.89
6112,14.4,12.73,2.46,0.014,0.012,6.4,0.2
6113,69.6,17.29,6.04,0.341,0.021,6.9,2.12
6114,3.1,19.97,1.34,0.011,0.648,4.1,1.52
6115,75.4,8.47,8.39,0.489,0.015,1.7,1.91
6116,7.3,8.81,4.93,0.103,0.011,1.1,2.82
6117,27.4,13.54,2.0,0.03,0.07,10.0,1.66
6118,284.0,14.1,1.55,0.037,0.09,2.1,2.14
6119,3.4,17.68,2.53,0.096,0.487,5.6,0.96
6120,76.1,8.55,1.43,0.17,0.22,1.0,0.09
6121,197.0,10.46,6.03,0.224,0.864,3.9,1.52
6122,96.6,19.25,1.66,0.232,0.026,6.7,2.9
6123,38.8,9.89,2.63,0.096,0.024,6.5,2.59
6124,20.1,10.53,9.98,0.097,0.014,1.6,2.24
6125,183.5,13.27,8.4,0.181,0.224,7.1,2.13
6126,6.5,8.4,1.72,0.062,0.019,2.3,1.91
6127,45.5,12.5,8.07,0.395,0.021,2.0,1.16
6128,74.0,9.58,3.75,0.012,0.167,8.5,2.46
6129,37.8,11.14,6.18,0.06,0.825,2.0,1.07
6130,39.8,11.13,1.03,0.445,0.191,2.4,2.03
6131,114.4,15.6,1.43,0.16,0.035,5.4,2.53
6132,281.9,12.04,4.18,0.446,0.012,1.9,1.78
6133,120.6,14.01,1.28,0.331,0.393,8.2,2.02
6134,106.8,12.65,6.43,0.133,0.298,1.1,2.28
6135,25.9,18.07,1.12,0.495,0.356,1.8,0.54
6136,35.3,13.9,3.3,0.136,0.031,2.5,0.55
6137,40.1,17.98,3.57,0.039,0.244,5.8,1.47
6138,15.8,11.51,6.38,0.017,0.012,3.9,0.55
6139,9.2,16.37,3.38,0.081,0.031,2.8,2.62
6140,14.9,16.02,1.76,0.109,0.045,9.6,0.42
6141,4.2,13.1,1.15,0.046,0.173,2.4,0.9
6142,34.3,8.02,8.59,0.058,0.595,2.7,2.01
6143,134.2,13.67,3.31,0.305,0.244,4.7,0.19
6144,168.4,11.32,8.65,0.294,0.036,3.0,2.92
6145,5.8,14.25,5.77,0.16,0.023,3.2,1.39
6146,16.3,13.29,9.72,0.15,0.019,3.9,2.57
6147,44.8,10.73,1.52,0.031,0.199,7.1,2.35
6148,5.4,16.59,7.28,0.021,0.031,1.7,2.42
6149,19.5,15.84,1.62,0.037,0.227,5.7,1.58
6150,80.8,16.21,2.82,0.087,0.082,1.4,2.25
6151,7.5,16.15,5.8,0.064,0.023,2.5,2.43
6152,279.2,13.74,1.43,0.03,0.019,3.4,2.35
6153,6.2,19.02,3.2,0.034,0.733,1.2,2.12
6154,19.3,15.14,1.09,0.084,0.055,9.8,1.2
6155,21.8,11.22,2.24,0.195,0.012,3.9,1.52
6156,201.5,19.56,2.0,0.135,0.016,1.5,1.87
6157,83.7,17.09,1.56,0.156,0.017,7.2,0.2
6158,21.8,15.53,1.58,0.022,0.013,1.6,1.43
6159,35.8,15.19,9.84,0.016,0.116,3.9,2.52
6160,8.5,13.36,2.76,0.294,0.888,7.2,1.08
6161,183.3,16.56,4.07,0.042,0.316,7.1,2.78
6162,17.2,9.27,1.61,0.154,0.113,5.2,0.57
6163,13.9,19.02,5.35,0.318,0.029,8.4,0.86
6164,16.1,19.5,6.14,0.043,0.048,1.5,0.8
6165,252.8,13.33,7.72,0.057,0.073,2.2,0.51
6166,6.6,8.4,2.08,0.023,0.253,4.0,0.41
6167,5.1,13.8,4.08,0.344,0.045,1.3,0.43
6168,51.8,16.54,9.38,0.065,0.012,3.4,1.76
6169,13.7,17.99,9.56,0.078,0.473,1.7,1.82
6170,191.6,10.49,1.56,0.212,0.109,4.0,0.53
6171,4.0,16.2,4.28,0.015,0.12,2.8,2.05
6172,9.5,10.19,1.63,0.011,0.075,5.0,1.74
6173,10.2,14.98,7.46,0.22,0.039,2.2,0.99
6174,9.8,11.03,1.49,0.098,0.093,7.7,2.13
6175,5.1,17.07,3.61,0.011,0.454,3.4,0.68
6176,24.0,8.15,7.86,0.264,0.069,2.0,1.63
6177,293.5,18.3,1.83,0.183,0.137,1.8,0.36
6178,245.4,12.58,1.08,0.404,0.221,2.2,2.2
6179,13.0,9.02,5.74,0.021,0.285,1.3,0.89
6180,5.8,17.22,1.19,0.029,0.01,1.2,1.07
6181,3.6,16.22,9.97,0.089,0.366,8.3,2.04
6182,12.0,9.03,1.38,0.068,0.02,8.0,0.6
6183,73.1,18.45,2.08,0.367,0.085,3.3,1.57
6184,4.9,16.87,2.59,0.022,0.405,3.5,1.53
6185,84.8,10.13,1.31,0.045,0.022,1.5,0.46
6186,103.7,11.98,2.27,0.024,0.021,2.6,2.24
6187,101.4,13.54,7.12,0.028,0.029,5.3,2.13
6188,3.0,19.31,8.05,0.014,0.911,1.1,0.66
6189,14.5,19.69,8.34,0.226,0.306,1.6,0.37
6190,58.9,13.12,6.48,0.109,0.012,2.6,0.35
6191,6.1,17.29,1.96,0.128,0.045,1.7,0.59
6192,26.5,13.17,2.12,0.094,0.063,2.6,1.28
6193,25.3,8.83,1.33,0.174,0.049,2.0,2.05
6194,191.5,15.66,5.43,0.03,0.143,2.2,0.21
6195,122.5,10.09,2.92,0.228,0.326,2.0,1.36
6196,11.7,19.67,1.44,0.032,0.138,9.6,2.62
6197,3.6,16.55,6.46,0.369,0.135,1.0,0.86
6198,39.5,10.51,1.61,0.447,0.045,2.0,2.38
6199,7.9,14.28,1.48,0.162,0.172,3.5,1.42
6200,152.8,10.66,6.29,0.041,0.203,3.0,0.67
6201,298.1,15.89,1.82,0.014,0.058,3.8,2.05
6202,12.2,16.58,8.86,0.028,0.194,1.1,1.58
6203,5.1,19.44,2.79,0.083,0.055,7.0,0.14
6204,114.3,12.07,6.24,0.124,0.026,1.8,0.04
6205,151.4,8.49,1.24,0.02,0.619,1.7,2.21
6206,4.2,10.49,3.46,0.014,0.515,7.9,2.9
6207,11.3,9.64,5.16,0.376,0.572,3.6,0.09
6208,16.2,17.61,4.66,0.42,0.013,3.8,2.22
6209,211.0,10.15,8.75,0.186,0.746,5.9,2.61
6210,266.7,15.72,5.63,0.011,0.032,3.3,2.69
6211,136.3,12.56,2.93,0.072,0.016,8.5,2.26
6212,5.7,14.68,5.25,0.164,0.151,3.1,2.34
6213,7.8,15.56,4.77,0.207,0.024,1.5,2.69
6214,5.3,8.53,1.89,0.359,0.048,6.2,2.82
6215,10.0,9.61,5.15,0.44,0.349,8.7,0.32
6216,6.2,13.6,9.91,0.084,0.35,8.1,1.72
6217,40.6,12.98,2.17,0.091,0.053,6.6,2.0
6218,109.5,10.77,3.42,0.22,0.048,1.1,1.71
6219,37.7,11.03,4.62,0.347,0.032,5.5,2.43
6220,223.8,8.38,6.63,0.024,0.014,2.2,1.02
6221,45.0,9.96,2.07,0.035,0.042,4.1,0.2
6222,24.7,19.42,5.67,0.012,0.01,2.3,0.08
6223,58.4,10.13,2.34,0.024,0.605,3.3,2.18
6224,44.0,13.67,8.93,0.427,0.04,8.0,1.53
6225,10.1,10.42,9.91,0.052,0.508,8.2,2.74
6226,15.9,16.82,3.05,0.057,0.039,2.3,1.95
6227,7.7,10.11,3.67,0.022,0.057,4.0,2.37
6228,183.7,8.19,6.48,0.031,0.358,5.4,2.51
6229,33.4,12.41,7.9,0.039,0.014,7.0,1.96
6230,199.7,12.5,3.51,0.01,0.039,1.9,1.38
6231,7.9,9.31,2.3,0.109,0.145,4.5,1.58
6232,28.2,8.36,1.87,0.067,0.229,2.8,1.77
6233,3.4,18.48,8.34,0.178,0.558,8.8,2.55
6234,63.2,9.86,1.41,0.245,0.017,5.9,1.99
6235,14.4,10.92,7.26,0.065,0.044,1.8,0.59
6236,25.2,8.65,2.26,0.386,0.026,2.4,1.94
6237,18.3,10.45,4.61,0.398,0.078,2.2,1.95
6238,26.7,16.35,2.78,0.014,0.056,2.9,1.42
6239,222.7,15.65,7.78,0.411,0.04,5.4,0.15
6240,50.4,13.02,1.47,0.079,0.278,4.5,2.9
6241,29.6,8.2,2.98,0.071,0.11,3.8,2.75
6242,139.4,8.44,7.65,0.156,0.047,6.7,1.39
6243,100.8,10.44,1.08,0.058,0.356,7.4,2.36
6244,12.8,14.36,1.09,0.02,0.066,5.4,2.53
6245,9.2,15.76,2.37,0.084,0.072,9.9,0.9
6246,53.3,13.98,4.44,0.219,0.012,2.3,1.88
6247,3.5,15.21,6.44,0.037,0.016,8.6,1.76
6248,107.9,12.43,3.64,0.024,0.015,3.6,1.26
6249,138.5,8.33,1.73,0.318,0.077,1.9,1.41
6250,95.5,10.28,2.13,0.012,0.312,5.9,2.26
6251,7.0,8.96,1.67,0.015,0.083,6.4,0.59
6252,55.2,9.96,1.36,0.089,0.011,7.3,2.86
6253,48.7,10.72,2.5,0.041,0.203,1.1,0.12
6254,10.8,9.29,4.11,0.409,0.493,5.5,0.11
6255,265.2,19.02,1.5,0.027,0.043,3.7,2.58
6256,21.6,8.59,5.52,0.119,0.195,5.8,0.24
6257,142.6,14.47,1.02,0.093,0.136,3.3,2.46
6258,140.2,14.65,2.08,0.054,0.39,7.4,2.23
6259,3.8,9.55,2.59,0.037,0.097,1.5,2.83
6260,7.0,8.22,1.27,0.015,0.045,2.8,2.07
6261,35.7,14.41,1.05,0.028,0.026,1.4,2.88
6262,13.0,11.88,4.49,0.039,0.01,3.7,2.3
6263,127.7,14.61,6.5,0.462,0.01,7.2,0.7
6264,42.7,11.72,6.1,0.241,0.221,7.5,2.05
6265,42.7,9.73,6.4,0.261,0.014,2.4,1.08
6266,153.5,8.14,6.25,0.129,0.084,5.9,1.47
6267,47.1,8.28,5.12,0.012,0.193,2.8,2.06
6268,4.8,16.39,3.44,0.018,0.035,1.8,1.6
6269,5.6,11.05,7.36,0.36,0.118,1.2,0.73
6270,187.1,19.02,1.72,0.024,0.029,7.1,0.93
6271,27.0,12.27,1.75,0.325,0.763,2.1,1.61
6272,6.6,10.53,3.78,0.104,0.011,1.3,2.4
6273,90.7,14.81,2.08,0.12,0.636,1.4,1.1
6274,8.1,15.86,1.08,0.224,0.014,8.3,1.86
6275,4.0,8.17,8.44,0.01,0.358,8.3,0.98
6276,13.9,16.8,4.0,0.409,0.126,8.0,2.8
6277,23.5,10.18,1.14,0.022,0.259,1.4,1.54
6278,32.8,11.35,3.52,0.29,0.028,2.7,1.85
6279,4.1,17.69,5.23,0.202,0.237,1.3,1.7
6280,6.0,17.29,1.06,0.02,0.12,9.7,1.22
6281,119.4,8.64,1.1,0.321,0.056,1.4,1.25
6282,5.5,15.35,1.99,0.035,0.138,1.6,1.66
6283,174.6,8.19,1.37,0.013,0.019,3.2,2.73
6284,68.6,16.42,5.59,0.022,0.382,2.0,0.17
6285,291.5,15.42,1.12,0.135,0.123,5.9,0.27
6286,248.2,16.38,1.51,0.248,0.021,1.6,0.73
6287,22.6,10.35,1.54,0.425,0.129,7.4,0.97
6288,19.2,8.22,5.27,0.021,0.022,2.0,0.45
6289,11.8,14.04,3.62,0.254,0.114,6.9,2.17
6290,184.5,18.06,5.15,0.441,0.075,9.4,2.23
6291,11.5,12.6,5.28,0.157,0.609,2.5,1.97
6292,45.8,10.71,2.33,0.052,0.021,5.0,1.56
6293,47.0,14.09,2.48,0.122,0.031,1.5,2.94
6294,207.9,15.42,2.53,0.022,0.015,8.9,0.13
6295,11.8,10.72,2.62,0.01,0.185,9.5,2.77
6296,5.3,13.32,8.63,0.057,0.329,4.6,0.69
6297,128.8,19.88,4.8,0.183,0.018,1.1,0.19
6298,167.0,16.17,7.88,0.272,0.51,7.6,2.59
6299,24.6,14.79,1.65,0.411,0.106,4.5,2.78
6300,35.9,8.95,7.68,0.043,0.023,2.6,2.75
6301,138.7,16.71,5.1,0.3,0.029,1.8,1.47
6302,189.3,9.09,2.36,0.04,0.067,1.5,1.34
6303,131.1,15.96,2.07,0.01,0.031,1.8,0.18
6304,76.7,19.79,6.19,0.309,0.228,2.2,2.11
6305,14.3,14.05,3.16,0.057,0.776,1.4,2.47
6306,99.2,9.52,1.7,0.066,0.237,3.5,1.22
6307,77.2,14.11,6.93,0.091,0.253,2.1,0.41
6308,18.2,16.18,2.74,0.334,0.104,1.0,1.35
6309,28.6,11.31,7.66,0.336,0.604,4.5,2.79
6310,8.5,8.63,3.29,0.012,0.119,5.9,2.23
6311,21.9,14.99,2.41,0.335,0.197,5.7,2.24
6312,239.5,8.14,6.26,0.075,0.893,1.2,1.04
6313,4.1,9.43,3.31,0.424,0.313,3.5,0.47
6314,10.4,12.79,1.52,0.023,0.054,2.4,0.29
6315,274.3,18.2,3.22,0.137,0.05,2.5,2.91
6316,120.2,10.74,2.61,0.129,0.048,2.4,2.1
6317,217.2,15.17,5.25,0.15,0.519,2.1,2.95
6318,20.5,15.09,5.38,0.1,0.047,8.3,0.36
6319,5.5,13.46,1.76,0.25,0.028,2.6,1.0
6320,9.8,8.77,2.96,0.029,0.307,2.2,2.38
6321,38.0,9.89,1.15,0.283,0.258,2.5,1.23
6322,152.5,16.54,7.09,0.145,0.634,1.2,0.66
6323,75.0,12.52,2.41,0.01,0.112,6.9,1.2
6324,131.5,15.0,1.56,0.013,0.205,2.8,0.68
6325,27.9,12.83,7.59,0.014,0.022,7.6,1.57
6326,13.1,8.58,2.57,0.037,0.103,4.0,1.87
6327,186.2,14.23,1.25,0.087,0.01,2.4,1.99
6328,59.6,18.33,3.04,0.014,0.029,4.6,0.99
6329,22.3,19.63,3.25,0.041,0.126,9.0,0.08
6330,18.1,14.43,4.16,0.327,0.036,1.3,0.54
6331,145.0,12.46,6.43,0.05,0.033,1.3,0.39
6332,8.7,10.61,4.33,0.086,0.601,5.8,0.16
6333,20.5,14.19,2.41,0.012,0.115,4.0,0.04
6334,21.7,13.14,1.82,0.324,0.073,1.9,0.06
6335,125.4,18.39,4.12,0.454,0.402,1.3,1.12
6336,71.3,9.04,1.1,0.041,0.06,1.9,2.14
6337,5.7,8.68,1.6,0.103,0.506,2.4,2.65
6338,12.2,10.07,1.43,0.011,0.436,1.4,2.54
6339,198.8,8.12,3.32,0.079,0.881,1.3,2.88
6340,211.5,11.65,1.19,0.357,0.356,3.5,0.31
6341,164.6,9.85,2.67,0.02,0.043,1.3,2.01
6342,17.6,8.92,1.52,0.07,0.01,2.0,0.68
6343,5.1,15.78,2.4,0.033,0.531,8.6,0.53
6344,18.5,9.0,1.52,0.165,0.015,5.7,1.67
6345,10.3,8.49,2.51,0.095,0.154,1.6,0.6
6346,87.4,8.96,2.95,0.074,0.49,9.8,0.62
6347,3.4,9.69,2.45,0.022,0.085,8.6,0.11
6348,232.4,16.78,6.09,0.036,0.379,2.0,1.32
6349,91.0,13.22,4.74,0.037,0.075,1.0,0.6
6350,23.4,13.13,2.37,0.089,0.642,8.3,2.59
6351,250.9,8.41,1.05,0.012,0.088,1.1,0.37
6352,36.9,19.71,6.56,0.125,0.014,1.7,1.05
6353,47.5,9.04,7.44,0.374,0.039,4.8,0.64
6354,138.2,14.19,6.78,0.088,0.279,3.1,1.81
6355,43.4,9.22,2.66,0.042,0.38,1.9,2.47
6356,3.2,8.52,9.09,0.07,0.058,5.1,2.11
6357,4.3,19.4,1.68,0.054,0.379,1.5,2.14
6358,266.2,8.19,1.5,0.318,0.785,1.5,2.91
6359,4.0,9.92,1.61,0.108,0.026,2.9,2.74
6360,3.1,8.73,7.66,0.021,0.818,4.5,2.72
6361,99.0,14.72,3.83,0.049,0.149,1.6,1.71
6362,202.4,11.7,4.56,0.032,0.046,1.9,0.95
6363,7.3,16.15,1.93,0.056,0.025,8.1,1.26
6364,78.1,9.85,1.57,0.385,0.156,6.6,0.95
6365,6.5,8.52,1.05,0.191,0.021,9.3,1.94
6366,34.2,8.87,1.22,0.017,0.014,1.1,0.38
6367,20.4,18.85,2.08,0.149,0.056,10.0,0.55
6368,7.2,9.59,1.02,0.012,0.292,7.7,2.19
6369,40.4,9.58,4.57,0.019,0.197,2.2,1.46
6370,4.0,8.05,1.05,0.213,0.025,6.7,2.87
6371,94.8,17.55,2.42,0.088,0.354,4.7,1.79
6372,82.4,9.8,7.18,0.18,0.099,6.8,2.6
6373,4.2,8.49,2.98,0.142,0.016,3.4,0.53
6374,65.0,16.87,6.79,0.014,0.201,1.0,2.33
6375,215.1,10.83,1.88,0.127,0.022,6.8,0.01
6376,36.1,17.41,1.19,0.287,0.027,1.9,0.26
6377,4.1,19.69,1.35,0.021,0.647,6.5,0.29
6378,4.5,8.19,3.77,0.03,0.015,1.8,0.75
6379,283.1,8.83,6.09,0.044,0.011,8.0,2.87
6380,6.3,10.62,3.4,0.018,0.445,3.1,0.17
6381,172.1,18.43,8.5,0.122,0.832,1.6,0.55
6382,28.5,15.35,1.02,0.127,0.445,1.3,1.94
6383,4.4,12.43,2.52,0.458,0.042,6.3,2.47
6384,32.8,15.98,4.52,0.184,0.049,3.6,2.59
6385,9.8,12.0,6.99,0.032,0.215,7.5,1.72
6386,170.6,18.49,6.78,0.429,0.258,1.5,2.09
6387,114.0,19.24,4.09,0.04,0.015,3.9,2.56
6388,253.2,19.64,1.14,0.202,0.107,5.2,1.02
6389,20.5,8.74,9.34,0.152,0.032,5.1,2.15
6390,124.1,12.93,1.0,0.015,0.01,3.4,1.8
6391,105.4,11.22,1.54,0.03,0.169,3.0,1.98
6392,24.4,9.2,3.33,0.033,0.928,2.7,0.96
6393,29.5,10.6,4.25,0.296,0.019,5.0,0.2
6394,37.2,8.54,1.18,0.374,0.024,7.9,1.85
6395,14.7,10.18,4.04,0.084,0.135,5.2,2.71
6396,120.4,8.72,3.02,0.329,0.642,4.3,2.12
6397,69.7,8.54,1.24,0.135,0.14,2.3,2.53
6398,10.6,16.75,1.99,0.06,0.034,2.0,0.37
6399,113.4,10.5,5.52,0.011,0.042,1.2,2.63
6400,18.7,8.61,7.84,0.056,0.037,1.2,2.7
6401,55.7,14.68,2.12,0.386,0.336,3.7,1.81
6402,7.7,9.97,1.3,0.015,0.026,2.0,0.74
6403,7.2,10.04,5.94,0.049,0.118,3.8,1.75
6404,10.9,12.08,3.6,0.261,0.017,2.7,2.48
6405,6.7,9.57,2.19,0.02,0.949,1.1,1.64
6406,253.4,11.2,2.69,0.055,0.283,1.3,1.6
6407,55.9,11.4,1.92,0.295,0.55,3.6,2.79
6408,28.8,19.86,4.09,0.092,0.071,4.3,2.34
6409,3.3,9.31,6.11,0.181,0.38,2.6,0.13
6410,85.1,11.17,6.67,0.037,0.014,3.0,2.34
6411,207.2,8.89,2.62,0.169,0.54,1.2,0.35
6412,10.7,8.33,2.06,0.011,0.011,9.4,2.79
6413,35.3,18.02,6.39,0.01,0.051,5.7,0.96
6414,3.7,14.49,2.58,0.178,0.026,1.3,1.95
6415,13.6,9.75,1.61,0.013,0.014,1.5,0.83
6416,6.6,9.88,3.86,0.063,0.028,5.2,1.48
6417,217.3,10.11,1.01,0.308,0.459,3.2,1.79
6418,12.1,10.07,8.43,0.087,0.015,1.4,0.02
6419,202.6,18.59,1.3,0.056,0.242,4.7,2.13
6420,3.8,19.7,6.6,0.15,0.04,1.7,0.84
6421,55.2,16.56,9.76,0.407,0.139,1.9,0.78
6422,75.9,8.59,2.29,0.018,0.033,6.2,1.95
6423,85.0,19.25,9.46,0.037,0.892,2.2,1.34
6424,6.9,19.31,4.18,0.233,0.309,2.9,2.27
6425,3.2,8.59,1.01,0.19,0.017,1.0,1.43
6426,222.0,19.46,9.18,0.09,0.022,1.2,1.58
6427,11.7,9.08,2.49,0.305,0.019,6.4,1.61
6428,7.0,8.79,2.85,0.106,0.043,3.8,1.96
6429,40.3,17.93,1.33,0.021,0.023,3.3,0.18
6430,133.3,10.16,3.6,0.076,0.185,1.8,2.15
6431,8.5,12.25,3.17,0.115,0.09,1.3,2.41
6432,27.2,8.13,1.45,0.024,0.353,5.9,1.4
6433,79.9,8.37,4.58,0.02,0.154,1.3,2.53
6434,32.0,19.25,9.72,0.302,0.011,2.2,1.48
6435,46.2,15.53,4.37,0.056,0.031,1.9,0.68
6436,26.1,17.93,3.28,0.011,0.023,3.4,1.18
6437,7.3,19.14,2.61,0.053,0.046,6.0,0.34
6438,61.9,19.53,1.31,0.42,0.725,7.7,2.8
6439,11.1,12.74,1.08,0.231,0.612,1.5,1.39
6440,270.1,17.83,3.83,0.227,0.052,2.2,0.45
6441,141.4,18.52,3.77,0.016,0.087,1.8,0.07
6442,246.3,13.02,2.65,0.02,0.51,3.6,0.54
6443,4.5,14.75,2.96,0.145,0.019,5.2,2.93
6444,252.3,13.02,1.17,0.053,0.17,1.0,0.84
6445,142.9,13.17,7.78,0.091,0.718,2.6,2.1
6446,10.7,13.64,6.3,0.048,0.013,7.4,2.56
6447,3.5,12.12,1.22,0.408,0.552,1.4,0.67
6448,4.9,13.99,7.35,0.09,0.136,4.4,1.94
6449,7.0,8.99,3.36,0.083,0.049,5.9,2.51
6450,6.3,19.69,1.51,0.032,0.323,4.0,1.92
6451,46.7,10.01,6.03,0.463,0.065,7.9,0.37
6452,3.2,17.9,1.05,0.042,0.901,2.0,1.03
6453,182.6,13.84,1.4,0.022,0.115,8.9,0.7
6454,3.5,18.57,4.31,0.016,0.67,6.1,0.25
6455,34.3,9.04,1.37,0.031,0.466,4.5,0.46
6456,19.0,10.88,3.31,0.023,0.013,2.7,2.29
6457,26.0,14.58,1.61,0.031,0.38,3.0,1.04
6458,9.7,16.24,3.91,0.022,0.03,3.7,0.74
6459,5.4,8.47,8.62,0.112,0.3,3.4,1.02
6460,18.1,12.61,4.73,0.02,0.023,2.1,0.69
6461,20.9,16.58,4.49,0.016,0.36,6.5,1.03
6462,225.2,14.92,2.13,0.182,0.443,8.6,2.69
6463,22.8,19.22,6.02,0.019,0.071,2.6,1.47
6464,4.8,15.94,2.4,0.161,0.058,2.5,0.95
6465,41.7,16.11,2.32,0.392,0.055,8.5,0.9
6466,8.2,11.59,3.31,0.02,0.012,3.4,1.62
6467,154.9,18.4,8.14,0.087,0.058,2.3,0.98
6468,166.5,15.72,5.13,0.034,0.211,2.9,1.51
6469,61.2,9.13,6.81,0.011,0.357,9.8,2.71
6470,49.2,14.0,1.28,0.266,0.026,2.1,1.57
6471,160.2,17.34,3.45,0.013,0.032,2.5,2.2
6472,11.6,19.82,6.25,0.029,0.558,2.1,2.68
6473,87.2,10.55,2.81,0.021,0.016,2.7,1.69
6474,91.6,10.71,1.17,0.035,0.963,7.8,2.89
6475,93.3,13.77,5.37,0.048,0.068,1.6,0.87
6476,3.8,8.73,1.21,0.016,0.026,2.8,0.97
6477,204.4,16.9,2.55,0.202,0.066,3.8,2.59
6478,236.1,11.5,5.96,0.151,0.367,1.0,1.28
6479,12.3,14.23,2.15,0.038,0.066,1.3,1.39
6480,58.6,8.17,6.98,0.069,0.72,2.3,1.53
6481,8.5,19.79,2.36,0.043,0.038,3.3,1.29
6482,9.3,14.47,8.63,0.225,0.073,9.1,1.19
6483,197.8,13.25,6.03,0.169,0.957,6.6,2.82
6484,281.6,18.94,2.99,0.068,0.026,1.0,2.08
6485,74.3,9.92,3.04,0.011,0.069,1.4,1.31
6486,110.2,18.05,1.11,0.037,0.043,9.9,2.69
6487,64.8,12.0,7.78,0.47,0.012,1.9,1.56
6488,3.8,10.76,6.03,0.366,0.058,5.8,1.25
6489,4.3,11.28,5.17,0.348,0.994,1.6,0.53
6490,7.0,8.5,7.07,0.289,0.623,2.8,0.29
6491,40.7,11.55,2.3,0.012,0.567,4.0,2.03
6492,64.4,19.33,2.38,0.032,0.371,1.0,1.74
6493,94.2,17.72,2.66,0.035,0.327,1.7,1.68
6494,59.0,18.37,4.08,0.096,0.25,2.3,0.36
6495,4.5,9.37,5.99,0.121,0.012,2.1,2.04
6496,25.7,17.27,1.13,0.218,0.138,4.6,2.23
6497,10.1,15.93,2.08,0.478,0.033,2.8,1.08
6498,116.4,14.62,2.59,0.034,0.022,6.0,0.48
6499,6.4,9.7,2.19,0.065,0.032,3.5,0.29
6500,212.6,19.14,5.61,0.38,0.681,1.0,2.04
6501,66.4,15.78,1.84,0.384,0.33,1.3,2.81
6502,5.2,9.39,2.82,0.159,0.582,8.1,2.2
6503,58.8,8.83,2.53,0.024,0.11,9.7,1.07
6504,5.3,17.15,3.96,0.349,0.018,6.6,2.45
6505,6.7,10.03,2.95,0.266,0.112,1.2,2.5
6506,3.3,14.33,7.76,0.026,0.166,2.6,1.61
6507,4.4,8.84,7.1,0.07,0.386,3.8,0.47
6508,48.4,16.59,1.29,0.043,0.426,3.1,1.51
6509,4.3,8.91,1.66,0.382,0.529,4.2,1.07
6510,3.6,14.24,7.73,0.246,0.195,4.7,1.92
6511,49.9,8.07,1.13,0.011,0.03,1.1,0.04
6512,153.1,10.56,9.19,0.041,0.14,4.2,1.59
6513,30.1,8.96,3.66,0.053,0.269,1.3,0.28
6514,4.0,8.2,5.47,0.365,0.349,2.0,1.42
6515,8.8,16.35,3.57,0.182,0.171,5.4,2.84
6516,16.4,13.26,2.51,0.479,0.34,1.6,1.55
6517,22.8,18.21,5.52,0.148,0.054,2.0,0.12
6518,57.5,12.28,2.59,0.185,0.05,4.2,1.92
6519,235.7,15.4,1.41,0.107,0.668,3.9,0.1
6520,7.9,18.04,1.47,0.049,0.021,6.6,2.06
6521,52.9,12.3,2.14,0.294,0.326,2.4,1.57
6522,96.2,8.27,2.27,0.043,0.421,1.7,2.34
6523,11.5,19.08,2.55,0.391,0.41,4.5,1.36
6524,5.0,15.27,4.03,0.016,0.025,3.3,1.05
6525,88.1,9.72,7.32,0.053,0.497,2.0,0.35
6526,291.4,19.26,1.28,0.27,0.128,8.3,1.4
6527,101.1,9.86,3.12,0.034,0.029,1.8,2.92
6528,44.5,12.41,4.74,0.48,0.256,2.1,1.9
6529,7.2,8.48,4.2,0.105,0.037,4.7,2.1
6530,244.2,11.53,2.44,0.02,0.474,4.8,0.07
6531,10.3,11.7,9.48,0.054,0.371,4.1,0.79
6532,228.4,8.13,2.37,0.012,0.147,9.7,0.67
6533,111.6,16.55,1.28,0.026,0.247,1.6,0.34
6534,35.6,8.74,3.18,0.165,0.074,3.6,2.81
6535,38.4,19.94,1.95,0.069,0.012,2.0,2.6
6536,243.8,17.22,8.37,0.092,0.069,9.0,0.27
6537,27.6,13.11,1.7,0.018,0.181,6.4,1.48
6538,9.8,11.28,3.74,0.018,0.149,1.6,0.48
6539,5.7,10.81,1.8,0.014,0.084,4.2,2.78
6540,26.6,11.75,1.38,0.102,0.074,9.1,1.09
6541,22.9,10.06,9.67,0.05,0.011,1.4,1.7
6542,66.1,12.38,3.17,0.164,0.229,9.8,0.89
6543,162.0,14.54,3.31,0.013,0.29,1.4,1.24
6544,61.5,13.25,2.56,0.028,0.398,4.5,0.42
6545,27.4,16.93,2.08,0.131,0.034,2.9,2.92
6546,13.2,19.15,4.5,0.174,0.144,3.2,0.49
6547,8.9,11.42,3.08,0.012,0.095,4.0,0.75
6548,149.8,11.8,2.82,0.016,0.204,4.1,0.33
6549,85.9,13.56,2.89,0.025,0.859,9.5,2.65
6550,8.4,18.52,1.24,0.021,0.222,9.2,2.61
6551,7.0,9.31,7.35,0.015,0.33,2.5,1.88
6552,70.8,18.02,1.81,0.012,0.394,6.6,2.6
6553,18.6,9.06,8.04,0.011,0.304,1.4,2.48
6554,275.4,13.47,9.34,0.195,0.238,3.0,0.1
6555,9.3,12.64,4.44,0.016,0.047,1.5,1.46
6556,198.1,13.18,7.88,0.019,0.037,4.6,1.35
6557,193.2,11.88,5.46,0.071,0.661,4.8,1.81
6558,15.3,8.21,3.4,0.279,0.679,4.6,1.54
6559,238.0,10.11,3.22,0.433,0.616,2.2,2.87
6560,16.6,18.61,2.23,0.034,0.052,6.3,1.01
6561,12.0,11.09,4.13,0.31,0.365,4.7,1.28
6562,6.3,13.1,3.52,0.183,0.69,8.1,1.58
6563,16.7,17.02,1.13,0.036,0.033,1.2,0.06
6564,14.8,14.8,1.15,0.135,0.313,1.2,1.97
6565,46.2,10.75,9.18,0.131,0.859,3.2,2.34
6566,25.9,10.77,1.7,0.07,0.376,2.6,1.32
6567,8.6,13.76,4.15,0.183,0.562,1.9,0.25
6568,76.6,11.57,1.1,0.096,0.02,1.7,2.18
6569,65.5,11.59,1.23,0.315,0.032,1.5,2.3
6570,139.8,12.77,1.69,0.212,0.07,7.0,2.16
6571,7.2,9.49,3.39,0.186,0.027,9.5,1.7
6572,131.4,11.93,5.35,0.014,0.247,2.4,0.42
6573,63.0,10.57,2.99,0.013,0.02,7.1,1.58
6574,25.8,10.54,4.37,0.293,0.01,1.5,0.01
6575,6.8,12.95,4.96,0.013,0.427,7.4,0.23
6576,151.6,9.14,4.79,0.012,0.29,3.7,0.62
6577,64.5,16.18,1.65,0.097,0.044,1.5,1.3
6578,48.7,13.66,1.52,0.011,0.078,6.1,0.79
6579,125.7,8.72,4.97,0.036,0.628,2.6,1.32
6580,11.6,13.22,3.51,0.146,0.115,4.6,0.7
6581,8.5,14.09,1.82,0.167,0.029,1.1,0.27
6582,73.3,9.7,2.73,0.066,0.019,1.0,2.69
6583,32.3,15.81,1.86,0.037,0.077,1.6,2.16
6584,155.6,15.29,7.33,0.03,0.01,1.0,2.58
6585,48.7,12.29,7.85,0.014,0.621,7.8,0.45
6586,185.6,17.3,2.79,0.197,0.17,6.7,0.8
6587,28.7,13.11,2.45,0.055,0.054,4.4,0.57
6588,7.0,8.15,1.7,0.086,0.297,9.9,0.8
6589,83.1,13.34,2.79,0.024,0.402,2.6,2.87
6590,13.2,17.42,1.53,0.037,0.039,2.7,1.59
6591,22.6,14.89,9.89,0.038,0.122,1.4,2.21
6592,8.4,17.03,3.53,0.489,0.059,4.2,0.94
6593,34.7,15.59,1.56,0.111,0.119,2.2,2.91
6594,296.3,8.22,6.87,0.094,0.119,5.9,0.9
6595,52.6,19.25,1.18,0.023,0.541,1.7,0.83
6596,3.2,12.63,1.9,0.071,0.047,7.4,0.12
6597,6.6,8.98,1.11,0.043,0.218,2.4,2.78
6598,148.7,11.93,5.69,0.029,0.027,5.3,2.9
6599,245.6,16.82,2.15,0.017,0.011,5.1,2.75
6600,7.0,10.73,1.56,0.336,0.082,8.6,0.44
6601,81.0,9.01,2.24,0.177,0.094,9.0,0.99
6602,148.9,9.65,1.03,0.018,0.898,1.1,0.23
6603,240.0,18.07,2.32,0.011,0.022,2.1,1.7
6604,37.5,15.08,9.36,0.01,0.295,9.1,1.22
6605,10.2,10.89,1.44,0.292,0.156,2.7,2.59
6606,5.6,15.06,4.45,0.173,0.023,1.1,1.98
6607,4.5,13.06,7.63,0.088,0.174,1.2,2.65
6608,20.7,19.4,7.32,0.017,0.106,10.0,1.06
6609,3.9,12.99,1.84,0.135,0.047,4.3,1.75
6610,22.0,9.72,4.62,0.028,0.016,1.2,1.93
6611,66.8,12.47,3.77,0.111,0.128,4.3,0.47
6612,32.2,11.85,1.4,0.3,0.736,1.6,2.59
6613,6.8,18.36,2.19,0.189,0.065,3.8,0.24
6614,154.0,8.2,1.25,0.445,0.096,1.7,2.59
6615,9.5,8.04,2.97,0.018,0.041,2.6,1.96
6616,6.9,18.71,1.23,0.494,0.118,2.4,1.26
6617,78.6,16.37,3.15,0.044,0.3,6.4,0.44
6618,11.6,17.31,2.7,0.012,0.126,3.7,2.42
6619,117.1,11.14,3.56,0.156,0.1,3.6,2.8
6620,24.2,10.86,1.3,0.035,0.194,8.9,0.54
6621,44.5,11.31,3.18,0.233,0.064,1.6,0.87
6622,289.8,10.37,5.25,0.023,0.228,4.8,1.42
6623,138.3,19.56,4.2,0.016,0.162,1.1,0.51
6624,15.0,8.52,3.33,0.244,0.16,7.2,2.82
6625,192.6,8.73,2.43,0.224,0.101,1.5,1.25
6626,10.2,10.48,8.58,0.462,0.054,3.3,0.55
6627,137.2,14.32,6.16,0.042,0.013,5.7,2.23
6628,8.2,15.12,5.01,0.125,0.013,4.1,2.64
6629,96.5,16.66,3.9,0.012,0.128,5.5,0.17
6630,4.8,11.45,2.0,0.011,0.907,4.3,1.74
6631,10.7,11.4,2.84,0.143,0.512,3.8,2.0
6632,21.8,13.03,2.49,0.233,0.014,3.1,1.55
6633,6.5,16.34,2.61,0.047,0.715,3.7,0.19
6634,5.4,14.08,1.39,0.056,0.598,1.1,0.28
6635,10.2,10.32,3.72,0.047,0.133,8.3,0.89
6636,173.8,8.55,1.51,0.475,0.638,1.7,1.49
6637,62.0,15.28,7.7,0.135,0.302,1.7,0.29
6638,141.3,11.38,5.21,0.019,0.022,1.1,1.8
6639,10.8,10.61,7.74,0.046,0.133,1.3,2.81
6640,7.9,10.91,9.62,0.013,0.347,8.7,0.01
6641,113.1,19.17,1.55,0.021,0.41,4.2,1.19
6642,6.7,18.21,6.84,0.031,0.19,10.0,0.41
6643,256.3,18.28,2.76,0.085,0.671,9.9,2.3
6644,18.5,17.03,1.45,0.152,0.266,2.8,0.58
6645,197.5,17.28,1.31,0.068,0.541,1.1,1.38
6646,42.7,17.44,3.8,0.013,0.017,1.6,1.49
6647,4.0,12.99,1.09,0.041,0.011,2.5,2.8
6648,22.9,10.22,2.54,0.165,0.014,3.1,2.1
6649,3.4,17.34,2.1,0.022,0.14,1.9,0.89
6650,150.3,12.17,1.79,0.183,0.027,2.7,1.2
6651,5.6,13.37,1.09,0.014,0.038,2.9,2.08
6652,7.5,17.77,3.37,0.391,0.046,3.3,2.76
6653,9.4,10.33,4.59,0.027,0.191,3.9,1.58
6654,5.3,12.13,3.92,0.058,0.772,1.5,0.81
6655,27.4,10.23,2.33,0.261,0.225,6.5,0.4
6656,16.8,12.27,6.07,0.458,0.032,8.2,1.23
6657,117.0,8.64,1.19,0.35,0.561,1.2,0.19
6658,46.5,14.93,5.93,0.125,0.719,1.8,2.39
6659,138.6,11.33,1.14,0.012,0.014,1.6,2.42
6660,22.5,10.52,5.87,0.022,0.154,6.2,1.63
6661,3.2,19.12,5.06,0.044,0.012,4.6,0.19
6662,15.9,17.24,5.47,0.02,0.038,1.6,2.93
6663,20.1,10.35,1.93,0.023,0.485,7.0,1.26
6664,44.3,9.73,2.8,0.04,0.044,2.7,1.31
6665,232.0,17.03,2.24,0.326,0.073,2.9,1.75
6666,7.1,9.4,6.95,0.203,0.284,1.0,1.82
6667,141.0,14.61,1.15,0.121,0.028,2.8,2.11
6668,107.3,8.97,6.48,0.136,0.016,2.3,2.8
6669,12.3,11.84,2.71,0.39,0.302,1.4,2.03
6670,101.0,13.11,1.48,0.34,0.018,8.1,0.65
6671,144.5,10.67,2.54,0.068,0.22,1.3,2.37
6672,174.1,8.38,3.73,0.257,0.206,2.3,2.23
6673,11.4,9.85,3.15,0.071,0.317,3.9,1.57
6674,176.7,9.67,2.62,0.267,0.173,1.0,0.29
6675,5.3,9.26,7.77,0.146,0.101,4.0,1.91
6676,46.8,9.11,2.66,0.044,0.056,2.4,2.7
6677,56.2,12.31,1.51,0.029,0.197,1.6,0.58
6678,147.1,17.19,7.68,0.413,0.015,2.8,0.2
6679,21.1,16.26,2.56,0.078,0.064,7.0,1.0
6680,5.1,9.11,3.4,0.022,0.04,1.9,1.44
6681,113.2,14.92,2.89,0.036,0.673,1.6,0.04
6682,6.4,9.21,8.74,0.036,0.011,7.8,2.26
6683,12.6,19.09,2.4,0.033,0.076,1.4,1.31
6684,220.7,15.65,7.16,0.055,0.392,3.2,1.87
6685,255.9,11.27,2.16,0.044,0.033,2.1,2.73
6686,7.7,13.09,4.95,0.213,0.04,8.8,0.69
6687,3.2,12.12,1.43,0.186,0.056,8.0,2.26
6688,194.0,14.65,1.15,0.465,0.421,3.0,1.69
6689,111.0,9.52,3.05,0.012,0.519,6.4,2.22
6690,11.6,9.26,4.69,0.017,0.446,5.4,2.32
6691,31.4,14.1,2.01,0.261,0.977,6.8,2.15
6692,92.4,10.62,5.03,0.038,0.024,5.5,2.15
6693,19.0,11.71,1.37,0.013,0.424,2.9,2.75
6694,3.1,15.36,2.72,0.341,0.444,1.6,0.26
6695,48.2,19.52,1.22,0.017,0.048,2.7,2.51
6696,3.9,17.01,3.69,0.037,0.594,5.5,2.74
6697,31.7,17.98,1.73,0.118,0.088,1.0,1.13
6698,3.5,12.62,2.6,0.092,0.137,2.2,1.85
6699,127.8,10.68,3.64,0.053,0.636,1.2,2.71
6700,5.8,13.18,4.96,0.152,0.428,2.1,0.1
6701,4.1,13.93,6.93,0.144,0.543,7.6,0.46
6702,277.8,19.32,1.04,0.123,0.652,1.1,0.11
6703,4.0,14.51,1.96,0.016,0.036,2.3,0.3
6704,9.1,18.32,1.04,0.252,0.056,1.2,0.24
6705,76.3,8.02,5.82,0.011,0.435,1.6,2.66
6706,22.2,16.89,1.7,0.093,0.06,4.3,2.09
6707,79.9,9.46,9.16,0.015,0.327,2.4,1.49
6708,36.1,17.77,3.09,0.02,0.037,6.4,1.5
6709,29.2,15.22,8.5,0.053,0.081,2.7,1.73
6710,82.6,12.62,2.1,0.156,0.018,6.3,1.7
6711,6.7,15.86,2.23,0.074,0.141,2.0,2.78
6712,77.4,15.31,4.25,0.012,0.011,2.9,1.19
6713,11.3,16.32,4.05,0.438,0.011,1.4,2.07
6714,173.0,8.01,1.16,0.063,0.704,8.7,1.16
6715,50.6,12.34,1.38,0.049,0.255,5.8,1.55
6716,4.4,13.33,1.69,0.074,0.082,3.1,1.43
6717,35.2,10.32,1.29,0.338,0.456,2.7,1.08
6718,10.0,12.82,6.5,0.334,0.869,1.7,2.4
6719,279.6,13.17,3.58,0.05,0.182,1.9,0.7
6720,175.5,15.7,1.77,0.023,0.689,6.0,1.85
6721,4.5,8.63,1.94,0.024,0.011,1.0,1.16
6722,10.7,13.32,2.79,0.094,0.287,6.3,0.17
6723,4.9,9.06,6.33,0.017,0.033,3.1,1.42
6724,14.6,14.52,1.32,0.238,0.159,2.9,0.87
6725,20.7,19.47,4.22,0.011,0.116,2.6,1.13
6726,39.0,8.23,6.62,0.088,0.992,2.3,1.44
6727,190.4,13.63,8.65,0.061,0.026,7.1,2.23
6728,11.3,8.88,3.47,0.074,0.484,4.2,1.94
6729,3.7,12.09,1.76,0.019,0.021,7.4,0.36
6730,140.0,12.0,4.08,0.489,0.258,4.2,0.16
6731,3.5,18.83,1.35,0.089,0.549,1.7,0.27
6732,170.7,8.61,5.51,0.359,0.025,6.9,0.1
6733,11.8,19.63,4.21,0.03,0.202,7.3,1.25
6734,18.2,15.65,6.41,0.248,0.167,8.4,0.77
6735,15.1,18.99,3.21,0.046,0.108,1.8,0.67
6736,114.7,10.09,1.75,0.177,0.424,1.9,2.18
6737,30.1,11.51,2.33,0.015,0.032,2.1,1.4
6738,170.3,9.97,1.63,0.091,0.293,2.9,0.81
6739,66.9,13.23,5.92,0.076,0.028,1.8,1.6
6740,136.9,14.8,9.12,0.028,0.353,2.6,2.61
6741,107.7,13.01,4.97,0.148,0.013,8.0,0.81
6742,168.3,8.18,4.19,0.019,0.014,4.1,2.56
6743,83.9,15.49,9.85,0.105,0.22,3.2,0.16
6744,46.6,10.88,1.04,0.021,0.052,2.9,2.2
6745,3.6,13.73,2.17,0.1,0.13,4.0,1.49
6746,7.5,8.84,5.71,0.07,0.45,2.3,2.15
6747,5.5,8.11,4.48,0.094,0.011,3.2,1.85
6748,271.8,11.66,3.77,0.1,0.754,1.1,2.01
6749,108.9,15.33,4.5,0.188,0.01,3.2,1.08
6750,69.1,15.46,1.33,0.017,0.11,2.4,0.52
6751,6.0,15.05,7.0,0.012,0.068,4.3,1.7
6752,12.1,9.99,2.93,0.01,0.029,7.3,2.03
6753,42.4,14.54,1.95,0.035,0.01,3.5,2.51
6754,47.5,13.1,6.52,0.017,0.127,2.0,2.48
6755,66.4,17.64,2.09,0.081,0.4,3.8,1.7
6756,38.0,17.1,6.31,0.062,0.011,1.4,2.76
6757,242.6,15.78,2.68,0.014,0.212,1.7,1.68
6758,39.1,8.37,1.86,0.031,0.032,1.0,1.56
6759,77.1,8.44,3.47,0.059,0.032,3.5,0.47
6760,3.8,17.61,1.5,0.048,0.01,2.8,2.59
6761,119.3,10.72,6.25,0.019,0.017,2.9,0.94
6762,285.4,12.5,4.32,0.04,0.217,1.2,0.92
6763,8.0,9.62,9.38,0.036,0.763,1.4,0.41
6764,132.6,19.11,1.6,0.017,0.217,2.9,0.82
6765,47.9,9.89,1.13,0.051,0.133,7.8,2.29
6766,9.9,10.94,4.49,0.024,0.979,5.3,2.59
6767,17.9,11.65,7.02,0.228,0.091,5.6,1.79
6768,11.7,16.74,2.51,0.191,0.063,1.9,1.64
6769,12.8,17.71,1.39,0.099,0.184,4.8,2.9
6770,8.6,18.67,5.51,0.013,0.077,1.1,2.25
6771,3.1,9.16,4.28,0.047,0.143,5.6,0.3
6772,112.2,15.31,7.86,0.011,0.017,1.3,2.45
6773,48.2,16.5,7.51,0.077,0.034,3.0,1.34
6774,49.9,10.29,4.01,0.242,0.924,1.5,0.0
6775,216.0,16.54,2.02,0.194,0.127,2.4,0.81
6776,129.6,11.7,2.2,0.045,0.978,6.0,2.83
6777,16.5,11.67,4.28,0.031,0.103,2.6,1.59
6778,45.2,13.36,6.34,0.203,0.011,1.6,0.38
6779,100.8,16.7,1.79,0.174,0.022,2.1,0.85
6780,251.0,17.58,1.21,0.028,0.209,5.3,1.59
6781,66.7,12.56,2.0,0.178,0.739,6.8,1.23
6782,127.4,11.44,3.05,0.012,0.02,1.0,2.48
6783,3.1,8.09,3.5,0.021,0.057,6.8,0.21
6784,73.5,11.27,2.59,0.019,0.286,8.0,0.04
6785,3.4,10.48,3.98,0.01,0.847,3.1,0.27
6786,85.2,11.28,2.45,0.201,0.181,1.2,0.03
6787,21.5,11.62,5.61,0.09,0.488,7.9,0.67
6788,19.3,17.56,2.35,0.018,0.021,3.2,1.6
6789,17.4,11.3,3.22,0.013,0.053,2.4,1.6
6790,14.9,15.3,1.65,0.179,0.48,1.6,0.66
6791,22.2,10.9,1.35,0.033,0.156,1.3,0.7
6792,18.8,11.96,6.48,0.057,0.955,6.1,2.7
6793,14.7,8.64,7.48,0.073,0.02,1.2,2.78
6794,42.3,8.52,8.36,0.029,0.076,4.8,1.75
6795,11.2,14.45,5.42,0.022,0.114,8.8,2.88
6796,4.4,10.44,5.47,0.198,0.017,4.5,2.94
6797,9.2,9.63,9.16,0.025,0.773,4.2,1.0
6798,23.1,8.52,5.27,0.058,0.261,5.8,0.81
6799,36.1,9.3,1.3,0.026,0.031,5.4,2.8
6800,82.0,14.19,1.47,0.195,0.803,2.1,1.09
6801,15.0,8.9,6.13,0.013,0.873,3.2,1.71
6802,84.0,11.18,1.23,0.114,0.058,1.4,1.1
6803,22.6,15.74,7.94,0.141,0.026,1.3,0.96
6804,7.8,14.19,5.08,0.042,0.733,5.8,1.02
6805,5.9,10.56,1.16,0.221,0.729,4.0,0.13
6806,4.3,17.89,9.11,0.014,0.048,3.5,0.04
6807,4.5,11.1,3.81,0.022,0.029,1.1,2.18
6808,60.8,11.8,1.33,0.015,0.614,9.8,1.82
6809,16.6,10.05,1.37,0.201,0.055,5.8,2.05
6810,3.9,16.5,2.51,0.234,0.43,1.1,0.25
6811,78.2,10.24,1.13,0.063,0.077,5.2,2.05
6812,4.8,13.83,8.1,0.055,0.764,5.3,1.5
6813,5.4,15.71,2.75,0.025,0.6,2.4,1.78
6814,41.1,15.79,1.74,0.475,0.019,3.6,1.7
6815,5.8,10.44,2.1,0.052,0.742,1.3,0.76
6816,14.7,8.13,1.23,0.018,0.066,7.7,2.55
6817,15.8,12.77,1.9,0.14,0.376,1.7,0.02
6818,3.1,17.44,2.87,0.027,0.024,5.2,1.97
6819,15.9,17.19,3.69,0.016,0.056,1.7,0.71
6820,28.9,8.17,9.72,0.048,0.302,6.9,2.35
6821,159.6,10.99,8.69,0.385,0.126,1.7,0.44
6822,136.9,9.98,2.45,0.022,0.23,2.2,1.86
6823,3.0,16.75,1.81,0.046,0.025,2.6,1.52
6824,12.4,9.84,6.73,0.132,0.165,8.2,2.57
6825,90.6,10.41,1.05,0.013,0.107,7.0,2.5
6826,87.0,11.99,1.13,0.132,0.088,1.1,1.62
6827,41.8,17.72,1.06,0.159,0.248,2.2,0.21
6828,114.8,8.55,6.17,0.074,0.241,4.8,2.21
6829,102.2,15.16,2.13,0.073,0.454,1.4,2.83
6830,166.6,9.74,1.63,0.065,0.014,4.1,0.08
6831,40.6,8.79,3.63,0.169,0.038,5.5,1.87
6832,288.4,17.7,6.64,0.087,0.125,1.5,0.3
6833,8.8,18.45,2.32,0.075,0.063,1.2,0.4
6834,3.1,8.26,4.83,0.016,0.313,2.4,0.56
6835,5.2,11.59,2.09,0.072,0.163,2.6,2.2
6836,156.2,17.32,1.58,0.066,0.324,3.8,0.2
6837,55.8,12.12,6.05,0.411,0.148,4.1,0.45
6838,159.4,16.35,8.19,0.038,0.064,5.6,2.11
6839,5.4,18.77,1.1,0.104,0.094,8.4,0.28
6840,8.7,10.95,7.15,0.043,0.118,1.9,1.59
6841,69.1,15.24,2.57,0.319,0.653,1.9,2.52
6842,255.6,11.52,2.21,0.024,0.024,3.1,1.21
6843,133.0,15.3,6.25,0.026,0.018,5.4,2.81
6844,14.9,9.64,5.51,0.422,0.424,8.9,1.74
6845,108.5,15.13,5.63,0.322,0.106,3.2,1.88
6846,19.5,8.58,3.02,0.017,0.015,2.3,0.48
6847,241.3,8.21,7.84,0.019,0.504,1.9,1.95
6848,59.8,15.99,5.58,0.272,0.063,2.6,0.53
6849,6.1,15.0,4.13,0.373,0.012,2.1,0.64
6850,3.6,9.05,7.81,0.147,0.012,1.1,0.04
6851,130.7,19.06,7.66,0.135,0.025,4.9,1.78
6852,99.0,14.88,2.27,0.026,0.361,1.5,2.27
6853,6.0,17.48,1.06,0.039,0.019,5.2,1.77
6854,11.2,10.52,2.29,0.127,0.556,6.4,1.57
6855,6.7,8.62,4.25,0.113,0.013,9.5,2.4
6856,208.1,10.91,4.19,0.019,0.3,1.3,2.93
6857,5.9,10.4,6.77,0.073,0.085,7.0,2.02
6858,97.6,13.34,8.07,0.305,0.512,6.4,1.83
6859,112.7,13.86,3.5,0.018,0.05,1.3,2.79
6860,16.6,10.55,9.7,0.069,0.202,2.4,0.52
6861,43.0,10.62,7.24,0.014,0.324,5.8,0.33
6862,6.1,17.22,1.98,0.031,0.013,4.2,2.84
6863,233.7,11.28,6.3,0.044,0.013,4.8,0.76
6864,12.5,15.48,1.76,0.029,0.09,5.2,0.72
6865,21.2,11.66,3.36,0.362,0.075,6.8,2.19
6866,15.8,12.92,2.56,0.447,0.149,4.6,0.24
6867,14.5,12.87,1.51,0.36,0.077,3.4,2.64
6868,17.8,17.14,2.87,0.037,0.062,1.2,2.9
6869,90.9,17.83,1.47,0.257,0.499,7.5,0.85
6870,75.9,8.39,1.71,0.321,0.023,4.3,2.74
6871,76.8,13.49,1.53,0.124,0.589,6.0,0.93
6872,180.8,8.73,1.22,0.121,0.306,1.1,2.38
6873,289.7,17.1,1.88,0.067,0.408,3.6,0.6
6874,96.0,10.62,7.66,0.043,0.013,3.2,2.62
6875,33.3,9.44,6.61,0.116,0.051,8.8,2.12
6876,6.4,8.64,2.21,0.09,0.394,1.9,0.75
6877,57.2,9.02,9.29,0.045,0.05,3.1,0.46
6878,12.0,8.14,6.71,0.412,0.028,1.1,0.13
6879,16.2,12.11,3.08,0.185,0.638,2.3,0.1
6880,240.4,9.21,5.13,0.018,0.359,1.4,1.02
6881,78.3,19.41,6.79,0.074,0.396,6.4,0.31
6882,55.9,11.53,1.63,0.117,0.449,8.7,1.65
6883,63.8,13.18,3.14,0.112,0.04,3.1,0.91
6884,32.6,15.94,7.05,0.078,0.151,8.0,0.87
6885,33.0,16.28,4.28,0.011,0.107,8.9,1.12
6886,132.0,15.2,1.08,0.075,0.037,2.4,0.05
6887,15.1,10.56,7.76,0.05,0.089,2.3,2.1
6888,10.9,8.09,1.05,0.024,0.028,7.2,1.91
6889,67.7,8.8,9.94,0.063,0.013,2.8,1.23
6890,8.8,8.78,1.83,0.063,0.347,3.2,0.9
6891,16.7,11.9,1.31,0.19,0.052,8.8,1.94
6892,50.4,11.04,4.02,0.247,0.774,8.6,2.55
6893,31.0,15.79,2.79,0.014,0.081,1.7,0.86
6894,4.6,16.1,1.4,0.036,0.041,9.6,2.91
6895,150.0,9.67,3.74,0.039,0.058,1.4,0.02
6896,8.5,14.02,1.32,0.376,0.227,8.9,1.97
6897,233.9,17.3,2.2,0.02,0.027,1.1,1.53
6898,122.9,13.54,3.61,0.088,0.011,5.3,2.87
6899,24.0,10.33,8.27,0.182,0.098,4.7,0.37
6900,179.4,11.55,2.43,0.262,0.962,3.9,0.8
6901,36.9,10.18,4.19,0.018,0.689,6.1,1.06
6902,265.1,9.56,3.18,0.012,0.971,5.6,1.27
6903,4.4,10.34,7.95,0.027,0.801,4.5,1.21
6904,4.9,11.48,7.87,0.025,0.34,6.7,0.48
6905,298.4,14.79,1.81,0.479,0.019,1.8,1.36
6906,14.0,11.1,3.59,0.012,0.014,8.9,1.37
6907,130.7,13.44,1.86,0.037,0.024,4.9,1.84
6908,28.3,11.81,9.72,0.184,0.671,8.9,0.23
6909,3.3,8.25,8.97,0.411,0.306,6.8,0.7
6910,20.9,10.76,3.61,0.049,0.237,2.8,2.19
6911,188.0,14.8,2.83,0.368,0.273,1.2,1.53
6912,12.9,17.73,4.65,0.024,0.518,1.2,1.88
6913,60.9,13.84,3.34,0.014,0.04,1.6,2.7
6914,3.8,19.89,6.85,0.044,0.014,3.0,1.4
6915,13.3,17.76,1.2,0.077,0.013,3.9,0.2
6916,10.2,13.17,4.45,0.042,0.034,1.1,1.76
6917,140.8,9.61,4.37,0.015,0.829,4.8,0.04
6918,22.2,12.58,6.93,0.109,0.221,8.2,2.42
6919,9.4,18.36,1.29,0.053,0.029,3.0,0.26
6920,8.6,9.58,3.71,0.019,0.188,5.0,2.67
6921,102.6,8.98,1.25,0.063,0.028,2.6,2.49
6922,228.8,12.68,7.03,0.178,0.013,1.4,2.55
6923,279.5,18.54,3.96,0.492,0.086,4.8,1.77
6924,43.5,18.02,5.27,0.048,0.121,1.1,1.66
6925,6.6,8.03,2.58,0.017,0.038,2.0,1.44
6926,125.4,18.96,6.11,0.043,0.175,5.2,0.29
6927,3.2,11.53,1.21,0.103,0.074,2.5,1.63
6928,11.6,12.32,1.94,0.133,0.318,3.4,2.55
6929,4.5,17.85,3.57,0.011,0.071,3.2,0.07
6930,13.6,14.98,5.23,0.066,0.196,1.1,1.75
6931,203.6,16.04,2.17,0.137,0.126,1.5,0.72
6932,60.8,19.41,8.45,0.236,0.631,8.3,0.9
6933,135.3,19.27,3.88,0.199,0.125,3.7,1.5
6934,9.8,11.42,1.42,0.238,0.013,1.2,0.5
6935,26.4,8.09,3.29,0.022,0.019,4.7,0.69
6936,101.8,15.89,7.73,0.035,0.015,3.9,2.36
6937,50.1,12.53,4.14,0.352,0.017,1.2,1.97
6938,3.6,9.4,1.14,0.086,0.26,7.3,2.78
6939,121.7,13.17,1.28,0.428,0.072,6.7,2.59
6940,13.0,11.02,3.1,0.018,0.014,1.7,0.17
6941,12.1,8.72,3.01,0.016,0.023,4.4,0.79
6942,3.5,15.85,1.71,0.022,0.024,1.8,2.51
6943,23.9,16.99,7.51,0.039,0.126,8.9,1.8
6944,4.3,8.32,2.19,0.094,0.118,3.0,0.57
6945,119.4,12.34,3.45,0.066,0.056,6.3,1.85
6946,7.2,15.73,5.1,0.048,0.264,3.7,1.57
6947,34.6,11.55,2.81,0.134,0.172,1.1,1.09
6948,274.3,13.35,3.74,0.054,0.03,1.2,0.4
6949,3.9,15.96,3.09,0.013,0.046,7.1,1.81
6950,9.2,12.68,2.23,0.107,0.224,3.0,1.17
6951,11.4,11.93,1.24,0.138,0.026,5.7,0.51
6952,15.8,18.0,2.08,0.388,0.064,8.8,0.13
6953,15.6,14.24,2.26,0.08,0.019,4.7,1.67
6954,45.8,16.94,9.71,0.015,0.024,2.9,1.74
6955,6.4,8.34,5.29,0.135,0.206,3.9,0.41
6956,18.6,18.12,1.08,0.497,0.063,2.9,1.81
6957,81.9,18.58,6.81,0.15,0.237,2.4,2.14
6958,33.1,15.7,3.04,0.138,0.02,2.7,0.95
6959,57.2,12.22,5.21,0.104,0.021,7.5,2.63
6960,151.1,12.52,1.21,0.474,0.013,2.1,0.84
6961,192.2,14.2,3.75,0.076,0.15,8.0,1.85
6962,15.9,10.92,1.33,0.058,0.036,8.0,1.59
6963,17.3,18.78,7.94,0.111,0.062,4.5,2.71
6964,125.4,9.79,9.98,0.025,0.089,8.5,1.45
6965,43.4,10.61,1.61,0.206,0.109,1.5,2.89
6966,58.0,15.91,4.77,0.03,0.047,7.5,2.52
6967,292.4,10.12,1.11,0.234,0.252,3.0,1.93
6968,4.3,8.36,1.03,0.028,0.12,2.3,2.36
6969,15.6,8.66,1.55,0.015,0.746,1.0,1.64
6970,26.7,13.25,1.3,0.248,0.886,7.4,1.39
6971,7.3,9.44,1.42,0.488,0.031,9.9,0.85
6972,6.0,12.85,1.82,0.019,0.215,4.1,2.38
6973,14.0,10.58,5.89,0.019,0.019,3.3,1.75
6974,92.3,17.32,7.93,0.033,0.734,1.3,0.23
6975,15.8,10.51,1.22,0.325,0.071,1.6,2.02
6976,108.2,15.87,3.49,0.012,0.051,8.0,1.64
6977,3.8,11.29,3.24,0.155,0.2,2.6,0.54
6978,16.1,18.57,2.45,0.016,0.023,7.1,2.45
6979,9.1,10.57,3.16,0.016,0.056,8.5,0.8
6980,8.3,12.53,9.59,0.112,0.118,1.2,0.93
6981,17.2,14.24,4.5,0.192,0.148,4.7,0.52
6982,18.1,14.6,3.25,0.086,0.018,9.2,0.72
6983,221.5,16.92,3.73,0.048,0.982,7.2,2.78
6984,16.7,10.91,2.45,0.092,0.624,4.1,1.31
6985,18.5,10.67,2.53,0.112,0.011,2.3,2.06
6986,74.7,15.9,3.73,0.017,0.674,8.8,1.91
6987,104.1,18.22,4.41,0.28,0.084,1.2,0.25
6988,31.7,18.93,6.39,0.144,0.026,9.7,2.2
6989,56.9,11.11,2.55,0.011,0.067,1.5,1.62
6990,101.3,17.77,4.23,0.067,0.391,4.6,0.64
6991,70.6,8.82,9.11,0.016,0.027,1.1,2.28
6992,188.0,17.67,1.55,0.138,0.382,4.0,2.73
6993,187.3,8.72,6.57,0.032,0.124,1.5,1.31
6994,6.5,9.92,1.01,0.182,0.026,2.5,1.12
6995,6.4,11.25,1.18,0.034,0.223,5.0,2.92
6996,3.7,9.44,6.27,0.037,0.391,2.5,2.15
6997,21.1,12.42,3.65,0.017,0.084,1.6,1.54
6998,13.9,15.92,5.69,0.021,0.149,5.2,2.51
6999,187.6,14.29,7.93,0.419,0.128,1.6,2.36
7000,4.6,18.86,7.68,0.018,0.034,9.9,0.08
7001,5.6,14.78,3.99,0.016,0.433,1.8,1.11
7002,18.1,13.3,1.58,0.06,0.026,2.2,1.77
7003,67.4,10.41,1.4,0.029,0.037,1.7,0.77
7004,9.6,17.17,6.91,0.034,0.417,5.1,0.59
7005,120.7,8.64,3.54,0.022,0.011,2.7,0.58
7006,124.8,18.64,3.95,0.395,0.132,8.9,2.56
7007,3.6,18.25,1.45,0.034,0.536,4.1,1.45
7008,21.6,11.8,3.82,0.09,0.897,4.2,0.72
7009,98.8,11.56,2.56,0.384,0.851,3.3,2.82
7010,8.1,12.17,3.35,0.033,0.487,5.2,0.07
7011,31.0,13.95,8.82,0.059,0.041,2.2,0.2
7012,65.2,14.32,8.45,0.014,0.43,1.1,2.76
7013,277.2,15.64,6.37,0.092,0.185,4.5,1.18
7014,43.6,14.9,1.72,0.03,0.089,2.9,2.16
7015,20.3,9.91,5.84,0.24,0.054,2.1,1.1
7016,123.3,9.13,2.42,0.22,0.068,1.5,0.11
7017,7.2,8.2,1.67,0.046,0.012,2.8,1.8
7018,241.3,15.48,2.32,0.21,0.014,1.9,2.34
7019,144.0,9.28,9.55,0.15,0.091,1.5,1.77
7020,299.1,9.69,8.76,0.047,0.039,2.3,2.58
7021,23.8,12.4,2.88,0.089,0.016,6.1,2.43
7022,3.3,13.26,7.23,0.221,0.314,2.4,1.17
7023,10.0,13.51,5.9,0.228,0.432,3.0,0.41
7024,6.4,11.32,5.47,0.063,0.279,3.3,1.79
7025,107.9,9.49,6.03,0.014,0.134,1.5,1.42
7026,176.3,19.8,3.83,0.018,0.013,1.7,0.59
7027,3.3,13.58,2.5,0.033,0.289,5.1,2.1
7028,8.0,19.11,2.98,0.06,0.364,3.1,1.02
7029,28.8,9.65,1.59,0.018,0.035,1.3,2.9
7030,10.3,18.48,9.23,0.128,0.035,5.6,2.41
7031,21.3,18.16,4.12,0.049,0.209,9.8,0.71
7032,19.6,8.39,1.46,0.391,0.139,2.0,2.9
7033,29.9,17.57,2.37,0.051,0.07,1.3,2.81
7034,5.9,14.54,3.3,0.017,0.121,9.7,0.48
7035,39.6,16.6,2.72,0.096,0.126,1.8,0.92
7036,4.3,18.48,3.36,0.472,0.011,1.2,2.13
7037,199.2,10.54,2.33,0.154,0.16,2.8,0.4
7038,5.5,12.73,2.1,0.01,0.065,8.6,1.37
7039,26.3,12.81,2.94,0.014,0.106,2.4,1.0
7040,8.3,15.71,1.9,0.24,0.171,4.5,1.61
7041,3.6,18.31,2.53,0.258,0.454,7.7,0.17
7042,35.8,11.69,1.0,0.023,0.49,2.3,2.1
7043,61.3,9.11,5.06,0.431,0.09,1.5,0.63
7044,100.4,9.83,3.37,0.379,0.179,1.7,2.58
7045,174.2,13.33,4.85,0.479,0.658,3.3,1.14
7046,70.2,9.73,4.44,0.01,0.098,7.2,2.8
7047,19.4,13.82,3.12,0.37,0.221,9.7,2.74
7048,8.9,9.68,2.58,0.258,0.027,1.2,2.17
7049,13.0,19.15,7.17,0.02,0.02,2.2,2.23
7050,37.7,11.93,6.26,0.01,0.028,3.3,0.52
7051,4.0,15.3,1.4,0.037,0.116,8.5,0.1
7052,5.2,13.24,1.52,0.244,0.049,1.3,1.62
7053,17.9,8.07,3.49,0.011,0.432,3.3,1.49
7054,7.4,11.0,1.61,0.023,0.204,1.2,1.93
7055,117.5,8.92,7.39,0.012,0.23,2.8,2.11
7056,53.5,9.93,3.9,0.462,0.088,9.6,2.82
7057,9.1,17.07,6.93,0.398,0.028,2.6,1.28
7058,31.5,19.2,7.97,0.012,0.034,3.2,1.63
7059,11.6,12.55,2.53,0.066,0.062,2.9,1.53
7060,17.3,13.98,3.98,0.018,0.012,5.3,1.26
7061,34.0,19.03,7.7,0.015,0.117,2.8,0.69
7062,4.5,13.26,1.62,0.176,0.124,3.5,1.59
7063,22.5,9.78,4.6,0.496,0.078,8.9,1.18
7064,7.7,8.76,2.2,0.043,0.071,7.8,1.29
7065,75.3,11.64,2.41,0.264,0.196,2.8,0.22
7066,30.8,11.25,3.46,0.036,0.276,7.0,0.2
7067,16.0,15.6,7.53,0.046,0.137,3.5,2.9
7068,254.6,17.54,1.16,0.466,0.102,1.1,0.5
7069,8.4,16.14,6.48,0.142,0.035,1.2,2.68
7070,294.9,19.09,2.62,0.064,0.161,4.9,2.66
7071,20.2,14.44,3.34,0.056,0.015,4.1,2.27
7072,25.7,8.07,3.22,0.018,0.354,2.6,2.56
7073,10.3,8.23,4.68,0.039,0.346,1.7,2.0
7074,6.0,17.97,3.25,0.013,0.061,5.0,1.32
7075,122.0,14.2,8.09,0.039,0.04,1.3,2.08
7076,14.5,15.97,1.93,0.359,0.015,7.4,1.79
7077,129.0,8.71,4.95,0.245,0.017,2.2,1.36
7078,24.4,18.78,3.32,0.161,0.132,1.5,0.1
7079,14.4,15.99,1.93,0.011,0.948,1.6,1.91
7080,31.6,9.25,5.26,0.021,0.075,4.4,0.22
7081,6.3,9.61,4.82,0.091,0.107,2.1,2.22
7082,64.0,12.05,3.14,0.017,0.087,1.6,0.22
7083,231.0,12.81,1.36,0.037,0.433,2.5,0.47
7084,16.9,11.67,6.77,0.049,0.326,5.1,0.03
7085,70.4,18.54,1.04,0.028,0.174,2.0,0.73
7086,79.7,19.38,2.35,0.015,0.183,7.0,0.93
7087,8.7,18.0,5.27,0.059,0.017,2.6,1.01
7088,3.6,19.28,3.43,0.011,0.019,1.5,1.0
7089,126.8,8.22,2.85,0.025,0.033,3.2,1.38
7090,211.2,19.64,9.06,0.293,0.662,4.1,2.93
7091,18.5,9.31,2.8,0.019,0.033,9.5,2.81
7092,61.5,17.44,2.18,0.161,0.011,3.1,0.19
7093,15.4,9.21,2.19,0.246,0.086,1.2,2.72
7094,91.0,8.44,8.77,0.019,0.852,7.8,0.74
7095,125.0,11.7,3.08,0.481,0.086,7.3,2.93
7096,15.8,10.69,5.61,0.018,0.068,5.4,0.79
7097,46.9,8.06,5.64,0.01,0.014,9.9,0.05
7098,12.4,19.57,2.71,0.014,0.648,5.4,0.11
7099,21.7,19.98,7.01,0.063,0.086,1.9,1.07
7100,76.3,12.46,8.42,0.016,0.312,1.7,1.49
7101,14.5,16.86,3.14,0.031,0.75,5.6,1.14
7102,7.8,14.86,3.85,0.277,0.012,1.1,0.73
7103,13.4,12.78,6.97,0.475,0.045,3.5,0.81
7104,4.1,10.0,4.21,0.186,0.355,2.9,2.22
7105,201.2,15.53,1.27,0.01,0.373,2.3,2.62
7106,106.6,15.62,3.5,0.181,0.03,3.4,2.87
7107,11.2,13.53,2.18,0.024,0.072,3.1,1.64
7108,5.7,12.98,1.75,0.152,0.103,5.9,1.19
7109,54.4,8.85,2.06,0.045,0.151,3.9,2.0
7110,21.2,14.64,1.52,0.434,0.019,3.5,2.25
7111,15.0,13.06,2.85,0.031,0.043,2.3,2.55
7112,227.2,14.15,5.74,0.34,0.01,4.5,0.85
7113,67.2,14.79,1.02,0.231,0.015,3.2,2.18
7114,6.2,17.13,1.41,0.025,0.356,7.7,0.65
7115,248.6,12.46,4.85,0.089,0.526,2.0,0.64
7116,28.8,17.01,3.41,0.013,0.018,5.3,1.25
7117,123.0,13.42,3.98,0.019,0.051,4.1,1.8
7118,275.4,9.88,4.31,0.418,0.114,2.3,0.41
7119,167.9,18.88,3.84,0.298,0.61,2.9,0.06
7120,160.1,10.59,1.6,0.096,0.015,7.3,0.98
7121,109.3,13.05,4.51,0.025,0.06,5.4,2.26
7122,14.4,17.67,8.06,0.344,0.963,5.7,0.68
7123,5.6,12.22,2.44,0.022,0.201,1.6,1.25
7124,3.9,15.02,4.27,0.142,0.05,6.4,1.0
7125,31.1,8.68,4.1,0.211,0.816,1.1,1.43
7126,247.5,17.02,1.23,0.094,0.095,8.3,1.81
7127,25.3,9.63,1.82,0.395,0.027,8.5,1.33
7128,8.9,8.03,1.36,0.464,0.021,3.3,2.6
7129,36.9,8.19,7.98,0.048,0.449,1.4,0.86
7130,3.0,13.09,1.9,0.064,0.475,5.7,1.89
7131,3.1,9.77,3.4,0.14,0.016,1.8,2.41
7132,6.6,8.78,5.85,0.495,0.016,5.6,2.87
7133,261.5,10.43,4.77,0.319,0.075,1.9,0.3
7134,11.6,14.25,1.76,0.022,0.288,2.3,2.37
7135,4.1,15.04,3.72,0.058,0.103,7.5,1.13
7136,214.9,17.2,4.86,0.011,0.597,6.3,0.26
7137,8.2,11.76,8.14,0.127,0.293,6.0,0.25
7138,46.1,19.5,5.53,0.168,0.101,1.4,2.06
7139,16.4,8.29,6.92,0.156,0.084,6.0,0.22
7140,14.9,8.75,1.89,0.34,0.081,3.6,2.93
7141,18.0,17.48,2.36,0.012,0.077,1.3,2.04
7142,127.2,17.24,4.85,0.011,0.044,3.6,1.11
7143,34.5,10.77,9.22,0.425,0.486,3.3,2.74
7144,5.2,15.08,9.95,0.027,0.015,5.8,0.55
7145,4.3,8.16,2.13,0.012,0.92,2.5,1.93
7146,25.0,9.2,1.19,0.013,0.173,1.4,2.41
7147,7.1,11.11,1.09,0.028,0.209,2.1,0.84
7148,52.2,10.12,2.13,0.057,0.028,1.7,0.66
7149,29.7,14.07,8.81,0.017,0.03,5.5,0.26
7150,35.6,12.92,1.69,0.02,0.601,5.5,1.98
7151,11.1,11.2,2.6,0.012,0.146,9.5,0.14
7152,5.3,17.82,4.69,0.323,0.191,1.9,0.96
7153,50.0,15.6,5.75,0.025,0.03,7.6,0.74
7154,94.5,9.19,9.95,0.014,0.044,5.3,0.94
7155,228.2,15.48,2.58,0.011,0.808,9.9,0.72
7156,124.9,14.89,3.88,0.106,0.26,1.7,2.51
7157,3.4,12.95,3.46,0.012,0.931,7.6,2.64
7158,250.1,16.81,2.3,0.031,0.541,9.5,1.52
7159,4.6,14.73,3.3,0.222,0.059,3.4,0.44
7160,4.2,16.34,2.5,0.145,0.013,2.6,1.64
7161,114.7,16.52,8.6,0.118,0.111,6.1,1.9
7162,45.2,10.78,9.17,0.016,0.044,3.6,0.03
7163,20.9,14.35,7.94,0.318,0.108,1.9,1.09
7164,76.6,14.08,2.29,0.142,0.02,3.0,2.48
7165,4.9,10.57,4.65,0.202,0.043,5.6,2.01
7166,8.7,8.81,4.69,0.116,0.02,7.7,2.7
7167,8.7,9.31,1.76,0.114,0.07,3.9,0.24
7168,88.2,17.52,4.61,0.187,0.106,4.2,1.56
7169,61.7,16.63,3.84,0.04,0.016,1.5,1.67
7170,10.5,9.55,6.59,0.017,0.203,4.2,2.94
7171,24.4,11.78,1.16,0.325,0.642,2.9,2.14
7172,19.0,11.49,2.24,0.145,0.165,1.4,1.62
7173,4.2,13.19,3.39,0.056,0.113,2.2,0.64
7174,3.2,10.36,2.33,0.024,0.046,1.6,2.15
7175,76.3,12.43,4.28,0.209,0.044,4.9,0.67
7176,93.4,9.51,5.2,0.093,0.606,1.3,1.23
7177,5.0,16.88,2.66,0.056,0.623,1.8,1.44
7178,3.8,10.66,1.04,0.228,0.229,4.2,2.31
7179,22.7,15.8,6.57,0.247,0.147,7.5,1.26
7180,20.4,10.82,8.03,0.057,0.528,4.9,1.02
7181,8.7,8.08,2.43,0.013,0.876,2.1,0.48
7182,7.0,9.2,2.66,0.019,0.115,1.3,2.43
7183,5.9,10.18,5.12,0.123,0.034,1.6,2.61
7184,35.2,19.85,8.45,0.018,0.012,5.5,0.1
7185,17.9,10.86,5.65,0.015,0.013,1.5,1.28
7186,147.3,9.1,3.12,0.022,0.241,2.4,0.86
7187,8.0,10.16,7.66,0.016,0.214,2.6,0.67
7188,16.9,14.52,5.96,0.017,0.052,3.3,1.82
7189,42.2,17.03,2.75,0.487,0.58,5.4,0.51
7190,188.9,9.11,1.05,0.139,0.388,8.1,2.79
7191,6.6,19.84,9.36,0.035,0.039,6.6,0.03
7192,54.6,15.0,6.03,0.029,0.097,1.3,0.47
7193,28.3,16.13,2.76,0.059,0.062,3.1,0.23
7194,192.7,10.22,9.94,0.118,0.019,3.3,2.36
7195,5.0,8.37,3.52,0.012,0.813,1.7,2.93
7196,181.8,17.77,6.07,0.482,0.079,6.4,1.69
7197,43.0,14.65,1.4,0.045,0.147,1.7,1.6
7198,6.8,8.9,3.38,0.028,0.012,2.6,2.13
7199,15.8,11.76,4.8,0.02,0.596,3.2,2.27
7200,171.9,16.17,1.27,0.115,0.046,3.1,0.25
7201,8.4,18.36,3.66,0.306,0.738,4.4,1.2
7202,23.5,14.86,8.02,0.027,0.026,2.7,0.1
7203,18.3,8.22,3.51,0.011,0.024,3.9,0.46
7204,4.1,16.31,5.26,0.038,0.819,2.2,2.77
7205,7.2,15.4,6.43,0.161,0.013,1.9,0.8
7206,5.9,18.24,9.42,0.01,0.098,1.9,0.81
7207,39.6,9.77,7.87,0.378,0.024,1.8,2.63
7208,127.0,18.91,9.52,0.228,0.116,7.1,2.92
7209,3.4,8.06,2.31,0.013,0.618,1.1,2.42
7210,26.6,9.22,2.43,0.319,0.458,1.2,1.36
7211,35.0,17.57,5.86,0.01,0.407,2.2,0.6
7212,105.9,19.46,2.9,0.213,0.022,1.4,2.72
7213,96.8,9.16,1.65,0.015,0.22,2.0,0.57
7214,27.0,10.02,9.77,0.025,0.415,7.2,2.19
7215,30.7,12.85,3.35,0.178,0.486,2.2,2.27
7216,40.1,9.86,1.31,0.111,0.01,8.9,2.33
7217,111.0,18.41,5.32,0.34,0.385,4.7,0.8
7218,184.0,13.85,2.83,0.015,0.892,3.2,1.49
7219,72.6,18.74,5.96,0.013,0.024,1.1,1.15
7220,35.5,9.85,9.83,0.262,0.012,3.5,1.56
7221,3.5,11.65,6.97,0.113,0.949,1.5,2.5
7222,112.1,14.84,1.37,0.033,0.014,1.8,1.36
7223,173.7,15.04,1.9,0.013,0.106,7.5,2.63
7224,157.1,18.28,1.13,0.029,0.015,2.5,2.93
7225,49.3,12.44,1.17,0.037,0.556,1.8,1.64
7226,8.4,11.87,2.73,0.247,0.032,7.7,1.3
7227,23.0,11.42,1.84,0.06,0.944,6.4,1.31
7228,169.5,10.6,2.46,0.317,0.211,7.1,2.41
7229,4.0,13.99,1.25,0.375,0.267,6.4,1.76
7230,6.4,10.52,2.07,0.225,0.528,3.7,2.71
7231,5.1,12.21,9.24,0.017,0.481,7.1,1.72
7232,63.4,8.43,4.73,0.163,0.01,1.1,0.63
7233,98.0,18.65,1.12,0.014,0.29,5.0,1.68
7234,146.6,8.03,3.67,0.026,0.035,1.4,1.92
7235,127.0,19.14,3.55,0.249,0.012,1.1,0.51
7236,51.9,18.71,4.53,0.113,0.015,3.5,0.22
7237,35.1,16.4,8.25,0.124,0.646,3.2,0.12
7238,291.4,10.19,2.6,0.297,0.392,1.3,1.41
7239,181.0,9.68,1.04,0.323,0.061,1.5,1.72
7240,239.0,11.97,1.2,0.022,0.315,2.2,1.93
7241,19.7,8.04,3.01,0.03,0.275,1.5,1.68
7242,103.0,8.11,2.64,0.067,0.02,4.1,1.23
7243,144.2,19.17,7.35,0.169,0.107,2.1,2.18
7244,276.5,16.12,1.12,0.043,0.571,4.0,0.71
7245,13.5,16.38,3.26,0.27,0.099,1.1,1.04
7246,266.5,12.29,7.42,0.032,0.23,1.3,0.88
7247,11.1,10.46,1.34,0.247,0.018,7.6,2.08
7248,43.9,13.36,4.99,0.029,0.013,7.3,1.29
7249,7.0,14.7,2.3,0.399,0.568,8.7,1.57
7250,14.6,14.06,3.72,0.032,0.02,3.5,1.18
7251,7.7,15.11,1.88,0.067,0.014,1.7,0.75
7252,249.6,9.79,7.2,0.022,0.635,5.3,1.33
7253,28.5,19.71,3.85,0.261,0.222,2.9,0.36
7254,11.7,14.07,1.8,0.063,0.202,3.2,0.13
7255,252.3,9.43,8.9,0.068,0.074,3.2,2.28
7256,3.6,13.53,2.52,0.02,0.026,6.8,1.67
7257,5.6,8.39,9.17,0.059,0.012,2.1,1.65
7258,7.1,19.25,2.52,0.023,0.102,6.7,1.64
7259,51.0,11.29,1.87,0.012,0.027,3.0,2.68
7260,4.4,10.06,1.93,0.027,0.086,6.6,0.59
7261,267.9,19.59,2.33,0.143,0.043,1.8,0.07
7262,56.4,18.77,4.12,0.077,0.018,6.8,1.19
7263,33.2,9.6,5.81,0.174,0.025,2.9,0.14
7264,171.8,17.99,2.91,0.079,0.463,8.2,1.74
7265,12.1,12.61,9.06,0.089,0.615,5.6,1.03
7266,13.8,8.99,2.72,0.034,0.765,8.8,0.6
7267,4.3,17.85,5.59,0.372,0.208,8.3,1.69
7268,11.1,11.88,7.25,0.156,0.113,3.6,1.47
7269,54.3,13.37,2.2,0.397,0.194,1.8,2.06
7270,94.9,15.74,1.17,0.064,0.034,4.5,1.27
7271,4.2,15.74,3.37,0.026,0.979,1.3,2.66
7272,48.3,14.28,2.23,0.051,0.097,2.5,2.28
7273,4.5,19.12,4.69,0.03,0.068,7.0,0.18
7274,41.3,16.45,1.09,0.437,0.158,2.9,2.08
7275,12.7,15.29,2.98,0.206,0.227,4.7,0.64
7276,65.6,15.71,4.16,0.393,0.564,8.9,2.86
7277,40.3,8.42,2.67,0.286,0.045,1.5,2.56
7278,6.2,19.7,1.24,0.295,0.072,2.4,0.6
7279,40.5,9.25,1.43,0.042,0.165,9.1,1.02
7280,120.1,12.91,7.66,0.257,0.164,8.0,0.25
7281,3.5,16.64,1.32,0.015,0.015,1.7,0.98
7282,250.9,14.53,2.56,0.013,0.019,4.6,2.46
7283,200.2,9.59,1.18,0.043,0.198,3.3,0.43
7284,53.0,14.6,5.57,0.098,0.1,5.1,2.36
7285,11.2,12.33,5.74,0.049,0.032,7.1,1.36
7286,3.0,12.08,1.17,0.153,0.134,4.0,2.16
7287,143.6,13.54,5.35,0.111,0.158,1.5,0.72
7288,3.0,14.23,1.21,0.224,0.08,4.2,1.95
7289,3.7,14.98,1.55,0.104,0.491,2.3,1.73
7290,9.7,8.6,3.95,0.089,0.27,5.9,1.2
7291,118.9,10.86,3.97,0.093,0.062,2.2,2.58
7292,23.9,17.41,2.83,0.053,0.058,1.6,1.44
7293,12.2,19.17,1.78,0.013,0.046,3.2,1.58
7294,18.8,8.25,6.86,0.484,0.75,1.4,2.42
7295,188.2,9.22,1.16,0.091,0.361,8.2,1.8
7296,62.7,11.41,1.7,0.022,0.238,2.5,1.77
7297,5.1,19.6,4.69,0.038,0.347,2.1,1.27
7298,4.7,10.43,2.55,0.038,0.158,2.0,0.67
7299,7.2,8.71,2.62,0.028,0.221,1.2,2.05
7300,10.2,8.74,1.54,0.038,0.455,6.4,2.26
7301,42.8,9.28,3.87,0.136,0.048,5.4,2.71
7302,56.6,17.66,1.38,0.062,0.063,1.2,2.92
7303,8.5,12.45,1.47,0.156,0.038,8.8,0.19
7304,5.9,18.8,1.58,0.329,0.02,3.2,0.6
7305,32.1,12.03,8.32,0.332,0.014,1.7,2.42
7306,15.0,13.69,1.28,0.138,0.167,7.7,0.06
7307,11.2,14.12,1.61,0.042,0.575,6.7,2.24
7308,4.3,8.52,8.75,0.066,0.014,1.5,0.27
7309,11.5,9.46,1.95,0.048,0.029,6.1,1.68
7310,217.6,13.67,3.91,0.03,0.015,1.5,1.56
7311,116.3,8.08,2.7,0.489,0.354,1.6,1.97
7312,4.7,14.44,7.12,0.033,0.085,5.8,0.23
7313,150.4,8.48,2.7,0.389,0.014,4.0,2.4
7314,5.2,9.36,2.7,0.36,0.044,4.8,2.54
7315,69.4,17.59,7.9,0.052,0.159,4.6,1.68
7316,63.2,16.12,1.71,0.024,0.934,3.7,0.27
7317,54.2,9.04,6.57,0.021,0.061,1.0,2.64
7318,4.6,15.55,8.77,0.258,0.024,3.8,2.72
7319,28.5,10.96,8.54,0.09,0.09,2.5,1.94
7320,7.0,15.19,1.13,0.063,0.026,2.3,0.54
7321,55.7,14.25,2.15,0.148,0.136,7.6,1.76
7322,7.7,16.18,3.88,0.023,0.159,6.5,0.44
7323,3.1,16.04,4.08,0.064,0.617,1.8,2.33
7324,5.7,10.98,3.6,0.016,0.25,3.9,2.38
7325,11.2,16.57,9.11,0.069,0.127,8.3,0.06
7326,8.4,15.61,2.38,0.227,0.076,1.3,1.91
7327,4.9,19.3,6.09,0.042,0.027,6.4,0.46
7328,21.4,10.03,2.45,0.012,0.041,1.2,0.72
7329,43.5,14.62,1.65,0.124,0.241,1.3,2.61
7330,286.5,15.29,1.51,0.44,0.093,2.6,2.42
7331,61.6,14.81,2.09,0.043,0.441,5.6,0.79
7332,3.8,19.26,1.42,0.347,0.073,1.2,0.75
7333,48.7,9.28,9.05,0.024,0.33,7.9,0.55
7334,6.6,15.58,1.56,0.463,0.02,3.9,0.81
7335,7.3,17.57,3.61,0.275,0.174,2.6,1.65
7336,9.1,19.0,4.6,0.203,0.013,1.4,0.31
7337,7.2,11.74,1.19,0.042,0.014,8.1,0.41
7338,9.3,19.1,1.37,0.025,0.013,5.4,1.32
7339,4.5,8.43,2.4,0.031,0.01,8.3,1.58
7340,124.6,9.78,1.22,0.037,0.307,1.8,2.54
7341,11.3,8.2,1.16,0.028,0.701,6.2,0.1
7342,66.4,18.17,6.47,0.114,0.287,2.7,1.26
7343,35.0,17.03,3.04,0.047,0.098,4.0,0.12
7344,15.7,13.39,3.83,0.04,0.293,4.1,2.37
7345,11.0,12.71,5.91,0.233,0.022,4.9,0.25
7346,10.9,9.93,3.49,0.081,0.094,3.3,0.85
7347,5.3,16.17,1.47,0.059,0.057,1.1,2.75
7348,193.3,13.56,3.41,0.023,0.112,5.7,0.79
7349,118.6,8.71,9.46,0.02,0.01,5.1,0.49
7350,5.0,14.72,4.6,0.218,0.421,8.8,1.21
7351,121.1,12.31,3.52,0.112,0.329,9.0,1.84
7352,13.5,19.95,5.73,0.023,0.332,2.5,1.28
7353,50.5,8.52,3.85,0.042,0.122,3.5,0.78
7354,6.5,13.02,4.78,0.332,0.014,7.7,1.29
7355,148.2,9.5,2.14,0.174,0.321,8.3,0.91
7356,92.2,13.09,5.08,0.243,0.966,3.0,0.88
7357,170.7,17.96,1.4,0.149,0.063,1.3,0.2
7358,7.5,11.75,4.97,0.031,0.044,2.1,0.26
7359,3.4,15.89,2.28,0.03,0.806,9.0,2.72
7360,59.6,16.92,8.16,0.21,0.028,1.4,0.37
7361,5.3,11.91,1.09,0.011,0.971,1.1,0.45
7362,4.8,15.7,1.88,0.35,0.165,4.0,1.79
7363,241.4,10.38,2.4,0.185,0.274,5.1,2.37
7364,185.8,8.54,4.79,0.477,0.603,2.8,1.13
7365,279.9,14.86,1.28,0.196,0.025,2.9,0.72
7366,107.8,17.39,9.78,0.035,0.229,3.5,1.93
7367,3.2,12.8,8.82,0.382,0.016,5.4,1.23
7368,281.8,19.96,2.8,0.047,0.23,2.6,0.03
7369,49.1,19.8,9.86,0.34,0.862,1.6,2.93
7370,254.8,10.62,6.23,0.016,0.106,4.3,0.99
7371,7.5,15.1,4.81,0.07,0.208,9.7,2.16
7372,80.4,9.83,5.11,0.31,0.62,9.3,1.19
7373,183.8,10.84,3.24,0.012,0.724,7.0,2.62
7374,56.3,14.01,8.13,0.049,0.157,6.7,1.53
7375,16.7,16.31,7.23,0.391,0.024,1.2,0.24
7376,4.8,12.46,4.89,0.477,0.018,2.4,1.26
7377,261.6,14.6,8.96,0.059,0.035,6.8,2.56
7378,7.0,14.95,4.72,0.167,0.143,1.4,2.08
7379,26.8,9.07,9.57,0.361,0.038,7.7,1.38
7380,7.2,16.48,3.22,0.106,0.97,5.9,2.34
7381,288.0,17.89,2.07,0.307,0.062,4.0,1.3
7382,75.9,17.45,3.97,0.011,0.018,1.4,2.68
7383,6.5,16.18,5.65,0.143,0.142,4.8,2.57
7384,29.1,13.44,3.47,0.039,0.237,4.9,0.54
7385,53.7,14.01,1.46,0.435,0.128,10.0,1.72
7386,45.6,10.58,2.03,0.145,0.181,1.1,2.52
7387,5.3,9.1,2.34,0.135,0.482,6.6,1.02
7388,44.9,12.75,2.96,0.097,0.078,1.9,1.71
7389,120.3,12.55,6.71,0.013,0.098,3.5,2.1
7390,55.9,14.36,2.29,0.22,0.1,7.2,0.99
7391,78.6,13.22,2.75,0.094,0.436,7.2,1.29
7392,3.4,17.43,1.3,0.113,0.353,2.4,2.17
7393,91.2,8.67,3.61,0.323,0.765,3.6,0.32
7394,8.8,11.31,6.28,0.215,0.957,2.9,1.02
7395,286.4,17.12,3.42,0.134,0.032,5.6,1.01
7396,68.9,17.47,1.11,0.092,0.111,2.9,1.4
7397,232.3,18.65,5.85,0.08,0.041,1.3,0.21
7398,288.8,18.28,2.66,0.015,0.262,6.3,0.98
7399,31.0,8.55,4.05,0.039,0.346,5.4,1.55
7400,158.9,14.72,4.69,0.018,0.111,4.3,1.17
7401,43.9,15.85,1.64,0.016,0.09,1.2,2.02
7402,82.4,14.66,1.15,0.04,0.02,8.9,0.93
7403,6.4,11.96,2.66,0.479,0.022,1.5,1.11
7404,295.0,16.15,2.81,0.016,0.395,2.8,1.32
7405,299.6,12.77,2.04,0.013,0.127,2.1,1.26
7406,173.5,12.31,7.09,0.048,0.089,1.9,0.14
7407,65.8,16.55,6.19,0.477,0.033,1.0,2.36
7408,123.2,8.99,7.2,0.127,0.988,6.9,0.33
7409,62.5,10.94,2.81,0.11,0.055,3.1,0.24
7410,15.7,10.96,2.59,0.019,0.634,1.7,2.86
7411,25.9,14.62,1.01,0.018,0.077,1.7,0.98
7412,12.2,10.51,4.81,0.035,0.134,6.1,0.25
7413,37.8,8.25,1.48,0.117,0.234,1.1,2.06
7414,125.1,15.25,1.61,0.117,0.023,3.7,2.17
7415,241.9,8.12,6.1,0.186,0.44,7.2,1.12
7416,5.4,19.46,4.5,0.012,0.141,2.9,2.39
7417,60.4,10.03,4.95,0.033,0.013,2.3,1.27
7418,204.3,14.99,5.71,0.07,0.807,2.0,2.84
7419,4.4,11.39,7.22,0.449,0.052,1.6,0.06
7420,31.2,13.81,1.55,0.081,0.053,1.9,2.56
7421,202.1,9.6,1.78,0.307,0.235,4.8,1.7
7422,54.0,14.24,1.33,0.088,0.427,2.0,1.44
7423,7.4,14.41,6.71,0.294,0.829,1.7,0.69
7424,17.0,17.91,6.07,0.013,0.011,1.3,2.69
7425,18.1,9.24,3.9,0.202,0.074,1.7,0.16
7426,14.7,18.89,6.16,0.47,0.09,1.8,1.75
7427,21.2,8.33,7.33,0.017,0.218,2.3,1.89
7428,4.7,13.38,7.68,0.134,0.012,7.4,2.22
7429,5.1,15.66,4.99,0.014,0.096,8.4,2.03
7430,4.9,14.4,3.12,0.049,0.096,3.7,2.75
7431,7.9,10.5,1.63,0.17,0.113,5.4,0.53
7432,116.1,9.34,2.12,0.095,0.038,2.2,0.66
7433,159.8,13.83,5.28,0.433,0.523,9.2,2.39
7434,12.8,10.06,2.56,0.045,0.165,3.8,0.31
7435,84.3,11.62,4.29,0.144,0.202,2.1,1.35
7436,16.1,11.8,3.04,0.038,0.17,2.8,1.96
7437,69.3,11.53,5.29,0.304,0.013,4.0,1.6
7438,81.8,13.37,8.24,0.448,0.691,2.8,1.93
7439,24.5,15.97,7.54,0.117,0.072,1.6,0.65
7440,18.2,14.04,3.42,0.355,0.234,4.5,1.62
7441,4.4,18.4,1.55,0.024,0.149,1.5,0.01
7442,24.0,8.19,3.06,0.046,0.055,9.5,0.42
7443,89.7,11.09,3.15,0.022,0.064,5.4,1.35
7444,53.6,17.05,1.68,0.014,0.062,9.3,2.02
7445,195.6,12.75,5.84,0.114,0.083,10.0,0.27
7446,25.5,12.66,2.29,0.012,0.064,3.5,2.41
7447,14.5,15.07,1.58,0.241,0.17,2.3,0.64
7448,14.6,17.98,1.13,0.057,0.731,1.5,1.92
7449,54.8,8.72,1.65,0.036,0.063,1.1,0.81
7450,39.2,8.37,1.35,0.041,0.526,5.2,2.24
7451,24.5,10.4,2.15,0.144,0.095,6.3,0.35
7452,5.5,15.21,3.59,0.044,0.093,5.3,0.23
7453,8.3,12.08,2.27,0.031,0.243,2.6,2.75
7454,86.1,19.54,2.91,0.39,0.02,1.8,1.73
7455,60.5,13.76,5.85,0.095,0.011,1.7,2.28
7456,40.6,9.08,1.69,0.032,0.346,4.8,0.91
7457,9.9,18.26,2.85,0.036,0.057,1.2,1.87
7458,78.7,12.19,9.0,0.225,0.362,5.9,1.12
7459,77.1,14.88,6.85,0.047,0.161,3.5,0.69
7460,250.3,15.98,7.17,0.254,0.144,4.4,1.58
7461,50.7,14.18,6.71,0.28,0.028,1.2,2.17
7462,76.3,11.27,5.78,0.014,0.101,1.6,0.27
7463,3.6,19.66,5.23,0.188,0.29,5.6,1.27
7464,6.0,8.51,2.69,0.032,0.447,4.3,1.24
7465,103.6,19.41,4.53,0.298,0.093,2.9,1.98
7466,36.7,9.68,1.21,0.209,0.014,4.2,0.68
7467,52.4,17.83,2.41,0.202,0.676,2.1,2.38
7468,27.5,9.63,9.57,0.419,0.973,4.1,1.67
7469,25.0,8.58,2.45,0.014,0.157,8.9,0.23
7470,32.0,14.89,2.77,0.025,0.076,1.0,1.32
7471,254.5,11.95,3.39,0.057,0.154,1.5,1.49
7472,137.5,8.3,3.96,0.042,0.405,4.4,2.15
7473,3.4,13.19,5.57,0.021,0.351,1.4,1.58
7474,39.0,9.52,2.49,0.355,0.01,9.9,1.21
7475,277.5,17.23,7.53,0.023,0.207,1.6,0.57
7476,4.7,13.8,5.97,0.034,0.026,3.2,0.61
7477,76.6,17.53,9.19,0.091,0.032,1.0,2.17
7478,8.0,14.97,8.77,0.018,0.115,9.9,2.42
7479,12.4,10.36,2.88,0.376,0.056,2.0,0.14
7480,3.7,12.65,1.5,0.04,0.016,4.8,1.09
7481,14.2,10.43,2.18,0.032,0.054,2.7,2.11
7482,45.3,10.63,5.86,0.257,0.258,6.6,2.83
7483,16.8,16.75,5.38,0.027,0.088,1.6,0.78
7484,4.9,18.2,1.48,0.166,0.188,2.6,2.57
7485,4.5,17.98,5.53,0.187,0.028,2.4,1.23
7486,105.0,12.66,2.26,0.053,0.044,2.0,1.29
7487,19.9,10.0,4.01,0.021,0.195,2.3,2.29
7488,23.8,12.94,4.66,0.019,0.016,1.0,0.37
7489,20.0,10.32,1.39,0.361,0.082,3.5,1.36
7490,20.9,12.25,3.76,0.431,0.041,2.9,0.37
7491,4.0,17.38,9.77,0.323,0.028,5.4,1.75
7492,15.1,9.29,3.04,0.43,0.011,2.0,2.82
7493,62.9,17.51,2.45,0.014,0.566,9.0,0.95
7494,40.6,13.84,1.74,0.03,0.872,3.6,2.24
7495,218.7,10.49,1.68,0.04,0.07,2.1,1.82
7496,32.9,18.64,3.5,0.363,0.044,1.3,2.81
7497,254.8,17.11,1.74,0.023,0.513,4.5,1.48
7498,183.4,10.76,8.38,0.457,0.081,1.2,1.54
7499,61.8,14.22,9.46,0.229,0.441,5.1,0.09
7500,263.2,12.61,3.4,0.213,0.628,2.2,1.04
7501,4.1,8.67,4.17,0.011,0.394,2.6,1.03
7502,24.2,14.55,8.93,0.4,0.19,1.4,1.03
7503,13.9,12.53,5.19,0.011,0.613,9.1,0.08
7504,86.1,11.85,3.07,0.075,0.182,3.4,0.46
7505,46.6,11.03,1.88,0.129,0.016,9.0,0.57
7506,44.6,14.36,2.74,0.074,0.042,5.5,2.59
7507,165.2,18.12,9.99,0.019,0.251,3.2,0.79
7508,56.2,11.41,3.77,0.04,0.288,2.7,2.7
7509,23.6,12.23,7.0,0.128,0.336,1.8,0.69
7510,7.4,12.53,6.58,0.029,0.873,4.8,0.88
7511,255.9,10.32,6.69,0.495,0.125,7.8,2.86
7512,4.6,12.51,3.37,0.165,0.122,9.0,1.42
7513,3.1,10.19,1.97,0.186,0.029,3.0,0.52
7514,191.5,18.07,5.81,0.089,0.048,5.3,1.8
7515,6.4,14.31,8.32,0.136,0.065,6.1,0.19
7516,193.9,8.59,3.25,0.015,0.542,1.7,1.13
7517,8.0,16.45,2.8,0.011,0.4,2.8,1.45
7518,3.1,9.7,5.59,0.148,0.222,5.9,2.52
7519,3.1,17.82,3.36,0.113,0.015,1.8,2.67
7520,256.1,9.77,5.46,0.463,0.076,1.1,2.08
7521,11.8,14.98,1.79,0.033,0.59,3.9,2.67
7522,92.7,14.61,4.18,0.091,0.034,1.5,2.61
7523,66.2,19.44,1.74,0.026,0.022,2.8,1.96
7524,12.1,13.6,3.36,0.042,0.021,7.2,2.75
7525,4.9,11.13,4.31,0.013,0.247,7.2,2.62
7526,51.4,12.04,2.81,0.389,0.941,4.5,1.78
7527,9.7,14.26,3.07,0.012,0.904,8.2,2.33
7528,39.5,15.52,6.29,0.073,0.043,2.6,0.25
7529,9.0,19.42,1.5,0.2,0.907,1.6,1.72
7530,271.9,13.82,3.47,0.248,0.912,3.6,1.39
7531,16.8,19.69,2.56,0.281,0.171,3.2,0.59
7532,40.7,15.23,2.88,0.057,0.035,8.9,0.08
7533,22.1,9.62,2.04,0.159,0.279,1.8,1.92
7534,13.2,12.6,1.6,0.076,0.24,1.1,0.25
7535,34.4,15.56,4.1,0.077,0.168,1.6,1.86
7536,43.7,17.15,9.64,0.027,0.062,5.7,0.67
7537,98.8,12.65,6.38,0.371,0.877,2.0,2.6
7538,11.9,12.8,4.77,0.016,0.225,1.1,0.38
7539,39.8,13.44,1.52,0.059,0.128,2.9,2.54
7540,119.4,11.62,5.47,0.016,0.416,5.2,0.51
7541,7.0,13.57,3.47,0.011,0.109,1.6,2.58
7542,181.3,8.06,4.19,0.427,0.308,8.0,2.6
7543,34.5,17.31,7.41,0.057,0.205,1.2,0.78
7544,76.7,18.75,7.22,0.067,0.54,2.8,0.93
7545,3.4,17.38,2.43,0.011,0.293,1.8,0.62
7546,12.3,8.58,2.01,0.016,0.033,2.1,2.51
7547,92.0,14.3,1.54,0.098,0.046,1.1,0.1
7548,169.3,14.2,8.02,0.016,0.112,2.0,0.83
7549,32.9,17.63,9.73,0.397,0.244,5.8,1.59
7550,31.2,10.22,2.73,0.024,0.013,3.5,2.23
7551,90.4,16.99,2.57,0.426,0.099,1.4,0.51
7552,22.9,10.4,5.39,0.195,0.495,4.5,0.01
7553,24.1,8.14,7.0,0.43,0.572,7.5,0.03
7554,103.7,16.43,2.19,0.024,0.568,1.5,2.89
7555,40.0,19.5,2.55,0.014,0.589,1.6,2.74
7556,12.8,18.59,4.51,0.085,0.018,4.0,1.78
7557,23.4,10.81,8.54,0.03,0.539,2.2,2.71
7558,119.1,16.55,2.49,0.032,0.507,2.7,0.99
7559,70.8,9.97,6.38,0.066,0.849,4.6,0.22
7560,50.9,9.24,1.38,0.017,0.254,3.0,0.34
7561,17.8,9.03,2.92,0.254,0.126,1.9,2.81
7562,4.5,9.69,2.17,0.088,0.027,3.2,2.12
7563,33.8,15.27,3.41,0.031,0.993,8.4,1.52
7564,212.9,15.99,6.4,0.093,0.45,5.3,0.69
7565,3.2,18.15,1.83,0.014,0.114,1.3,0.7
7566,3.7,9.32,1.5,0.015,0.127,2.6,2.77
7567,143.9,9.97,1.87,0.036,0.046,3.4,1.7
7568,114.0,10.11,5.91,0.011,0.021,2.3,1.68
7569,4.5,14.44,5.32,0.06,0.01,7.6,0.46
7570,8.7,16.07,4.45,0.115,0.277,3.6,1.98
7571,72.2,8.51,9.34,0.033,0.416,2.4,2.13
7572,37.3,12.91,5.69,0.025,0.092,7.4,1.34
7573,108.7,11.87,2.69,0.173,0.028,1.8,1.35
7574,7.7,12.83,2.13,0.077,0.706,1.2,0.83
7575,218.4,8.39,6.15,0.235,0.324,9.9,2.03
7576,51.5,15.1,2.45,0.026,0.194,1.5,0.34
7577,23.9,10.16,5.0,0.012,0.616,1.7,0.98
7578,24.5,9.51,1.0,0.033,0.596,6.1,1.56
7579,56.6,18.31,1.49,0.014,0.182,2.1,0.73
7580,141.6,11.05,5.84,0.348,0.656,5.8,2.35
7581,90.5,10.72,8.05,0.074,0.014,8.5,0.79
7582,32.6,16.16,3.29,0.054,0.349,4.1,2.66
7583,15.1,15.67,2.03,0.093,0.013,1.3,0.94
7584,200.4,9.61,6.29,0.297,0.01,1.5,1.19
7585,34.8,19.47,1.08,0.257,0.027,2.2,0.17
7586,13.3,12.73,1.48,0.053,0.068,3.2,1.71
7587,58.3,19.44,7.76,0.203,0.012,2.3,2.39
7588,9.9,19.64,4.78,0.099,0.017,7.2,2.54
7589,43.2,14.59,1.46,0.011,0.021,6.1,2.47
7590,110.1,17.8,1.58,0.064,0.042,2.8,0.43
7591,8.1,11.81,1.65,0.024,0.093,1.2,0.74
7592,21.4,12.88,6.57,0.172,0.462,6.4,0.16
7593,22.6,10.68,3.1,0.142,0.042,1.3,0.94
7594,7.7,11.97,1.07,0.1,0.281,5.9,2.83
7595,27.5,18.67,8.15,0.192,0.117,1.4,2.08
7596,3.6,11.51,2.51,0.285,0.15,4.5,0.88
7597,21.0,10.34,1.61,0.01,0.013,5.9,2.13
7598,5.1,12.38,1.91,0.146,0.011,1.4,0.68
7599,3.4,13.35,5.39,0.049,0.123,9.9,2.58
7600,3.2,10.57,1.92,0.014,0.021,1.5,2.52
7601,51.4,16.18,5.15,0.38,0.036,1.7,0.74
7602,37.9,13.09,1.71,0.212,0.034,1.1,2.47
7603,22.0,9.03,9.87,0.297,0.2,2.2,0.12
7604,9.9,16.05,6.4,0.023,0.085,1.5,0.6
7605,147.6,10.53,1.87,0.035,0.541,2.4,2.46
7606,4.7,8.16,2.74,0.021,0.555,9.0,1.26
7607,24.4,18.35,3.6,0.153,0.16,7.2,2.04
7608,66.9,13.5,5.53,0.153,0.019,3.7,2.83
7609,8.4,16.69,8.45,0.023,0.013,1.8,0.13
7610,6.3,10.8,3.87,0.246,0.122,1.8,2.36
7611,87.1,8.47,1.39,0.011,0.042,8.4,2.3
7612,27.1,8.99,2.12,0.063,0.042,3.2,2.7
7613,161.8,15.74,9.56,0.231,0.038,4.3,1.2
7614,72.9,14.87,7.53,0.29,0.135,5.6,1.86
7615,35.7,14.78,1.28,0.044,0.838,5.9,0.19
7616,30.6,19.15,3.79,0.246,0.015,6.2,0.61
7617,77.1,12.65,8.64,0.107,0.472,1.9,0.25
7618,52.9,9.63,4.0,0.456,0.267,5.3,0.64
7619,3.9,14.64,1.92,0.023,0.024,3.3,2.02
7620,276.2,13.93,6.23,0.042,0.055,8.0,1.7
7621,28.6,15.93,2.92,0.372,0.193,3.4,2.13
7622,4.1,11.0,2.07,0.015,0.238,7.6,1.18
7623,15.0,19.28,2.81,0.032,0.213,2.6,2.15
7624,3.9,9.21,1.92,0.081,0.556,1.8,0.22
7625,4.4,12.46,1.76,0.101,0.047,2.2,1.91
7626,52.4,8.86,1.57,0.042,0.03,1.0,1.28
7627,251.0,12.24,8.06,0.194,0.012,1.0,0.98
7628,17.5,12.92,8.69,0.042,0.014,1.7,2.07
7629,134.5,16.74,1.08,0.073,0.342,1.2,2.77
7630,150.6,11.12,3.78,0.07,0.644,6.6,2.06
7631,4.8,11.2,4.05,0.045,0.017,1.4,2.12
7632,10.4,8.89,2.72,0.016,0.763,2.8,1.71
7633,3.3,19.94,2.52,0.015,0.063,7.2,1.38
7634,18.2,14.06,1.66,0.043,0.123,2.4,0.33
7635,5.3,11.35,2.04,0.441,0.384,2.4,2.05
7636,4.6,16.56,9.82,0.015,0.017,7.7,2.26
7637,9.9,18.5,3.46,0.46,0.252,5.4,0.57
7638,20.9,13.83,5.6,0.032,0.501,4.4,0.49
7639,21.3,16.85,1.28,0.24,0.073,1.1,1.82
7640,3.6,11.38,1.31,0.136,0.023,2.0,2.75
7641,148.8,8.38,8.83,0.028,0.146,2.7,1.8
7642,4.3,18.03,1.24,0.036,0.193,4.6,1.3
7643,131.3,11.11,5.01,0.049,0.387,4.5,0.21
7644,20.9,19.85,2.06,0.101,0.422,3.1,1.1
7645,18.0,14.17,5.09,0.011,0.084,2.0,2.72
7646,152.4,9.66,3.13,0.202,0.825,2.8,2.83
7647,20.4,19.64,8.15,0.024,0.534,1.5,1.22
7648,4.5,16.0,5.54,0.398,0.592,1.6,1.16
7649,28.6,8.49,2.05,0.198,0.794,9.2,2.21
7650,3.1,11.34,4.32,0.018,0.056,1.4,1.82
7651,233.0,12.14,7.64,0.117,0.956,3.0,2.04
7652,25.3,8.97,7.39,0.207,0.034,9.6,2.87
7653,20.8,10.87,9.04,0.021,0.038,1.3,1.11
7654,54.4,13.81,2.88,0.038,0.011,1.1,0.86
7655,3.7,15.08,8.87,0.396,0.055,5.8,0.82
7656,3.0,12.35,6.57,0.015,0.013,3.9,1.43
7657,11.2,10.46,1.38,0.383,0.221,5.3,2.85
7658,147.1,12.18,6.78,0.446,0.208,2.2,2.31
7659,198.7,18.14,1.67,0.056,0.552,1.5,1.01
7660,3.8,9.02,1.13,0.042,0.105,3.6,1.67
7661,222.4,12.18,1.91,0.135,0.507,3.6,1.16
7662,132.7,14.29,4.95,0.029,0.343,3.0,1.32
7663,52.7,18.85,7.04,0.051,0.014,2.7,1.91
7664,39.1,16.99,2.19,0.046,0.894,2.8,1.28
7665,40.5,11.58,7.69,0.062,0.067,7.1,1.17
7666,5.2,12.9,5.66,0.101,0.657,1.4,1.69
7667,38.2,15.67,1.81,0.046,0.856,4.9,2.7
7668,287.2,19.01,3.13,0.102,0.072,2.7,2.55
7669,191.0,8.32,7.96,0.049,0.189,1.6,1.75
7670,19.6,9.19,8.89,0.035,0.127,4.4,1.62
7671,82.8,11.14,2.55,0.029,0.625,4.1,2.58
7672,172.1,19.13,3.45,0.089,0.018,1.0,1.9
7673,17.4,13.57,8.78,0.107,0.316,1.9,0.99
7674,291.8,12.04,3.87,0.036,0.026,1.5,0.54
7675,3.0,15.06,1.09,0.185,0.014,2.1,2.35
7676,207.0,8.58,1.03,0.015,0.013,3.4,2.27
7677,41.0,11.14,1.96,0.356,0.068,4.9,0.62
7678,3.1,16.42,1.08,0.061,0.041,5.5,1.0
7679,45.2,16.4,2.24,0.085,0.042,1.9,0.78
7680,182.7,9.58,3.34,0.016,0.325,1.4,1.94
7681,54.0,9.64,1.56,0.232,0.225,1.2,0.1
7682,6.1,16.3,1.17,0.28,0.605,3.1,1.5
7683,20.9,8.34,9.06,0.103,0.024,6.4,0.74
7684,49.4,9.44,6.91,0.075,0.067,3.3,2.84
7685,41.1,9.72,1.61,0.177,0.305,6.9,2.79
7686,24.4,14.14,4.06,0.208,0.054,2.4,0.07
7687,188.8,15.79,1.89,0.323,0.096,8.7,2.28
7688,171.3,16.65,2.75,0.443,0.055,1.6,0.06
7689,3.3,17.62,9.85,0.267,0.026,2.0,1.06
7690,100.5,18.34,1.75,0.298,0.072,3.5,2.3
7691,5.4,14.54,2.1,0.484,0.841,8.4,1.85
7692,19.5,13.92,1.37,0.069,0.455,4.8,1.69
7693,190.1,8.86,2.47,0.322,0.082,1.7,2.39
7694,3.6,14.39,6.94,0.018,0.013,1.3,1.35
7695,15.1,14.11,1.68,0.032,0.061,1.8,2.1
7696,73.0,17.2,1.39,0.21,1.0,5.2,2.22
7697,10.5,15.18,3.49,0.042,0.158,8.4,0.9
7698,36.2,11.76,5.33,0.353,0.749,1.0,2.07
7699,24.2,17.64,6.32,0.037,0.034,3.5,2.36
7700,13.2,15.62,1.47,0.026,0.263,9.7,1.06
7701,45.4,9.64,2.06,0.021,0.102,5.4,1.0
7702,52.0,16.49,2.37,0.035,0.033,1.4,1.44
7703,80.9,19.39,1.36,0.14,0.123,8.9,1.84
7704,11.2,8.2,2.01,0.013,0.344,3.9,1.0
7705,39.6,18.81,1.75,0.02,0.041,9.2,0.16
7706,171.9,19.99,2.69,0.244,0.882,1.2,2.19
7707,108.8,11.92,1.0,0.197,0.212,1.4,2.81
7708,145.6,8.07,8.14,0.024,0.033,1.3,0.85
7709,3.6,12.56,9.19,0.331,0.182,4.4,0.11
7710,5.0,19.62,1.61,0.023,0.075,3.7,2.16
7711,5.6,13.25,1.43,0.189,0.013,9.7,2.57
7712,70.2,9.87,2.44,0.079,0.014,4.6,2.46
7713,292.6,16.15,3.79,0.032,0.031,9.0,0.12
7714,35.0,8.94,1.66,0.025,0.014,6.5,0.07
7715,5.9,8.05,3.51,0.034,0.048,1.1,1.11
7716,23.3,10.43,1.34,0.048,0.071,1.2,2.61
7717,221.9,9.04,9.69,0.017,0.03,1.2,2.65
7718,21.1,11.34,1.26,0.445,0.084,3.0,0.18
7719,68.6,18.55,7.51,0.056,0.055,3.9,0.5
7720,45.6,13.44,3.76,0.19,0.31,6.7,1.82
7721,79.2,8.16,5.57,0.185,0.051,4.4,1.16
7722,69.3,13.61,9.96,0.024,0.055,5.3,1.65
7723,7.4,14.22,4.33,0.376,0.07,5.0,0.3
7724,47.2,15.12,2.74,0.155,0.019,2.2,2.93
7725,150.8,19.45,5.5,0.029,0.254,3.0,1.02
7726,43.5,17.56,1.54,0.22,0.049,6.4,1.69
7727,31.1,13.29,7.17,0.021,0.415,1.5,2.16
7728,208.0,11.72,1.54,0.032,0.091,6.3,1.22
7729,7.0,13.7,6.46,0.238,0.383,2.4,0.56
7730,4.2,19.04,9.28,0.045,0.014,2.2,2.06
7731,31.5,10.31,8.66,0.346,0.075,1.8,2.29
7732,14.5,8.94,1.45,0.015,0.4,8.7,1.58
7733,39.7,19.68,6.18,0.312,0.011,1.3,0.32
7734,10.0,10.0,1.61,0.084,0.166,8.4,2.15
7735,110.1,8.45,5.27,0.323,0.254,2.7,1.58
7736,5.4,11.39,3.52,0.049,0.03,5.0,1.8
7737,4.3,16.11,2.05,0.266,0.03,2.3,2.5
7738,295.0,12.04,4.99,0.022,0.114,1.9,1.75
7739,4.6,17.85,1.7,0.056,0.15,2.9,0.69
7740,10.3,14.34,1.17,0.421,0.27,9.8,0.6
7741,13.0,11.23,2.5,0.282,0.028,2.5,0.88
7742,142.5,13.75,2.4,0.307,0.063,1.7,1.91
7743,60.6,8.32,7.07,0.133,0.065,1.3,2.85
7744,28.8,16.64,6.62,0.033,0.013,2.8,2.24
7745,12.0,11.05,1.99,0.141,0.876,5.6,0.8
7746,28.7,16.22,2.43,0.082,0.036,3.2,0.03
7747,31.7,17.88,9.11,0.035,0.042,7.4,0.31
7748,6.0,17.26,3.63,0.223,0.019,1.8,0.95
7749,36.9,11.89,2.21,0.024,0.204,1.7,1.04
7750,108.6,16.71,8.11,0.21,0.109,6.2,2.55
7751,5.7,9.62,1.82,0.058,0.056,2.3,2.92
7752,3.2,15.31,1.63,0.036,0.097,2.4,1.52
7753,90.3,11.32,5.65,0.036,0.018,5.4,1.52
7754,13.1,10.12,6.32,0.013,0.057,3.6,0.55
7755,13.1,17.3,7.98,0.12,0.227,7.8,2.23
7756,49.7,9.75,1.65,0.014,0.048,3.3,0.29
7757,45.9,18.48,8.2,0.063,0.031,1.9,1.14
7758,211.6,19.96,2.79,0.13,0.598,1.3,0.3
7759,67.9,10.47,7.52,0.05,0.075,4.6,0.45
7760,146.2,10.08,9.61,0.123,0.075,7.8,2.4
7761,34.0,14.99,2.61,0.049,0.098,5.7,1.54
7762,32.6,16.16,2.25,0.013,0.352,3.9,0.49
7763,15.4,11.54,1.28,0.476,0.016,9.7,1.09
7764,93.8,9.07,6.32,0.238,0.085,1.9,1.73
7765,54.1,13.23,1.39,0.035,0.027,1.2,0.21
7766,236.5,9.78,1.91,0.023,0.51,2.8,1.62
7767,49.1,15.62,5.32,0.024,0.052,4.6,0.47
7768,251.3,14.73,1.2,0.127,0.099,2.5,1.73
7769,4.4,10.74,9.44,0.119,0.069,1.3,2.53
7770,84.4,19.27,2.53,0.258,0.904,3.9,2.7
7771,6.4,10.0,1.07,0.037,0.531,2.0,1.45
7772,61.2,9.82,1.01,0.104,0.037,1.2,1.27
7773,6.3,8.49,1.58,0.296,0.123,1.4,2.61
7774,6.7,19.2,5.74,0.04,0.244,6.6,2.88
7775,135.8,10.82,1.98,0.413,0.107,4.7,2.24
7776,7.5,18.69,4.9,0.014,0.015,2.8,1.16
7777,289.5,18.11,3.76,0.012,0.037,1.7,1.32
7778,4.8,13.4,1.55,0.042,0.035,4.1,1.49
7779,14.3,19.56,5.2,0.277,0.224,5.2,0.28
7780,38.1,13.43,6.28,0.191,0.553,1.8,2.82
7781,15.8,10.37,2.82,0.199,0.054,1.4,1.15
7782,20.0,17.04,7.51,0.03,0.012,9.3,0.29
7783,25.3,12.15,3.09,0.158,0.036,1.1,0.55
7784,89.2,10.47,6.05,0.019,0.315,4.4,2.2
7785,184.0,18.17,3.54,0.045,0.02,3.7,2.11
7786,98.9,8.42,4.25,0.412,0.011,6.5,2.11
7787,262.5,11.86,1.44,0.091,0.154,1.3,1.25
7788,7.2,16.12,4.94,0.022,0.015,1.4,1.41
7789,263.9,18.18,2.4,0.473,0.304,2.8,0.38
7790,231.5,18.79,3.57,0.025,0.09,9.4,2.22
7791,5.7,18.65,5.81,0.023,0.01,4.3,0.82
7792,33.2,8.92,1.06,0.333,0.44,2.5,0.21
7793,14.3,11.7,3.63,0.056,0.201,3.1,0.1
7794,3.7,19.46,1.72,0.055,0.206,5.0,0.18
7795,4.5,10.32,3.67,0.329,0.12,1.9,1.37
7796,5.4,11.94,1.36,0.324,0.016,2.3,2.94
7797,93.8,12.61,3.25,0.054,0.264,6.9,1.18
7798,46.3,19.88,1.02,0.495,0.012,1.1,2.52
7799,3.6,11.99,6.15,0.072,0.195,1.9,2.16
7800,13.2,17.97,2.56,0.033,0.949,1.2,2.17
7801,145.2,18.05,3.08,0.028,0.026,3.4,1.83
7802,178.4,12.19,1.99,0.047,0.09,1.8,2.33
7803,91.9,11.18,4.63,0.028,0.063,7.2,2.93
7804,3.9,15.9,9.22,0.035,0.01,8.7,1.6
7805,5.9,19.74,1.36,0.016,0.106,3.3,2.73
7806,3.3,18.92,2.1,0.054,0.011,1.3,1.45
7807,230.1,11.04,3.9,0.03,0.379,6.7,2.51
7808,8.5,14.89,6.75,0.041,0.035,2.5,0.41
7809,23.1,19.18,2.17,0.135,0.02,3.4,2.77
7810,161.8,8.16,2.52,0.127,0.08,1.1,2.61
7811,10.9,9.16,1.94,0.051,0.395,1.7,2.49
7812,50.2,13.29,5.66,0.414,0.277,1.3,2.05
7813,178.7,12.05,5.0,0.437,0.178,1.6,2.55
7814,48.1,14.89,5.97,0.012,0.025,1.8,2.03
7815,9.7,19.58,1.44,0.287,0.023,1.1,2.46
7816,145.2,8.07,7.87,0.065,0.533,1.4,1.76
7817,40.9,14.9,3.4,0.171,0.018,1.1,1.29
7818,4.7,14.83,3.04,0.034,0.141,7.5,0.42
7819,114.8,15.83,1.81,0.034,0.021,1.6,1.45
7820,83.2,19.86,3.99,0.043,0.403,1.5,1.46
7821,25.7,14.83,2.94,0.019,0.722,1.9,1.18
7822,19.8,16.07,2.48,0.015,0.171,1.8,0.67
7823,32.5,11.3,3.87,0.011,0.342,1.3,0.97
7824,54.4,9.93,1.68,0.01,0.502,9.3,2.47
7825,10.7,9.78,5.55,0.019,0.069,7.9,1.59
7826,265.1,11.12,2.83,0.047,0.019,8.9,2.63
7827,14.0,17.29,2.81,0.422,0.495,1.0,0.74
7828,61.6,10.13,1.66,0.401,0.067,1.9,0.02
7829,24.5,18.54,2.27,0.267,0.055,7.5,2.76
7830,12.7,11.1,1.4,0.291,0.2,5.6,1.82
7831,117.2,9.52,1.45,0.015,0.129,4.8,2.91
7832,3.3,18.35,1.48,0.036,0.012,7.3,1.24
7833,16.2,8.35,1.52,0.058,0.052,6.2,2.44
7834,85.9,14.92,6.03,0.152,0.761,4.0,1.28
7835,220.8,14.45,3.72,0.012,0.326,1.1,1.99
7836,3.1,10.08,1.45,0.09,0.233,1.1,2.21
7837,21.6,11.68,8.26,0.095,0.036,8.2,2.86
7838,67.5,10.15,1.99,0.031,0.706,7.9,2.94
7839,7.3,12.29,6.53,0.062,0.061,2.8,0.78
7840,261.8,10.13,1.23,0.162,0.15,6.5,0.93
7841,10.8,10.94,2.18,0.172,0.03,4.2,0.67
7842,89.7,18.03,7.02,0.082,0.057,9.2,1.82
7843,7.6,10.58,3.31,0.052,0.091,2.7,0.09
7844,17.1,12.21,1.78,0.01,0.755,8.0,1.31
7845,4.3,15.3,1.28,0.37,0.16,4.9,2.73
7846,65.2,14.04,2.08,0.106,0.072,6.0,0.18
