ID;Radius;Mass;Energy;Nichel
1;1.0;10.0;0.50;0.010
2;1.0;10.0;0.50;0.020
3;1.0;10.0;0.50;0.030
4;1.0;10.0;0.50;0.040
5;1.0;10.0;0.50;0.050
6;1.0;10.0;0.50;0.060
7;1.0;10.0;0.50;0.070
8;1.0;10.0;0.50;0.080
9;1.0;10.0;0.50;0.090
10;1.0;10.0;0.50;0.100
11;3.0;10.0;0.50;0.010
12;3.0;10.0;0.50;0.020
13;3.0;10.0;0.50;0.030
14;3.0;10.0;0.50;0.040
15;3.0;10.0;0.50;0.050
16;3.0;10.0;0.50;0.060
17;3.0;10.0;0.50;0.070
18;3.0;10.0;0.50;0.080
19;3.0;10.0;0.50;0.090
20;3.0;10.0;0.50;0.100
21;5.0;10.0;0.50;0.010
22;5.0;10.0;0.50;0.020
23;5.0;10.0;0.50;0.030
24;5.0;10.0;0.50;0.040
25;5.0;10.0;0.50;0.050
26;5.0;10.0;0.50;0.060
27;5.0;10.0;0.50;0.070
28;5.0;10.0;0.50;0.080
29;5.0;10.0;0.50;0.090
30;5.0;10.0;0.50;0.100
31;7.0;10.0;0.50;0.010
32;7.0;10.0;0.50;0.020
33;7.0;10.0;0.50;0.030
34;7.0;10.0;0.50;0.040
35;7.0;10.0;0.50;0.050
36;7.0;10.0;0.50;0.060
37;7.0;10.0;0.50;0.070
38;7.0;10.0;0.50;0.080
39;7.0;10.0;0.50;0.090
40;7.0;10.0;0.50;0.100
41;9.0;10.0;0.50;0.010
42;9.0;10.0;0.50;0.020
43;9.0;10.0;0.50;0.030
44;9.0;10.0;0.50;0.040
45;9.0;10.0;0.50;0.050
46;9.0;10.0;0.50;0.060
47;9.0;10.0;0.50;0.070
48;9.0;10.0;0.50;0.080
49;9.0;10.0;0.50;0.090
50;9.0;10.0;0.50;0.100
51;11.0;10.0;0.50;0.010
52;11.0;10.0;0.50;0.020
53;11.0;10.0;0.50;0.030
54;11.0;10.0;0.50;0.040
55;11.0;10.0;0.50;0.050
56;11.0;10.0;0.50;0.060
57;11.0;10.0;0.50;0.070
58;11.0;10.0;0.50;0.080
59;11.0;10.0;0.50;0.090
60;11.0;10.0;0.50;0.100
61;13.0;10.0;0.50;0.010
62;13.0;10.0;0.50;0.020
63;13.0;10.0;0.50;0.030
64;13.0;10.0;0.50;0.040
65;13.0;10.0;0.50;0.050
66;13.0;10.0;0.50;0.060
67;13.0;10.0;0.50;0.070
68;13.0;10.0;0.50;0.080
69;13.0;10.0;0.50;0.090
70;13.0;10.0;0.50;0.100
71;15.0;10.0;0.50;0.010
72;15.0;10.0;0.50;0.020
73;15.0;10.0;0.50;0.030
74;15.0;10.0;0.50;0.040
75;15.0;10.0;0.50;0.050
76;15.0;10.0;0.50;0.060
77;15.0;10.0;0.50;0.070
78;15.0;10.0;0.50;0.080
79;15.0;10.0;0.50;0.090
80;15.0;10.0;0.50;0.100
81;17.0;10.0;0.50;0.010
82;17.0;10.0;0.50;0.020
83;17.0;10.0;0.50;0.030
84;17.0;10.0;0.50;0.040
85;17.0;10.0;0.50;0.050
86;17.0;10.0;0.50;0.060
87;17.0;10.0;0.50;0.070
88;17.0;10.0;0.50;0.080
89;17.0;10.0;0.50;0.090
90;17.0;10.0;0.50;0.100
91;19.0;10.0;0.50;0.010
92;19.0;10.0;0.50;0.020
93;19.0;10.0;0.50;0.030
94;19.0;10.0;0.50;0.040
95;19.0;10.0;0.50;0.050
96;19.0;10.0;0.50;0.060
97;19.0;10.0;0.50;0.070
98;19.0;10.0;0.50;0.080
99;19.0;10.0;0.50;0.090
100;19.0;10.0;0.50;0.100
101;21.0;10.0;0.50;0.010
102;21.0;10.0;0.50;0.020
103;21.0;10.0;0.50;0.030
104;21.0;10.0;0.50;0.040
105;21.0;10.0;0.50;0.050
106;21.0;10.0;0.50;0.060
107;21.0;10.0;0.50;0.070
108;21.0;10.0;0.50;0.080
109;21.0;10.0;0.50;0.090
110;21.0;10.0;0.50;0.100
111;23.0;10.0;0.50;0.010
112;23.0;10.0;0.50;0.020
113;23.0;10.0;0.50;0.030
114;23.0;10.0;0.50;0.040
115;23.0;10.0;0.50;0.050
116;23.0;10.0;0.50;0.060
117;23.0;10.0;0.50;0.070
118;23.0;10.0;0.50;0.080
119;23.0;10.0;0.50;0.090
120;23.0;10.0;0.50;0.100
121;25.0;10.0;0.50;0.010
122;25.0;10.0;0.50;0.020
123;25.0;10.0;0.50;0.030
124;25.0;10.0;0.50;0.040
125;25.0;10.0;0.50;0.050
126;25.0;10.0;0.50;0.060
127;25.0;10.0;0.50;0.070
128;25.0;10.0;0.50;0.080
129;25.0;10.0;0.50;0.090
130;25.0;10.0;0.50;0.100
131;1.0;12.0;0.50;0.010
132;1.0;12.0;0.50;0.020
133;1.0;12.0;0.50;0.030
134;1.0;12.0;0.50;0.040
135;1.0;12.0;0.50;0.050
136;1.0;12.0;0.50;0.060
137;1.0;12.0;0.50;0.070
138;1.0;12.0;0.50;0.080
139;1.0;12.0;0.50;0.090
140;1.0;12.0;0.50;0.100
141;3.0;12.0;0.50;0.010
142;3.0;12.0;0.50;0.020
143;3.0;12.0;0.50;0.030
144;3.0;12.0;0.50;0.040
145;3.0;12.0;0.50;0.050
146;3.0;12.0;0.50;0.060
147;3.0;12.0;0.50;0.070
148;3.0;12.0;0.50;0.080
149;3.0;12.0;0.50;0.090
150;3.0;12.0;0.50;0.100
151;5.0;12.0;0.50;0.010
152;5.0;12.0;0.50;0.020
153;5.0;12.0;0.50;0.030
154;5.0;12.0;0.50;0.040
155;5.0;12.0;0.50;0.050
156;5.0;12.0;0.50;0.060
157;5.0;12.0;0.50;0.070
158;5.0;12.0;0.50;0.080
159;5.0;12.0;0.50;0.090
160;5.0;12.0;0.50;0.100
161;7.0;12.0;0.50;0.010
162;7.0;12.0;0.50;0.020
163;7.0;12.0;0.50;0.030
164;7.0;12.0;0.50;0.040
165;7.0;12.0;0.50;0.050
166;7.0;12.0;0.50;0.060
167;7.0;12.0;0.50;0.070
168;7.0;12.0;0.50;0.080
169;7.0;12.0;0.50;0.090
170;7.0;12.0;0.50;0.100
171;9.0;12.0;0.50;0.010
172;9.0;12.0;0.50;0.020
173;9.0;12.0;0.50;0.030
174;9.0;12.0;0.50;0.040
175;9.0;12.0;0.50;0.050
176;9.0;12.0;0.50;0.060
177;9.0;12.0;0.50;0.070
178;9.0;12.0;0.50;0.080
179;9.0;12.0;0.50;0.090
180;9.0;12.0;0.50;0.100
181;11.0;12.0;0.50;0.010
182;11.0;12.0;0.50;0.020
183;11.0;12.0;0.50;0.030
184;11.0;12.0;0.50;0.040
185;11.0;12.0;0.50;0.050
186;11.0;12.0;0.50;0.060
187;11.0;12.0;0.50;0.070
188;11.0;12.0;0.50;0.080
189;11.0;12.0;0.50;0.090
190;11.0;12.0;0.50;0.100
191;13.0;12.0;0.50;0.010
192;13.0;12.0;0.50;0.020
193;13.0;12.0;0.50;0.030
194;13.0;12.0;0.50;0.040
195;13.0;12.0;0.50;0.050
196;13.0;12.0;0.50;0.060
197;13.0;12.0;0.50;0.070
198;13.0;12.0;0.50;0.080
199;13.0;12.0;0.50;0.090
200;13.0;12.0;0.50;0.100
201;15.0;12.0;0.50;0.010
202;15.0;12.0;0.50;0.020
203;15.0;12.0;0.50;0.030
204;15.0;12.0;0.50;0.040
205;15.0;12.0;0.50;0.050
206;15.0;12.0;0.50;0.060
207;15.0;12.0;0.50;0.070
208;15.0;12.0;0.50;0.080
209;15.0;12.0;0.50;0.090
210;15.0;12.0;0.50;0.100
211;17.0;12.0;0.50;0.010
212;17.0;12.0;0.50;0.020
213;17.0;12.0;0.50;0.030
214;17.0;12.0;0.50;0.040
215;17.0;12.0;0.50;0.050
216;17.0;12.0;0.50;0.060
217;17.0;12.0;0.50;0.070
218;17.0;12.0;0.50;0.080
219;17.0;12.0;0.50;0.090
220;17.0;12.0;0.50;0.100
221;19.0;12.0;0.50;0.010
222;19.0;12.0;0.50;0.020
223;19.0;12.0;0.50;0.030
224;19.0;12.0;0.50;0.040
225;19.0;12.0;0.50;0.050
226;19.0;12.0;0.50;0.060
227;19.0;12.0;0.50;0.070
228;19.0;12.0;0.50;0.080
229;19.0;12.0;0.50;0.090
230;19.0;12.0;0.50;0.100
231;21.0;12.0;0.50;0.010
232;21.0;12.0;0.50;0.020
233;21.0;12.0;0.50;0.030
234;21.0;12.0;0.50;0.040
235;21.0;12.0;0.50;0.050
236;21.0;12.0;0.50;0.060
237;21.0;12.0;0.50;0.070
238;21.0;12.0;0.50;0.080
239;21.0;12.0;0.50;0.090
240;21.0;12.0;0.50;0.100
241;23.0;12.0;0.50;0.010
242;23.0;12.0;0.50;0.020
243;23.0;12.0;0.50;0.030
244;23.0;12.0;0.50;0.040
245;23.0;12.0;0.50;0.050
246;23.0;12.0;0.50;0.060
247;23.0;12.0;0.50;0.070
248;23.0;12.0;0.50;0.080
249;23.0;12.0;0.50;0.090
250;23.0;12.0;0.50;0.100
251;25.0;12.0;0.50;0.010
252;25.0;12.0;0.50;0.020
253;25.0;12.0;0.50;0.030
254;25.0;12.0;0.50;0.040
255;25.0;12.0;0.50;0.050
256;25.0;12.0;0.50;0.060
257;25.0;12.0;0.50;0.070
258;25.0;12.0;0.50;0.080
259;25.0;12.0;0.50;0.090
260;25.0;12.0;0.50;0.100
261;1.0;14.0;0.50;0.010
262;1.0;14.0;0.50;0.020
263;1.0;14.0;0.50;0.030
264;1.0;14.0;0.50;0.040
265;1.0;14.0;0.50;0.050
266;1.0;14.0;0.50;0.060
267;1.0;14.0;0.50;0.070
268;1.0;14.0;0.50;0.080
269;1.0;14.0;0.50;0.090
270;1.0;14.0;0.50;0.100
271;3.0;14.0;0.50;0.010
272;3.0;14.0;0.50;0.020
273;3.0;14.0;0.50;0.030
274;3.0;14.0;0.50;0.040
275;3.0;14.0;0.50;0.050
276;3.0;14.0;0.50;0.060
277;3.0;14.0;0.50;0.070
278;3.0;14.0;0.50;0.080
279;3.0;14.0;0.50;0.090
280;3.0;14.0;0.50;0.100
281;5.0;14.0;0.50;0.010
282;5.0;14.0;0.50;0.020
283;5.0;14.0;0.50;0.030
284;5.0;14.0;0.50;0.040
285;5.0;14.0;0.50;0.050
286;5.0;14.0;0.50;0.060
287;5.0;14.0;0.50;0.070
288;5.0;14.0;0.50;0.080
289;5.0;14.0;0.50;0.090
290;5.0;14.0;0.50;0.100
291;7.0;14.0;0.50;0.010
292;7.0;14.0;0.50;0.020
293;7.0;14.0;0.50;0.030
294;7.0;14.0;0.50;0.040
295;7.0;14.0;0.50;0.050
296;7.0;14.0;0.50;0.060
297;7.0;14.0;0.50;0.070
298;7.0;14.0;0.50;0.080
299;7.0;14.0;0.50;0.090
300;7.0;14.0;0.50;0.100
301;9.0;14.0;0.50;0.010
302;9.0;14.0;0.50;0.020
303;9.0;14.0;0.50;0.030
304;9.0;14.0;0.50;0.040
305;9.0;14.0;0.50;0.050
306;9.0;14.0;0.50;0.060
307;9.0;14.0;0.50;0.070
308;9.0;14.0;0.50;0.080
309;9.0;14.0;0.50;0.090
310;9.0;14.0;0.50;0.100
311;11.0;14.0;0.50;0.010
312;11.0;14.0;0.50;0.020
313;11.0;14.0;0.50;0.030
314;11.0;14.0;0.50;0.040
315;11.0;14.0;0.50;0.050
316;11.0;14.0;0.50;0.060
317;11.0;14.0;0.50;0.070
318;11.0;14.0;0.50;0.080
319;11.0;14.0;0.50;0.090
320;11.0;14.0;0.50;0.100
321;13.0;14.0;0.50;0.010
322;13.0;14.0;0.50;0.020
323;13.0;14.0;0.50;0.030
324;13.0;14.0;0.50;0.040
325;13.0;14.0;0.50;0.050
326;13.0;14.0;0.50;0.060
327;13.0;14.0;0.50;0.070
328;13.0;14.0;0.50;0.080
329;13.0;14.0;0.50;0.090
330;13.0;14.0;0.50;0.100
331;15.0;14.0;0.50;0.010
332;15.0;14.0;0.50;0.020
333;15.0;14.0;0.50;0.030
334;15.0;14.0;0.50;0.040
335;15.0;14.0;0.50;0.050
336;15.0;14.0;0.50;0.060
337;15.0;14.0;0.50;0.070
338;15.0;14.0;0.50;0.080
339;15.0;14.0;0.50;0.090
340;15.0;14.0;0.50;0.100
341;17.0;14.0;0.50;0.010
342;17.0;14.0;0.50;0.020
343;17.0;14.0;0.50;0.030
344;17.0;14.0;0.50;0.040
345;17.0;14.0;0.50;0.050
346;17.0;14.0;0.50;0.060
347;17.0;14.0;0.50;0.070
348;17.0;14.0;0.50;0.080
349;17.0;14.0;0.50;0.090
350;17.0;14.0;0.50;0.100
351;19.0;14.0;0.50;0.010
352;19.0;14.0;0.50;0.020
353;19.0;14.0;0.50;0.030
354;19.0;14.0;0.50;0.040
355;19.0;14.0;0.50;0.050
356;19.0;14.0;0.50;0.060
357;19.0;14.0;0.50;0.070
358;19.0;14.0;0.50;0.080
359;19.0;14.0;0.50;0.090
360;19.0;14.0;0.50;0.100
361;21.0;14.0;0.50;0.010
362;21.0;14.0;0.50;0.020
363;21.0;14.0;0.50;0.030
364;21.0;14.0;0.50;0.040
365;21.0;14.0;0.50;0.050
366;21.0;14.0;0.50;0.060
367;21.0;14.0;0.50;0.070
368;21.0;14.0;0.50;0.080
369;21.0;14.0;0.50;0.090
370;21.0;14.0;0.50;0.100
371;23.0;14.0;0.50;0.010
372;23.0;14.0;0.50;0.020
373;23.0;14.0;0.50;0.030
374;23.0;14.0;0.50;0.040
375;23.0;14.0;0.50;0.050
376;23.0;14.0;0.50;0.060
377;23.0;14.0;0.50;0.070
378;23.0;14.0;0.50;0.080
379;23.0;14.0;0.50;0.090
380;23.0;14.0;0.50;0.100
381;25.0;14.0;0.50;0.010
382;25.0;14.0;0.50;0.020
383;25.0;14.0;0.50;0.030
384;25.0;14.0;0.50;0.040
385;25.0;14.0;0.50;0.050
386;25.0;14.0;0.50;0.060
387;25.0;14.0;0.50;0.070
388;25.0;14.0;0.50;0.080
389;25.0;14.0;0.50;0.090
390;25.0;14.0;0.50;0.100
391;1.0;16.0;0.50;0.010
392;1.0;16.0;0.50;0.020
393;1.0;16.0;0.50;0.030
394;1.0;16.0;0.50;0.040
395;1.0;16.0;0.50;0.050
396;1.0;16.0;0.50;0.060
397;1.0;16.0;0.50;0.070
398;1.0;16.0;0.50;0.080
399;1.0;16.0;0.50;0.090
400;1.0;16.0;0.50;0.100
401;3.0;16.0;0.50;0.010
402;3.0;16.0;0.50;0.020
403;3.0;16.0;0.50;0.030
404;3.0;16.0;0.50;0.040
405;3.0;16.0;0.50;0.050
406;3.0;16.0;0.50;0.060
407;3.0;16.0;0.50;0.070
408;3.0;16.0;0.50;0.080
409;3.0;16.0;0.50;0.090
410;3.0;16.0;0.50;0.100
411;5.0;16.0;0.50;0.010
412;5.0;16.0;0.50;0.020
413;5.0;16.0;0.50;0.030
414;5.0;16.0;0.50;0.040
415;5.0;16.0;0.50;0.050
416;5.0;16.0;0.50;0.060
417;5.0;16.0;0.50;0.070
418;5.0;16.0;0.50;0.080
419;5.0;16.0;0.50;0.090
420;5.0;16.0;0.50;0.100
421;7.0;16.0;0.50;0.010
422;7.0;16.0;0.50;0.020
423;7.0;16.0;0.50;0.030
424;7.0;16.0;0.50;0.040
425;7.0;16.0;0.50;0.050
426;7.0;16.0;0.50;0.060
427;7.0;16.0;0.50;0.070
428;7.0;16.0;0.50;0.080
429;7.0;16.0;0.50;0.090
430;7.0;16.0;0.50;0.100
431;9.0;16.0;0.50;0.010
432;9.0;16.0;0.50;0.020
433;9.0;16.0;0.50;0.030
434;9.0;16.0;0.50;0.040
435;9.0;16.0;0.50;0.050
436;9.0;16.0;0.50;0.060
437;9.0;16.0;0.50;0.070
438;9.0;16.0;0.50;0.080
439;9.0;16.0;0.50;0.090
440;9.0;16.0;0.50;0.100
441;11.0;16.0;0.50;0.010
442;11.0;16.0;0.50;0.020
443;11.0;16.0;0.50;0.030
444;11.0;16.0;0.50;0.040
445;11.0;16.0;0.50;0.050
446;11.0;16.0;0.50;0.060
447;11.0;16.0;0.50;0.070
448;11.0;16.0;0.50;0.080
449;11.0;16.0;0.50;0.090
450;11.0;16.0;0.50;0.100
451;13.0;16.0;0.50;0.010
452;13.0;16.0;0.50;0.020
453;13.0;16.0;0.50;0.030
454;13.0;16.0;0.50;0.040
455;13.0;16.0;0.50;0.050
456;13.0;16.0;0.50;0.060
457;13.0;16.0;0.50;0.070
458;13.0;16.0;0.50;0.080
459;13.0;16.0;0.50;0.090
460;13.0;16.0;0.50;0.100
461;15.0;16.0;0.50;0.010
462;15.0;16.0;0.50;0.020
463;15.0;16.0;0.50;0.030
464;15.0;16.0;0.50;0.040
465;15.0;16.0;0.50;0.050
466;15.0;16.0;0.50;0.060
467;15.0;16.0;0.50;0.070
468;15.0;16.0;0.50;0.080
469;15.0;16.0;0.50;0.090
470;15.0;16.0;0.50;0.100
471;17.0;16.0;0.50;0.010
472;17.0;16.0;0.50;0.020
473;17.0;16.0;0.50;0.030
474;17.0;16.0;0.50;0.040
475;17.0;16.0;0.50;0.050
476;17.0;16.0;0.50;0.060
477;17.0;16.0;0.50;0.070
478;17.0;16.0;0.50;0.080
479;17.0;16.0;0.50;0.090
480;17.0;16.0;0.50;0.100
481;19.0;16.0;0.50;0.010
482;19.0;16.0;0.50;0.020
483;19.0;16.0;0.50;0.030
484;19.0;16.0;0.50;0.040
485;19.0;16.0;0.50;0.050
486;19.0;16.0;0.50;0.060
487;19.0;16.0;0.50;0.070
488;19.0;16.0;0.50;0.080
489;19.0;16.0;0.50;0.090
490;19.0;16.0;0.50;0.100
491;21.0;16.0;0.50;0.010
492;21.0;16.0;0.50;0.020
493;21.0;16.0;0.50;0.030
494;21.0;16.0;0.50;0.040
495;21.0;16.0;0.50;0.050
496;21.0;16.0;0.50;0.060
497;21.0;16.0;0.50;0.070
498;21.0;16.0;0.50;0.080
499;21.0;16.0;0.50;0.090
500;21.0;16.0;0.50;0.100
501;23.0;16.0;0.50;0.010
502;23.0;16.0;0.50;0.020
503;23.0;16.0;0.50;0.030
504;23.0;16.0;0.50;0.040
505;23.0;16.0;0.50;0.050
506;23.0;16.0;0.50;0.060
507;23.0;16.0;0.50;0.070
508;23.0;16.0;0.50;0.080
509;23.0;16.0;0.50;0.090
510;23.0;16.0;0.50;0.100
511;25.0;16.0;0.50;0.010
512;25.0;16.0;0.50;0.020
513;25.0;16.0;0.50;0.030
514;25.0;16.0;0.50;0.040
515;25.0;16.0;0.50;0.050
516;25.0;16.0;0.50;0.060
517;25.0;16.0;0.50;0.070
518;25.0;16.0;0.50;0.080
519;25.0;16.0;0.50;0.090
520;25.0;16.0;0.50;0.100
521;1.0;18.0;0.50;0.010
522;1.0;18.0;0.50;0.020
523;1.0;18.0;0.50;0.030
524;1.0;18.0;0.50;0.040
525;1.0;18.0;0.50;0.050
526;1.0;18.0;0.50;0.060
527;1.0;18.0;0.50;0.070
528;1.0;18.0;0.50;0.080
529;1.0;18.0;0.50;0.090
530;1.0;18.0;0.50;0.100
531;3.0;18.0;0.50;0.010
532;3.0;18.0;0.50;0.020
533;3.0;18.0;0.50;0.030
534;3.0;18.0;0.50;0.040
535;3.0;18.0;0.50;0.050
536;3.0;18.0;0.50;0.060
537;3.0;18.0;0.50;0.070
538;3.0;18.0;0.50;0.080
539;3.0;18.0;0.50;0.090
540;3.0;18.0;0.50;0.100
541;5.0;18.0;0.50;0.010
542;5.0;18.0;0.50;0.020
543;5.0;18.0;0.50;0.030
544;5.0;18.0;0.50;0.040
545;5.0;18.0;0.50;0.050
546;5.0;18.0;0.50;0.060
547;5.0;18.0;0.50;0.070
548;5.0;18.0;0.50;0.080
549;5.0;18.0;0.50;0.090
550;5.0;18.0;0.50;0.100
551;7.0;18.0;0.50;0.010
552;7.0;18.0;0.50;0.020
553;7.0;18.0;0.50;0.030
554;7.0;18.0;0.50;0.040
555;7.0;18.0;0.50;0.050
556;7.0;18.0;0.50;0.060
557;7.0;18.0;0.50;0.070
558;7.0;18.0;0.50;0.080
559;7.0;18.0;0.50;0.090
560;7.0;18.0;0.50;0.100
561;9.0;18.0;0.50;0.010
562;9.0;18.0;0.50;0.020
563;9.0;18.0;0.50;0.030
564;9.0;18.0;0.50;0.040
565;9.0;18.0;0.50;0.050
566;9.0;18.0;0.50;0.060
567;9.0;18.0;0.50;0.070
568;9.0;18.0;0.50;0.080
569;9.0;18.0;0.50;0.090
570;9.0;18.0;0.50;0.100
571;11.0;18.0;0.50;0.010
572;11.0;18.0;0.50;0.020
573;11.0;18.0;0.50;0.030
574;11.0;18.0;0.50;0.040
575;11.0;18.0;0.50;0.050
576;11.0;18.0;0.50;0.060
577;11.0;18.0;0.50;0.070
578;11.0;18.0;0.50;0.080
579;11.0;18.0;0.50;0.090
580;11.0;18.0;0.50;0.100
581;13.0;18.0;0.50;0.010
582;13.0;18.0;0.50;0.020
583;13.0;18.0;0.50;0.030
584;13.0;18.0;0.50;0.040
585;13.0;18.0;0.50;0.050
586;13.0;18.0;0.50;0.060
587;13.0;18.0;0.50;0.070
588;13.0;18.0;0.50;0.080
589;13.0;18.0;0.50;0.090
590;13.0;18.0;0.50;0.100
591;15.0;18.0;0.50;0.010
592;15.0;18.0;0.50;0.020
593;15.0;18.0;0.50;0.030
594;15.0;18.0;0.50;0.040
595;15.0;18.0;0.50;0.050
596;15.0;18.0;0.50;0.060
597;15.0;18.0;0.50;0.070
598;15.0;18.0;0.50;0.080
599;15.0;18.0;0.50;0.090
600;15.0;18.0;0.50;0.100
601;17.0;18.0;0.50;0.010
602;17.0;18.0;0.50;0.020
603;17.0;18.0;0.50;0.030
604;17.0;18.0;0.50;0.040
605;17.0;18.0;0.50;0.050
606;17.0;18.0;0.50;0.060
607;17.0;18.0;0.50;0.070
608;17.0;18.0;0.50;0.080
609;17.0;18.0;0.50;0.090
610;17.0;18.0;0.50;0.100
611;19.0;18.0;0.50;0.010
612;19.0;18.0;0.50;0.020
613;19.0;18.0;0.50;0.030
614;19.0;18.0;0.50;0.040
615;19.0;18.0;0.50;0.050
616;19.0;18.0;0.50;0.060
617;19.0;18.0;0.50;0.070
618;19.0;18.0;0.50;0.080
619;19.0;18.0;0.50;0.090
620;19.0;18.0;0.50;0.100
621;21.0;18.0;0.50;0.010
622;21.0;18.0;0.50;0.020
623;21.0;18.0;0.50;0.030
624;21.0;18.0;0.50;0.040
625;21.0;18.0;0.50;0.050
626;21.0;18.0;0.50;0.060
627;21.0;18.0;0.50;0.070
628;21.0;18.0;0.50;0.080
629;21.0;18.0;0.50;0.090
630;21.0;18.0;0.50;0.100
631;23.0;18.0;0.50;0.010
632;23.0;18.0;0.50;0.020
633;23.0;18.0;0.50;0.030
634;23.0;18.0;0.50;0.040
635;23.0;18.0;0.50;0.050
636;23.0;18.0;0.50;0.060
637;23.0;18.0;0.50;0.070
638;23.0;18.0;0.50;0.080
639;23.0;18.0;0.50;0.090
640;23.0;18.0;0.50;0.100
641;25.0;18.0;0.50;0.010
642;25.0;18.0;0.50;0.020
643;25.0;18.0;0.50;0.030
644;25.0;18.0;0.50;0.040
645;25.0;18.0;0.50;0.050
646;25.0;18.0;0.50;0.060
647;25.0;18.0;0.50;0.070
648;25.0;18.0;0.50;0.080
649;25.0;18.0;0.50;0.090
650;25.0;18.0;0.50;0.100
651;1.0;20.0;0.50;0.010
652;1.0;20.0;0.50;0.020
653;1.0;20.0;0.50;0.030
654;1.0;20.0;0.50;0.040
655;1.0;20.0;0.50;0.050
656;1.0;20.0;0.50;0.060
657;1.0;20.0;0.50;0.070
658;1.0;20.0;0.50;0.080
659;1.0;20.0;0.50;0.090
660;1.0;20.0;0.50;0.100
661;3.0;20.0;0.50;0.010
662;3.0;20.0;0.50;0.020
663;3.0;20.0;0.50;0.030
664;3.0;20.0;0.50;0.040
665;3.0;20.0;0.50;0.050
666;3.0;20.0;0.50;0.060
667;3.0;20.0;0.50;0.070
668;3.0;20.0;0.50;0.080
669;3.0;20.0;0.50;0.090
670;3.0;20.0;0.50;0.100
671;5.0;20.0;0.50;0.010
672;5.0;20.0;0.50;0.020
673;5.0;20.0;0.50;0.030
674;5.0;20.0;0.50;0.040
675;5.0;20.0;0.50;0.050
676;5.0;20.0;0.50;0.060
677;5.0;20.0;0.50;0.070
678;5.0;20.0;0.50;0.080
679;5.0;20.0;0.50;0.090
680;5.0;20.0;0.50;0.100
681;7.0;20.0;0.50;0.010
682;7.0;20.0;0.50;0.020
683;7.0;20.0;0.50;0.030
684;7.0;20.0;0.50;0.040
685;7.0;20.0;0.50;0.050
686;7.0;20.0;0.50;0.060
687;7.0;20.0;0.50;0.070
688;7.0;20.0;0.50;0.080
689;7.0;20.0;0.50;0.090
690;7.0;20.0;0.50;0.100
691;9.0;20.0;0.50;0.010
692;9.0;20.0;0.50;0.020
693;9.0;20.0;0.50;0.030
694;9.0;20.0;0.50;0.040
695;9.0;20.0;0.50;0.050
696;9.0;20.0;0.50;0.060
697;9.0;20.0;0.50;0.070
698;9.0;20.0;0.50;0.080
699;9.0;20.0;0.50;0.090
700;9.0;20.0;0.50;0.100
701;11.0;20.0;0.50;0.010
702;11.0;20.0;0.50;0.020
703;11.0;20.0;0.50;0.030
704;11.0;20.0;0.50;0.040
705;11.0;20.0;0.50;0.050
706;11.0;20.0;0.50;0.060
707;11.0;20.0;0.50;0.070
708;11.0;20.0;0.50;0.080
709;11.0;20.0;0.50;0.090
710;11.0;20.0;0.50;0.100
711;13.0;20.0;0.50;0.010
712;13.0;20.0;0.50;0.020
713;13.0;20.0;0.50;0.030
714;13.0;20.0;0.50;0.040
715;13.0;20.0;0.50;0.050
716;13.0;20.0;0.50;0.060
717;13.0;20.0;0.50;0.070
718;13.0;20.0;0.50;0.080
719;13.0;20.0;0.50;0.090
720;13.0;20.0;0.50;0.100
721;15.0;20.0;0.50;0.010
722;15.0;20.0;0.50;0.020
723;15.0;20.0;0.50;0.030
724;15.0;20.0;0.50;0.040
725;15.0;20.0;0.50;0.050
726;15.0;20.0;0.50;0.060
727;15.0;20.0;0.50;0.070
728;15.0;20.0;0.50;0.080
729;15.0;20.0;0.50;0.090
730;15.0;20.0;0.50;0.100
731;17.0;20.0;0.50;0.010
732;17.0;20.0;0.50;0.020
733;17.0;20.0;0.50;0.030
734;17.0;20.0;0.50;0.040
735;17.0;20.0;0.50;0.050
736;17.0;20.0;0.50;0.060
737;17.0;20.0;0.50;0.070
738;17.0;20.0;0.50;0.080
739;17.0;20.0;0.50;0.090
740;17.0;20.0;0.50;0.100
741;19.0;20.0;0.50;0.010
742;19.0;20.0;0.50;0.020
743;19.0;20.0;0.50;0.030
744;19.0;20.0;0.50;0.040
745;19.0;20.0;0.50;0.050
746;19.0;20.0;0.50;0.060
747;19.0;20.0;0.50;0.070
748;19.0;20.0;0.50;0.080
749;19.0;20.0;0.50;0.090
750;19.0;20.0;0.50;0.100
751;21.0;20.0;0.50;0.010
752;21.0;20.0;0.50;0.020
753;21.0;20.0;0.50;0.030
754;21.0;20.0;0.50;0.040
755;21.0;20.0;0.50;0.050
756;21.0;20.0;0.50;0.060
757;21.0;20.0;0.50;0.070
758;21.0;20.0;0.50;0.080
759;21.0;20.0;0.50;0.090
760;21.0;20.0;0.50;0.100
761;23.0;20.0;0.50;0.010
762;23.0;20.0;0.50;0.020
763;23.0;20.0;0.50;0.030
764;23.0;20.0;0.50;0.040
765;23.0;20.0;0.50;0.050
766;23.0;20.0;0.50;0.060
767;23.0;20.0;0.50;0.070
768;23.0;20.0;0.50;0.080
769;23.0;20.0;0.50;0.090
770;23.0;20.0;0.50;0.100
771;25.0;20.0;0.50;0.010
772;25.0;20.0;0.50;0.020
773;25.0;20.0;0.50;0.030
774;25.0;20.0;0.50;0.040
775;25.0;20.0;0.50;0.050
776;25.0;20.0;0.50;0.060
777;25.0;20.0;0.50;0.070
778;25.0;20.0;0.50;0.080
779;25.0;20.0;0.50;0.090
780;25.0;20.0;0.50;0.100
781;1.0;22.0;0.50;0.010
782;1.0;22.0;0.50;0.020
783;1.0;22.0;0.50;0.030
784;1.0;22.0;0.50;0.040
785;1.0;22.0;0.50;0.050
786;1.0;22.0;0.50;0.060
787;1.0;22.0;0.50;0.070
788;1.0;22.0;0.50;0.080
789;1.0;22.0;0.50;0.090
790;1.0;22.0;0.50;0.100
791;3.0;22.0;0.50;0.010
792;3.0;22.0;0.50;0.020
793;3.0;22.0;0.50;0.030
794;3.0;22.0;0.50;0.040
795;3.0;22.0;0.50;0.050
796;3.0;22.0;0.50;0.060
797;3.0;22.0;0.50;0.070
798;3.0;22.0;0.50;0.080
799;3.0;22.0;0.50;0.090
800;3.0;22.0;0.50;0.100
801;5.0;22.0;0.50;0.010
802;5.0;22.0;0.50;0.020
803;5.0;22.0;0.50;0.030
804;5.0;22.0;0.50;0.040
805;5.0;22.0;0.50;0.050
806;5.0;22.0;0.50;0.060
807;5.0;22.0;0.50;0.070
808;5.0;22.0;0.50;0.080
809;5.0;22.0;0.50;0.090
810;5.0;22.0;0.50;0.100
811;7.0;22.0;0.50;0.010
812;7.0;22.0;0.50;0.020
813;7.0;22.0;0.50;0.030
814;7.0;22.0;0.50;0.040
815;7.0;22.0;0.50;0.050
816;7.0;22.0;0.50;0.060
817;7.0;22.0;0.50;0.070
818;7.0;22.0;0.50;0.080
819;7.0;22.0;0.50;0.090
820;7.0;22.0;0.50;0.100
821;9.0;22.0;0.50;0.010
822;9.0;22.0;0.50;0.020
823;9.0;22.0;0.50;0.030
824;9.0;22.0;0.50;0.040
825;9.0;22.0;0.50;0.050
826;9.0;22.0;0.50;0.060
827;9.0;22.0;0.50;0.070
828;9.0;22.0;0.50;0.080
829;9.0;22.0;0.50;0.090
830;9.0;22.0;0.50;0.100
831;11.0;22.0;0.50;0.010
832;11.0;22.0;0.50;0.020
833;11.0;22.0;0.50;0.030
834;11.0;22.0;0.50;0.040
835;11.0;22.0;0.50;0.050
836;11.0;22.0;0.50;0.060
837;11.0;22.0;0.50;0.070
838;11.0;22.0;0.50;0.080
839;11.0;22.0;0.50;0.090
840;11.0;22.0;0.50;0.100
841;13.0;22.0;0.50;0.010
842;13.0;22.0;0.50;0.020
843;13.0;22.0;0.50;0.030
844;13.0;22.0;0.50;0.040
845;13.0;22.0;0.50;0.050
846;13.0;22.0;0.50;0.060
847;13.0;22.0;0.50;0.070
848;13.0;22.0;0.50;0.080
849;13.0;22.0;0.50;0.090
850;13.0;22.0;0.50;0.100
851;15.0;22.0;0.50;0.010
852;15.0;22.0;0.50;0.020
853;15.0;22.0;0.50;0.030
854;15.0;22.0;0.50;0.040
855;15.0;22.0;0.50;0.050
856;15.0;22.0;0.50;0.060
857;15.0;22.0;0.50;0.070
858;15.0;22.0;0.50;0.080
859;15.0;22.0;0.50;0.090
860;15.0;22.0;0.50;0.100
861;17.0;22.0;0.50;0.010
862;17.0;22.0;0.50;0.020
863;17.0;22.0;0.50;0.030
864;17.0;22.0;0.50;0.040
865;17.0;22.0;0.50;0.050
866;17.0;22.0;0.50;0.060
867;17.0;22.0;0.50;0.070
868;17.0;22.0;0.50;0.080
869;17.0;22.0;0.50;0.090
870;17.0;22.0;0.50;0.100
871;19.0;22.0;0.50;0.010
872;19.0;22.0;0.50;0.020
873;19.0;22.0;0.50;0.030
874;19.0;22.0;0.50;0.040
875;19.0;22.0;0.50;0.050
876;19.0;22.0;0.50;0.060
877;19.0;22.0;0.50;0.070
878;19.0;22.0;0.50;0.080
879;19.0;22.0;0.50;0.090
880;19.0;22.0;0.50;0.100
881;21.0;22.0;0.50;0.010
882;21.0;22.0;0.50;0.020
883;21.0;22.0;0.50;0.030
884;21.0;22.0;0.50;0.040
885;21.0;22.0;0.50;0.050
886;21.0;22.0;0.50;0.060
887;21.0;22.0;0.50;0.070
888;21.0;22.0;0.50;0.080
889;21.0;22.0;0.50;0.090
890;21.0;22.0;0.50;0.100
891;23.0;22.0;0.50;0.010
892;23.0;22.0;0.50;0.020
893;23.0;22.0;0.50;0.030
894;23.0;22.0;0.50;0.040
895;23.0;22.0;0.50;0.050
896;23.0;22.0;0.50;0.060
897;23.0;22.0;0.50;0.070
898;23.0;22.0;0.50;0.080
899;23.0;22.0;0.50;0.090
900;23.0;22.0;0.50;0.100
901;25.0;22.0;0.50;0.010
902;25.0;22.0;0.50;0.020
903;25.0;22.0;0.50;0.030
904;25.0;22.0;0.50;0.040
905;25.0;22.0;0.50;0.050
906;25.0;22.0;0.50;0.060
907;25.0;22.0;0.50;0.070
908;25.0;22.0;0.50;0.080
909;25.0;22.0;0.50;0.090
910;25.0;22.0;0.50;0.100
911;1.0;24.0;0.50;0.010
912;1.0;24.0;0.50;0.020
913;1.0;24.0;0.50;0.030
914;1.0;24.0;0.50;0.040
915;1.0;24.0;0.50;0.050
916;1.0;24.0;0.50;0.060
917;1.0;24.0;0.50;0.070
918;1.0;24.0;0.50;0.080
919;1.0;24.0;0.50;0.090
920;1.0;24.0;0.50;0.100
921;3.0;24.0;0.50;0.010
922;3.0;24.0;0.50;0.020
923;3.0;24.0;0.50;0.030
924;3.0;24.0;0.50;0.040
925;3.0;24.0;0.50;0.050
926;3.0;24.0;0.50;0.060
927;3.0;24.0;0.50;0.070
928;3.0;24.0;0.50;0.080
929;3.0;24.0;0.50;0.090
930;3.0;24.0;0.50;0.100
931;5.0;24.0;0.50;0.010
932;5.0;24.0;0.50;0.020
933;5.0;24.0;0.50;0.030
934;5.0;24.0;0.50;0.040
935;5.0;24.0;0.50;0.050
936;5.0;24.0;0.50;0.060
937;5.0;24.0;0.50;0.070
938;5.0;24.0;0.50;0.080
939;5.0;24.0;0.50;0.090
940;5.0;24.0;0.50;0.100
941;7.0;24.0;0.50;0.010
942;7.0;24.0;0.50;0.020
943;7.0;24.0;0.50;0.030
944;7.0;24.0;0.50;0.040
945;7.0;24.0;0.50;0.050
946;7.0;24.0;0.50;0.060
947;7.0;24.0;0.50;0.070
948;7.0;24.0;0.50;0.080
949;7.0;24.0;0.50;0.090
950;7.0;24.0;0.50;0.100
951;9.0;24.0;0.50;0.010
952;9.0;24.0;0.50;0.020
953;9.0;24.0;0.50;0.030
954;9.0;24.0;0.50;0.040
955;9.0;24.0;0.50;0.050
956;9.0;24.0;0.50;0.060
957;9.0;24.0;0.50;0.070
958;9.0;24.0;0.50;0.080
959;9.0;24.0;0.50;0.090
960;9.0;24.0;0.50;0.100
961;11.0;24.0;0.50;0.010
962;11.0;24.0;0.50;0.020
963;11.0;24.0;0.50;0.030
964;11.0;24.0;0.50;0.040
965;11.0;24.0;0.50;0.050
966;11.0;24.0;0.50;0.060
967;11.0;24.0;0.50;0.070
968;11.0;24.0;0.50;0.080
969;11.0;24.0;0.50;0.090
970;11.0;24.0;0.50;0.100
971;13.0;24.0;0.50;0.010
972;13.0;24.0;0.50;0.020
973;13.0;24.0;0.50;0.030
974;13.0;24.0;0.50;0.040
975;13.0;24.0;0.50;0.050
976;13.0;24.0;0.50;0.060
977;13.0;24.0;0.50;0.070
978;13.0;24.0;0.50;0.080
979;13.0;24.0;0.50;0.090
980;13.0;24.0;0.50;0.100
981;15.0;24.0;0.50;0.010
982;15.0;24.0;0.50;0.020
983;15.0;24.0;0.50;0.030
984;15.0;24.0;0.50;0.040
985;15.0;24.0;0.50;0.050
986;15.0;24.0;0.50;0.060
987;15.0;24.0;0.50;0.070
988;15.0;24.0;0.50;0.080
989;15.0;24.0;0.50;0.090
990;15.0;24.0;0.50;0.100
991;17.0;24.0;0.50;0.010
992;17.0;24.0;0.50;0.020
993;17.0;24.0;0.50;0.030
994;17.0;24.0;0.50;0.040
995;17.0;24.0;0.50;0.050
996;17.0;24.0;0.50;0.060
997;17.0;24.0;0.50;0.070
998;17.0;24.0;0.50;0.080
999;17.0;24.0;0.50;0.090
1000;17.0;24.0;0.50;0.100
1001;19.0;24.0;0.50;0.010
1002;19.0;24.0;0.50;0.020
1003;19.0;24.0;0.50;0.030
1004;19.0;24.0;0.50;0.040
1005;19.0;24.0;0.50;0.050
1006;19.0;24.0;0.50;0.060
1007;19.0;24.0;0.50;0.070
1008;19.0;24.0;0.50;0.080
1009;19.0;24.0;0.50;0.090
1010;19.0;24.0;0.50;0.100
1011;21.0;24.0;0.50;0.010
1012;21.0;24.0;0.50;0.020
1013;21.0;24.0;0.50;0.030
1014;21.0;24.0;0.50;0.040
1015;21.0;24.0;0.50;0.050
1016;21.0;24.0;0.50;0.060
1017;21.0;24.0;0.50;0.070
1018;21.0;24.0;0.50;0.080
1019;21.0;24.0;0.50;0.090
1020;21.0;24.0;0.50;0.100
1021;23.0;24.0;0.50;0.010
1022;23.0;24.0;0.50;0.020
1023;23.0;24.0;0.50;0.030
1024;23.0;24.0;0.50;0.040
1025;23.0;24.0;0.50;0.050
1026;23.0;24.0;0.50;0.060
1027;23.0;24.0;0.50;0.070
1028;23.0;24.0;0.50;0.080
1029;23.0;24.0;0.50;0.090
1030;23.0;24.0;0.50;0.100
1031;25.0;24.0;0.50;0.010
1032;25.0;24.0;0.50;0.020
1033;25.0;24.0;0.50;0.030
1034;25.0;24.0;0.50;0.040
1035;25.0;24.0;0.50;0.050
1036;25.0;24.0;0.50;0.060
1037;25.0;24.0;0.50;0.070
1038;25.0;24.0;0.50;0.080
1039;25.0;24.0;0.50;0.090
1040;25.0;24.0;0.50;0.100
1041;1.0;26.0;0.50;0.010
1042;1.0;26.0;0.50;0.020
1043;1.0;26.0;0.50;0.030
1044;1.0;26.0;0.50;0.040
1045;1.0;26.0;0.50;0.050
1046;1.0;26.0;0.50;0.060
1047;1.0;26.0;0.50;0.070
1048;1.0;26.0;0.50;0.080
1049;1.0;26.0;0.50;0.090
1050;1.0;26.0;0.50;0.100
1051;3.0;26.0;0.50;0.010
1052;3.0;26.0;0.50;0.020
1053;3.0;26.0;0.50;0.030
1054;3.0;26.0;0.50;0.040
1055;3.0;26.0;0.50;0.050
1056;3.0;26.0;0.50;0.060
1057;3.0;26.0;0.50;0.070
1058;3.0;26.0;0.50;0.080
1059;3.0;26.0;0.50;0.090
1060;3.0;26.0;0.50;0.100
1061;5.0;26.0;0.50;0.010
1062;5.0;26.0;0.50;0.020
1063;5.0;26.0;0.50;0.030
1064;5.0;26.0;0.50;0.040
1065;5.0;26.0;0.50;0.050
1066;5.0;26.0;0.50;0.060
1067;5.0;26.0;0.50;0.070
1068;5.0;26.0;0.50;0.080
1069;5.0;26.0;0.50;0.090
1070;5.0;26.0;0.50;0.100
1071;7.0;26.0;0.50;0.010
1072;7.0;26.0;0.50;0.020
1073;7.0;26.0;0.50;0.030
1074;7.0;26.0;0.50;0.040
1075;7.0;26.0;0.50;0.050
1076;7.0;26.0;0.50;0.060
1077;7.0;26.0;0.50;0.070
1078;7.0;26.0;0.50;0.080
1079;7.0;26.0;0.50;0.090
1080;7.0;26.0;0.50;0.100
1081;9.0;26.0;0.50;0.010
1082;9.0;26.0;0.50;0.020
1083;9.0;26.0;0.50;0.030
1084;9.0;26.0;0.50;0.040
1085;9.0;26.0;0.50;0.050
1086;9.0;26.0;0.50;0.060
1087;9.0;26.0;0.50;0.070
1088;9.0;26.0;0.50;0.080
1089;9.0;26.0;0.50;0.090
1090;9.0;26.0;0.50;0.100
1091;11.0;26.0;0.50;0.010
1092;11.0;26.0;0.50;0.020
1093;11.0;26.0;0.50;0.030
1094;11.0;26.0;0.50;0.040
1095;11.0;26.0;0.50;0.050
1096;11.0;26.0;0.50;0.060
1097;11.0;26.0;0.50;0.070
1098;11.0;26.0;0.50;0.080
1099;11.0;26.0;0.50;0.090
1100;11.0;26.0;0.50;0.100
1101;13.0;26.0;0.50;0.010
1102;13.0;26.0;0.50;0.020
1103;13.0;26.0;0.50;0.030
1104;13.0;26.0;0.50;0.040
1105;13.0;26.0;0.50;0.050
1106;13.0;26.0;0.50;0.060
1107;13.0;26.0;0.50;0.070
1108;13.0;26.0;0.50;0.080
1109;13.0;26.0;0.50;0.090
1110;13.0;26.0;0.50;0.100
1111;15.0;26.0;0.50;0.010
1112;15.0;26.0;0.50;0.020
1113;15.0;26.0;0.50;0.030
1114;15.0;26.0;0.50;0.040
1115;15.0;26.0;0.50;0.050
1116;15.0;26.0;0.50;0.060
1117;15.0;26.0;0.50;0.070
1118;15.0;26.0;0.50;0.080
1119;15.0;26.0;0.50;0.090
1120;15.0;26.0;0.50;0.100
1121;17.0;26.0;0.50;0.010
1122;17.0;26.0;0.50;0.020
1123;17.0;26.0;0.50;0.030
1124;17.0;26.0;0.50;0.040
1125;17.0;26.0;0.50;0.050
1126;17.0;26.0;0.50;0.060
1127;17.0;26.0;0.50;0.070
1128;17.0;26.0;0.50;0.080
1129;17.0;26.0;0.50;0.090
1130;17.0;26.0;0.50;0.100
1131;19.0;26.0;0.50;0.010
1132;19.0;26.0;0.50;0.020
1133;19.0;26.0;0.50;0.030
1134;19.0;26.0;0.50;0.040
1135;19.0;26.0;0.50;0.050
1136;19.0;26.0;0.50;0.060
1137;19.0;26.0;0.50;0.070
1138;19.0;26.0;0.50;0.080
1139;19.0;26.0;0.50;0.090
1140;19.0;26.0;0.50;0.100
1141;21.0;26.0;0.50;0.010
1142;21.0;26.0;0.50;0.020
1143;21.0;26.0;0.50;0.030
1144;21.0;26.0;0.50;0.040
1145;21.0;26.0;0.50;0.050
1146;21.0;26.0;0.50;0.060
1147;21.0;26.0;0.50;0.070
1148;21.0;26.0;0.50;0.080
1149;21.0;26.0;0.50;0.090
1150;21.0;26.0;0.50;0.100
1151;23.0;26.0;0.50;0.010
1152;23.0;26.0;0.50;0.020
1153;23.0;26.0;0.50;0.030
1154;23.0;26.0;0.50;0.040
1155;23.0;26.0;0.50;0.050
1156;23.0;26.0;0.50;0.060
1157;23.0;26.0;0.50;0.070
1158;23.0;26.0;0.50;0.080
1159;23.0;26.0;0.50;0.090
1160;23.0;26.0;0.50;0.100
1161;25.0;26.0;0.50;0.010
1162;25.0;26.0;0.50;0.020
1163;25.0;26.0;0.50;0.030
1164;25.0;26.0;0.50;0.040
1165;25.0;26.0;0.50;0.050
1166;25.0;26.0;0.50;0.060
1167;25.0;26.0;0.50;0.070
1168;25.0;26.0;0.50;0.080
1169;25.0;26.0;0.50;0.090
1170;25.0;26.0;0.50;0.100
1171;1.0;28.0;0.50;0.010
1172;1.0;28.0;0.50;0.020
1173;1.0;28.0;0.50;0.030
1174;1.0;28.0;0.50;0.040
1175;1.0;28.0;0.50;0.050
1176;1.0;28.0;0.50;0.060
1177;1.0;28.0;0.50;0.070
1178;1.0;28.0;0.50;0.080
1179;1.0;28.0;0.50;0.090
1180;1.0;28.0;0.50;0.100
1181;3.0;28.0;0.50;0.010
1182;3.0;28.0;0.50;0.020
1183;3.0;28.0;0.50;0.030
1184;3.0;28.0;0.50;0.040
1185;3.0;28.0;0.50;0.050
1186;3.0;28.0;0.50;0.060
1187;3.0;28.0;0.50;0.070
1188;3.0;28.0;0.50;0.080
1189;3.0;28.0;0.50;0.090
1190;3.0;28.0;0.50;0.100
1191;5.0;28.0;0.50;0.010
1192;5.0;28.0;0.50;0.020
1193;5.0;28.0;0.50;0.030
1194;5.0;28.0;0.50;0.040
1195;5.0;28.0;0.50;0.050
1196;5.0;28.0;0.50;0.060
1197;5.0;28.0;0.50;0.070
1198;5.0;28.0;0.50;0.080
1199;5.0;28.0;0.50;0.090
1200;5.0;28.0;0.50;0.100
1201;7.0;28.0;0.50;0.010
1202;7.0;28.0;0.50;0.020
1203;7.0;28.0;0.50;0.030
1204;7.0;28.0;0.50;0.040
1205;7.0;28.0;0.50;0.050
1206;7.0;28.0;0.50;0.060
1207;7.0;28.0;0.50;0.070
1208;7.0;28.0;0.50;0.080
1209;7.0;28.0;0.50;0.090
1210;7.0;28.0;0.50;0.100
1211;9.0;28.0;0.50;0.010
1212;9.0;28.0;0.50;0.020
1213;9.0;28.0;0.50;0.030
1214;9.0;28.0;0.50;0.040
1215;9.0;28.0;0.50;0.050
1216;9.0;28.0;0.50;0.060
1217;9.0;28.0;0.50;0.070
1218;9.0;28.0;0.50;0.080
1219;9.0;28.0;0.50;0.090
1220;9.0;28.0;0.50;0.100
1221;11.0;28.0;0.50;0.010
1222;11.0;28.0;0.50;0.020
1223;11.0;28.0;0.50;0.030
1224;11.0;28.0;0.50;0.040
1225;11.0;28.0;0.50;0.050
1226;11.0;28.0;0.50;0.060
1227;11.0;28.0;0.50;0.070
1228;11.0;28.0;0.50;0.080
1229;11.0;28.0;0.50;0.090
1230;11.0;28.0;0.50;0.100
1231;13.0;28.0;0.50;0.010
1232;13.0;28.0;0.50;0.020
1233;13.0;28.0;0.50;0.030
1234;13.0;28.0;0.50;0.040
1235;13.0;28.0;0.50;0.050
1236;13.0;28.0;0.50;0.060
1237;13.0;28.0;0.50;0.070
1238;13.0;28.0;0.50;0.080
1239;13.0;28.0;0.50;0.090
1240;13.0;28.0;0.50;0.100
1241;15.0;28.0;0.50;0.010
1242;15.0;28.0;0.50;0.020
1243;15.0;28.0;0.50;0.030
1244;15.0;28.0;0.50;0.040
1245;15.0;28.0;0.50;0.050
1246;15.0;28.0;0.50;0.060
1247;15.0;28.0;0.50;0.070
1248;15.0;28.0;0.50;0.080
1249;15.0;28.0;0.50;0.090
1250;15.0;28.0;0.50;0.100
1251;17.0;28.0;0.50;0.010
1252;17.0;28.0;0.50;0.020
1253;17.0;28.0;0.50;0.030
1254;17.0;28.0;0.50;0.040
1255;17.0;28.0;0.50;0.050
1256;17.0;28.0;0.50;0.060
1257;17.0;28.0;0.50;0.070
1258;17.0;28.0;0.50;0.080
1259;17.0;28.0;0.50;0.090
1260;17.0;28.0;0.50;0.100
1261;19.0;28.0;0.50;0.010
1262;19.0;28.0;0.50;0.020
1263;19.0;28.0;0.50;0.030
1264;19.0;28.0;0.50;0.040
1265;19.0;28.0;0.50;0.050
1266;19.0;28.0;0.50;0.060
1267;19.0;28.0;0.50;0.070
1268;19.0;28.0;0.50;0.080
1269;19.0;28.0;0.50;0.090
1270;19.0;28.0;0.50;0.100
1271;21.0;28.0;0.50;0.010
1272;21.0;28.0;0.50;0.020
1273;21.0;28.0;0.50;0.030
1274;21.0;28.0;0.50;0.040
1275;21.0;28.0;0.50;0.050
1276;21.0;28.0;0.50;0.060
1277;21.0;28.0;0.50;0.070
1278;21.0;28.0;0.50;0.080
1279;21.0;28.0;0.50;0.090
1280;21.0;28.0;0.50;0.100
1281;23.0;28.0;0.50;0.010
1282;23.0;28.0;0.50;0.020
1283;23.0;28.0;0.50;0.030
1284;23.0;28.0;0.50;0.040
1285;23.0;28.0;0.50;0.050
1286;23.0;28.0;0.50;0.060
1287;23.0;28.0;0.50;0.070
1288;23.0;28.0;0.50;0.080
1289;23.0;28.0;0.50;0.090
1290;23.0;28.0;0.50;0.100
1291;25.0;28.0;0.50;0.010
1292;25.0;28.0;0.50;0.020
1293;25.0;28.0;0.50;0.030
1294;25.0;28.0;0.50;0.040
1295;25.0;28.0;0.50;0.050
1296;25.0;28.0;0.50;0.060
1297;25.0;28.0;0.50;0.070
1298;25.0;28.0;0.50;0.080
1299;25.0;28.0;0.50;0.090
1300;25.0;28.0;0.50;0.100
1301;1.0;30.0;0.50;0.010
1302;1.0;30.0;0.50;0.020
1303;1.0;30.0;0.50;0.030
1304;1.0;30.0;0.50;0.040
1305;1.0;30.0;0.50;0.050
1306;1.0;30.0;0.50;0.060
1307;1.0;30.0;0.50;0.070
1308;1.0;30.0;0.50;0.080
1309;1.0;30.0;0.50;0.090
1310;1.0;30.0;0.50;0.100
1311;3.0;30.0;0.50;0.010
1312;3.0;30.0;0.50;0.020
1313;3.0;30.0;0.50;0.030
1314;3.0;30.0;0.50;0.040
1315;3.0;30.0;0.50;0.050
1316;3.0;30.0;0.50;0.060
1317;3.0;30.0;0.50;0.070
1318;3.0;30.0;0.50;0.080
1319;3.0;30.0;0.50;0.090
1320;3.0;30.0;0.50;0.100
1321;5.0;30.0;0.50;0.010
1322;5.0;30.0;0.50;0.020
1323;5.0;30.0;0.50;0.030
1324;5.0;30.0;0.50;0.040
1325;5.0;30.0;0.50;0.050
1326;5.0;30.0;0.50;0.060
1327;5.0;30.0;0.50;0.070
1328;5.0;30.0;0.50;0.080
1329;5.0;30.0;0.50;0.090
1330;5.0;30.0;0.50;0.100
1331;7.0;30.0;0.50;0.010
1332;7.0;30.0;0.50;0.020
1333;7.0;30.0;0.50;0.030
1334;7.0;30.0;0.50;0.040
1335;7.0;30.0;0.50;0.050
1336;7.0;30.0;0.50;0.060
1337;7.0;30.0;0.50;0.070
1338;7.0;30.0;0.50;0.080
1339;7.0;30.0;0.50;0.090
1340;7.0;30.0;0.50;0.100
1341;9.0;30.0;0.50;0.010
1342;9.0;30.0;0.50;0.020
1343;9.0;30.0;0.50;0.030
1344;9.0;30.0;0.50;0.040
1345;9.0;30.0;0.50;0.050
1346;9.0;30.0;0.50;0.060
1347;9.0;30.0;0.50;0.070
1348;9.0;30.0;0.50;0.080
1349;9.0;30.0;0.50;0.090
1350;9.0;30.0;0.50;0.100
1351;11.0;30.0;0.50;0.010
1352;11.0;30.0;0.50;0.020
1353;11.0;30.0;0.50;0.030
1354;11.0;30.0;0.50;0.040
1355;11.0;30.0;0.50;0.050
1356;11.0;30.0;0.50;0.060
1357;11.0;30.0;0.50;0.070
1358;11.0;30.0;0.50;0.080
1359;11.0;30.0;0.50;0.090
1360;11.0;30.0;0.50;0.100
1361;13.0;30.0;0.50;0.010
1362;13.0;30.0;0.50;0.020
1363;13.0;30.0;0.50;0.030
1364;13.0;30.0;0.50;0.040
1365;13.0;30.0;0.50;0.050
1366;13.0;30.0;0.50;0.060
1367;13.0;30.0;0.50;0.070
1368;13.0;30.0;0.50;0.080
1369;13.0;30.0;0.50;0.090
1370;13.0;30.0;0.50;0.100
1371;15.0;30.0;0.50;0.010
1372;15.0;30.0;0.50;0.020
1373;15.0;30.0;0.50;0.030
1374;15.0;30.0;0.50;0.040
1375;15.0;30.0;0.50;0.050
1376;15.0;30.0;0.50;0.060
1377;15.0;30.0;0.50;0.070
1378;15.0;30.0;0.50;0.080
1379;15.0;30.0;0.50;0.090
1380;15.0;30.0;0.50;0.100
1381;17.0;30.0;0.50;0.010
1382;17.0;30.0;0.50;0.020
1383;17.0;30.0;0.50;0.030
1384;17.0;30.0;0.50;0.040
1385;17.0;30.0;0.50;0.050
1386;17.0;30.0;0.50;0.060
1387;17.0;30.0;0.50;0.070
1388;17.0;30.0;0.50;0.080
1389;17.0;30.0;0.50;0.090
1390;17.0;30.0;0.50;0.100
1391;19.0;30.0;0.50;0.010
1392;19.0;30.0;0.50;0.020
1393;19.0;30.0;0.50;0.030
1394;19.0;30.0;0.50;0.040
1395;19.0;30.0;0.50;0.050
1396;19.0;30.0;0.50;0.060
1397;19.0;30.0;0.50;0.070
1398;19.0;30.0;0.50;0.080
1399;19.0;30.0;0.50;0.090
1400;19.0;30.0;0.50;0.100
1401;21.0;30.0;0.50;0.010
1402;21.0;30.0;0.50;0.020
1403;21.0;30.0;0.50;0.030
1404;21.0;30.0;0.50;0.040
1405;21.0;30.0;0.50;0.050
1406;21.0;30.0;0.50;0.060
1407;21.0;30.0;0.50;0.070
1408;21.0;30.0;0.50;0.080
1409;21.0;30.0;0.50;0.090
1410;21.0;30.0;0.50;0.100
1411;23.0;30.0;0.50;0.010
1412;23.0;30.0;0.50;0.020
1413;23.0;30.0;0.50;0.030
1414;23.0;30.0;0.50;0.040
1415;23.0;30.0;0.50;0.050
1416;23.0;30.0;0.50;0.060
1417;23.0;30.0;0.50;0.070
1418;23.0;30.0;0.50;0.080
1419;23.0;30.0;0.50;0.090
1420;23.0;30.0;0.50;0.100
1421;25.0;30.0;0.50;0.010
1422;25.0;30.0;0.50;0.020
1423;25.0;30.0;0.50;0.030
1424;25.0;30.0;0.50;0.040
1425;25.0;30.0;0.50;0.050
1426;25.0;30.0;0.50;0.060
1427;25.0;30.0;0.50;0.070
1428;25.0;30.0;0.50;0.080
1429;25.0;30.0;0.50;0.090
1430;25.0;30.0;0.50;0.100
1431;1.0;10.0;1.50;0.010
1432;1.0;10.0;1.50;0.020
1433;1.0;10.0;1.50;0.030
1434;1.0;10.0;1.50;0.040
1435;1.0;10.0;1.50;0.050
1436;1.0;10.0;1.50;0.060
1437;1.0;10.0;1.50;0.070
1438;1.0;10.0;1.50;0.080
1439;1.0;10.0;1.50;0.090
1440;1.0;10.0;1.50;0.100
1441;3.0;10.0;1.50;0.010
1442;3.0;10.0;1.50;0.020
1443;3.0;10.0;1.50;0.030
1444;3.0;10.0;1.50;0.040
1445;3.0;10.0;1.50;0.050
1446;3.0;10.0;1.50;0.060
1447;3.0;10.0;1.50;0.070
1448;3.0;10.0;1.50;0.080
1449;3.0;10.0;1.50;0.090
1450;3.0;10.0;1.50;0.100
1451;5.0;10.0;1.50;0.010
1452;5.0;10.0;1.50;0.020
1453;5.0;10.0;1.50;0.030
1454;5.0;10.0;1.50;0.040
1455;5.0;10.0;1.50;0.050
1456;5.0;10.0;1.50;0.060
1457;5.0;10.0;1.50;0.070
1458;5.0;10.0;1.50;0.080
1459;5.0;10.0;1.50;0.090
1460;5.0;10.0;1.50;0.100
1461;7.0;10.0;1.50;0.010
1462;7.0;10.0;1.50;0.020
1463;7.0;10.0;1.50;0.030
1464;7.0;10.0;1.50;0.040
1465;7.0;10.0;1.50;0.050
1466;7.0;10.0;1.50;0.060
1467;7.0;10.0;1.50;0.070
1468;7.0;10.0;1.50;0.080
1469;7.0;10.0;1.50;0.090
1470;7.0;10.0;1.50;0.100
1471;9.0;10.0;1.50;0.010
1472;9.0;10.0;1.50;0.020
1473;9.0;10.0;1.50;0.030
1474;9.0;10.0;1.50;0.040
1475;9.0;10.0;1.50;0.050
1476;9.0;10.0;1.50;0.060
1477;9.0;10.0;1.50;0.070
1478;9.0;10.0;1.50;0.080
1479;9.0;10.0;1.50;0.090
1480;9.0;10.0;1.50;0.100
1481;11.0;10.0;1.50;0.010
1482;11.0;10.0;1.50;0.020
1483;11.0;10.0;1.50;0.030
1484;11.0;10.0;1.50;0.040
1485;11.0;10.0;1.50;0.050
1486;11.0;10.0;1.50;0.060
1487;11.0;10.0;1.50;0.070
1488;11.0;10.0;1.50;0.080
1489;11.0;10.0;1.50;0.090
1490;11.0;10.0;1.50;0.100
1491;13.0;10.0;1.50;0.010
1492;13.0;10.0;1.50;0.020
1493;13.0;10.0;1.50;0.030
1494;13.0;10.0;1.50;0.040
1495;13.0;10.0;1.50;0.050
1496;13.0;10.0;1.50;0.060
1497;13.0;10.0;1.50;0.070
1498;13.0;10.0;1.50;0.080
1499;13.0;10.0;1.50;0.090
1500;13.0;10.0;1.50;0.100
1501;15.0;10.0;1.50;0.010
1502;15.0;10.0;1.50;0.020
1503;15.0;10.0;1.50;0.030
1504;15.0;10.0;1.50;0.040
1505;15.0;10.0;1.50;0.050
1506;15.0;10.0;1.50;0.060
1507;15.0;10.0;1.50;0.070
1508;15.0;10.0;1.50;0.080
1509;15.0;10.0;1.50;0.090
1510;15.0;10.0;1.50;0.100
1511;17.0;10.0;1.50;0.010
1512;17.0;10.0;1.50;0.020
1513;17.0;10.0;1.50;0.030
1514;17.0;10.0;1.50;0.040
1515;17.0;10.0;1.50;0.050
1516;17.0;10.0;1.50;0.060
1517;17.0;10.0;1.50;0.070
1518;17.0;10.0;1.50;0.080
1519;17.0;10.0;1.50;0.090
1520;17.0;10.0;1.50;0.100
1521;19.0;10.0;1.50;0.010
1522;19.0;10.0;1.50;0.020
1523;19.0;10.0;1.50;0.030
1524;19.0;10.0;1.50;0.040
1525;19.0;10.0;1.50;0.050
1526;19.0;10.0;1.50;0.060
1527;19.0;10.0;1.50;0.070
1528;19.0;10.0;1.50;0.080
1529;19.0;10.0;1.50;0.090
1530;19.0;10.0;1.50;0.100
1531;21.0;10.0;1.50;0.010
1532;21.0;10.0;1.50;0.020
1533;21.0;10.0;1.50;0.030
1534;21.0;10.0;1.50;0.040
1535;21.0;10.0;1.50;0.050
1536;21.0;10.0;1.50;0.060
1537;21.0;10.0;1.50;0.070
1538;21.0;10.0;1.50;0.080
1539;21.0;10.0;1.50;0.090
1540;21.0;10.0;1.50;0.100
1541;23.0;10.0;1.50;0.010
1542;23.0;10.0;1.50;0.020
1543;23.0;10.0;1.50;0.030
1544;23.0;10.0;1.50;0.040
1545;23.0;10.0;1.50;0.050
1546;23.0;10.0;1.50;0.060
1547;23.0;10.0;1.50;0.070
1548;23.0;10.0;1.50;0.080
1549;23.0;10.0;1.50;0.090
1550;23.0;10.0;1.50;0.100
1551;25.0;10.0;1.50;0.010
1552;25.0;10.0;1.50;0.020
1553;25.0;10.0;1.50;0.030
1554;25.0;10.0;1.50;0.040
1555;25.0;10.0;1.50;0.050
1556;25.0;10.0;1.50;0.060
1557;25.0;10.0;1.50;0.070
1558;25.0;10.0;1.50;0.080
1559;25.0;10.0;1.50;0.090
1560;25.0;10.0;1.50;0.100
1561;1.0;12.0;1.50;0.010
1562;1.0;12.0;1.50;0.020
1563;1.0;12.0;1.50;0.030
1564;1.0;12.0;1.50;0.040
1565;1.0;12.0;1.50;0.050
1566;1.0;12.0;1.50;0.060
1567;1.0;12.0;1.50;0.070
1568;1.0;12.0;1.50;0.080
1569;1.0;12.0;1.50;0.090
1570;1.0;12.0;1.50;0.100
1571;3.0;12.0;1.50;0.010
1572;3.0;12.0;1.50;0.020
1573;3.0;12.0;1.50;0.030
1574;3.0;12.0;1.50;0.040
1575;3.0;12.0;1.50;0.050
1576;3.0;12.0;1.50;0.060
1577;3.0;12.0;1.50;0.070
1578;3.0;12.0;1.50;0.080
1579;3.0;12.0;1.50;0.090
1580;3.0;12.0;1.50;0.100
1581;5.0;12.0;1.50;0.010
1582;5.0;12.0;1.50;0.020
1583;5.0;12.0;1.50;0.030
1584;5.0;12.0;1.50;0.040
1585;5.0;12.0;1.50;0.050
1586;5.0;12.0;1.50;0.060
1587;5.0;12.0;1.50;0.070
1588;5.0;12.0;1.50;0.080
1589;5.0;12.0;1.50;0.090
1590;5.0;12.0;1.50;0.100
1591;7.0;12.0;1.50;0.010
1592;7.0;12.0;1.50;0.020
1593;7.0;12.0;1.50;0.030
1594;7.0;12.0;1.50;0.040
1595;7.0;12.0;1.50;0.050
1596;7.0;12.0;1.50;0.060
1597;7.0;12.0;1.50;0.070
1598;7.0;12.0;1.50;0.080
1599;7.0;12.0;1.50;0.090
1600;7.0;12.0;1.50;0.100
1601;9.0;12.0;1.50;0.010
1602;9.0;12.0;1.50;0.020
1603;9.0;12.0;1.50;0.030
1604;9.0;12.0;1.50;0.040
1605;9.0;12.0;1.50;0.050
1606;9.0;12.0;1.50;0.060
1607;9.0;12.0;1.50;0.070
1608;9.0;12.0;1.50;0.080
1609;9.0;12.0;1.50;0.090
1610;9.0;12.0;1.50;0.100
1611;11.0;12.0;1.50;0.010
1612;11.0;12.0;1.50;0.020
1613;11.0;12.0;1.50;0.030
1614;11.0;12.0;1.50;0.040
1615;11.0;12.0;1.50;0.050
1616;11.0;12.0;1.50;0.060
1617;11.0;12.0;1.50;0.070
1618;11.0;12.0;1.50;0.080
1619;11.0;12.0;1.50;0.090
1620;11.0;12.0;1.50;0.100
1621;13.0;12.0;1.50;0.010
1622;13.0;12.0;1.50;0.020
1623;13.0;12.0;1.50;0.030
1624;13.0;12.0;1.50;0.040
1625;13.0;12.0;1.50;0.050
1626;13.0;12.0;1.50;0.060
1627;13.0;12.0;1.50;0.070
1628;13.0;12.0;1.50;0.080
1629;13.0;12.0;1.50;0.090
1630;13.0;12.0;1.50;0.100
1631;15.0;12.0;1.50;0.010
1632;15.0;12.0;1.50;0.020
1633;15.0;12.0;1.50;0.030
1634;15.0;12.0;1.50;0.040
1635;15.0;12.0;1.50;0.050
1636;15.0;12.0;1.50;0.060
1637;15.0;12.0;1.50;0.070
1638;15.0;12.0;1.50;0.080
1639;15.0;12.0;1.50;0.090
1640;15.0;12.0;1.50;0.100
1641;17.0;12.0;1.50;0.010
1642;17.0;12.0;1.50;0.020
1643;17.0;12.0;1.50;0.030
1644;17.0;12.0;1.50;0.040
1645;17.0;12.0;1.50;0.050
1646;17.0;12.0;1.50;0.060
1647;17.0;12.0;1.50;0.070
1648;17.0;12.0;1.50;0.080
1649;17.0;12.0;1.50;0.090
1650;17.0;12.0;1.50;0.100
1651;19.0;12.0;1.50;0.010
1652;19.0;12.0;1.50;0.020
1653;19.0;12.0;1.50;0.030
1654;19.0;12.0;1.50;0.040
1655;19.0;12.0;1.50;0.050
1656;19.0;12.0;1.50;0.060
1657;19.0;12.0;1.50;0.070
1658;19.0;12.0;1.50;0.080
1659;19.0;12.0;1.50;0.090
1660;19.0;12.0;1.50;0.100
1661;21.0;12.0;1.50;0.010
1662;21.0;12.0;1.50;0.020
1663;21.0;12.0;1.50;0.030
1664;21.0;12.0;1.50;0.040
1665;21.0;12.0;1.50;0.050
1666;21.0;12.0;1.50;0.060
1667;21.0;12.0;1.50;0.070
1668;21.0;12.0;1.50;0.080
1669;21.0;12.0;1.50;0.090
1670;21.0;12.0;1.50;0.100
1671;23.0;12.0;1.50;0.010
1672;23.0;12.0;1.50;0.020
1673;23.0;12.0;1.50;0.030
1674;23.0;12.0;1.50;0.040
1675;23.0;12.0;1.50;0.050
1676;23.0;12.0;1.50;0.060
1677;23.0;12.0;1.50;0.070
1678;23.0;12.0;1.50;0.080
1679;23.0;12.0;1.50;0.090
1680;23.0;12.0;1.50;0.100
1681;25.0;12.0;1.50;0.010
1682;25.0;12.0;1.50;0.020
1683;25.0;12.0;1.50;0.030
1684;25.0;12.0;1.50;0.040
1685;25.0;12.0;1.50;0.050
1686;25.0;12.0;1.50;0.060
1687;25.0;12.0;1.50;0.070
1688;25.0;12.0;1.50;0.080
1689;25.0;12.0;1.50;0.090
1690;25.0;12.0;1.50;0.100
1691;1.0;14.0;1.50;0.010
1692;1.0;14.0;1.50;0.020
1693;1.0;14.0;1.50;0.030
1694;1.0;14.0;1.50;0.040
1695;1.0;14.0;1.50;0.050
1696;1.0;14.0;1.50;0.060
1697;1.0;14.0;1.50;0.070
1698;1.0;14.0;1.50;0.080
1699;1.0;14.0;1.50;0.090
1700;1.0;14.0;1.50;0.100
1701;3.0;14.0;1.50;0.010
1702;3.0;14.0;1.50;0.020
1703;3.0;14.0;1.50;0.030
1704;3.0;14.0;1.50;0.040
1705;3.0;14.0;1.50;0.050
1706;3.0;14.0;1.50;0.060
1707;3.0;14.0;1.50;0.070
1708;3.0;14.0;1.50;0.080
1709;3.0;14.0;1.50;0.090
1710;3.0;14.0;1.50;0.100
1711;5.0;14.0;1.50;0.010
1712;5.0;14.0;1.50;0.020
1713;5.0;14.0;1.50;0.030
1714;5.0;14.0;1.50;0.040
1715;5.0;14.0;1.50;0.050
1716;5.0;14.0;1.50;0.060
1717;5.0;14.0;1.50;0.070
1718;5.0;14.0;1.50;0.080
1719;5.0;14.0;1.50;0.090
1720;5.0;14.0;1.50;0.100
1721;7.0;14.0;1.50;0.010
1722;7.0;14.0;1.50;0.020
1723;7.0;14.0;1.50;0.030
1724;7.0;14.0;1.50;0.040
1725;7.0;14.0;1.50;0.050
1726;7.0;14.0;1.50;0.060
1727;7.0;14.0;1.50;0.070
1728;7.0;14.0;1.50;0.080
1729;7.0;14.0;1.50;0.090
1730;7.0;14.0;1.50;0.100
1731;9.0;14.0;1.50;0.010
1732;9.0;14.0;1.50;0.020
1733;9.0;14.0;1.50;0.030
1734;9.0;14.0;1.50;0.040
1735;9.0;14.0;1.50;0.050
1736;9.0;14.0;1.50;0.060
1737;9.0;14.0;1.50;0.070
1738;9.0;14.0;1.50;0.080
1739;9.0;14.0;1.50;0.090
1740;9.0;14.0;1.50;0.100
1741;11.0;14.0;1.50;0.010
1742;11.0;14.0;1.50;0.020
1743;11.0;14.0;1.50;0.030
1744;11.0;14.0;1.50;0.040
1745;11.0;14.0;1.50;0.050
1746;11.0;14.0;1.50;0.060
1747;11.0;14.0;1.50;0.070
1748;11.0;14.0;1.50;0.080
1749;11.0;14.0;1.50;0.090
1750;11.0;14.0;1.50;0.100
1751;13.0;14.0;1.50;0.010
1752;13.0;14.0;1.50;0.020
1753;13.0;14.0;1.50;0.030
1754;13.0;14.0;1.50;0.040
1755;13.0;14.0;1.50;0.050
1756;13.0;14.0;1.50;0.060
1757;13.0;14.0;1.50;0.070
1758;13.0;14.0;1.50;0.080
1759;13.0;14.0;1.50;0.090
1760;13.0;14.0;1.50;0.100
1761;15.0;14.0;1.50;0.010
1762;15.0;14.0;1.50;0.020
1763;15.0;14.0;1.50;0.030
1764;15.0;14.0;1.50;0.040
1765;15.0;14.0;1.50;0.050
1766;15.0;14.0;1.50;0.060
1767;15.0;14.0;1.50;0.070
1768;15.0;14.0;1.50;0.080
1769;15.0;14.0;1.50;0.090
1770;15.0;14.0;1.50;0.100
1771;17.0;14.0;1.50;0.010
1772;17.0;14.0;1.50;0.020
1773;17.0;14.0;1.50;0.030
1774;17.0;14.0;1.50;0.040
1775;17.0;14.0;1.50;0.050
1776;17.0;14.0;1.50;0.060
1777;17.0;14.0;1.50;0.070
1778;17.0;14.0;1.50;0.080
1779;17.0;14.0;1.50;0.090
1780;17.0;14.0;1.50;0.100
1781;19.0;14.0;1.50;0.010
1782;19.0;14.0;1.50;0.020
1783;19.0;14.0;1.50;0.030
1784;19.0;14.0;1.50;0.040
1785;19.0;14.0;1.50;0.050
1786;19.0;14.0;1.50;0.060
1787;19.0;14.0;1.50;0.070
1788;19.0;14.0;1.50;0.080
1789;19.0;14.0;1.50;0.090
1790;19.0;14.0;1.50;0.100
1791;21.0;14.0;1.50;0.010
1792;21.0;14.0;1.50;0.020
1793;21.0;14.0;1.50;0.030
1794;21.0;14.0;1.50;0.040
1795;21.0;14.0;1.50;0.050
1796;21.0;14.0;1.50;0.060
1797;21.0;14.0;1.50;0.070
1798;21.0;14.0;1.50;0.080
1799;21.0;14.0;1.50;0.090
1800;21.0;14.0;1.50;0.100
1801;23.0;14.0;1.50;0.010
1802;23.0;14.0;1.50;0.020
1803;23.0;14.0;1.50;0.030
1804;23.0;14.0;1.50;0.040
1805;23.0;14.0;1.50;0.050
1806;23.0;14.0;1.50;0.060
1807;23.0;14.0;1.50;0.070
1808;23.0;14.0;1.50;0.080
1809;23.0;14.0;1.50;0.090
1810;23.0;14.0;1.50;0.100
1811;25.0;14.0;1.50;0.010
1812;25.0;14.0;1.50;0.020
1813;25.0;14.0;1.50;0.030
1814;25.0;14.0;1.50;0.040
1815;25.0;14.0;1.50;0.050
1816;25.0;14.0;1.50;0.060
1817;25.0;14.0;1.50;0.070
1818;25.0;14.0;1.50;0.080
1819;25.0;14.0;1.50;0.090
1820;25.0;14.0;1.50;0.100
1821;1.0;16.0;1.50;0.010
1822;1.0;16.0;1.50;0.020
1823;1.0;16.0;1.50;0.030
1824;1.0;16.0;1.50;0.040
1825;1.0;16.0;1.50;0.050
1826;1.0;16.0;1.50;0.060
1827;1.0;16.0;1.50;0.070
1828;1.0;16.0;1.50;0.080
1829;1.0;16.0;1.50;0.090
1830;1.0;16.0;1.50;0.100
1831;3.0;16.0;1.50;0.010
1832;3.0;16.0;1.50;0.020
1833;3.0;16.0;1.50;0.030
1834;3.0;16.0;1.50;0.040
1835;3.0;16.0;1.50;0.050
1836;3.0;16.0;1.50;0.060
1837;3.0;16.0;1.50;0.070
1838;3.0;16.0;1.50;0.080
1839;3.0;16.0;1.50;0.090
1840;3.0;16.0;1.50;0.100
1841;5.0;16.0;1.50;0.010
1842;5.0;16.0;1.50;0.020
1843;5.0;16.0;1.50;0.030
1844;5.0;16.0;1.50;0.040
1845;5.0;16.0;1.50;0.050
1846;5.0;16.0;1.50;0.060
1847;5.0;16.0;1.50;0.070
1848;5.0;16.0;1.50;0.080
1849;5.0;16.0;1.50;0.090
1850;5.0;16.0;1.50;0.100
1851;7.0;16.0;1.50;0.010
1852;7.0;16.0;1.50;0.020
1853;7.0;16.0;1.50;0.030
1854;7.0;16.0;1.50;0.040
1855;7.0;16.0;1.50;0.050
1856;7.0;16.0;1.50;0.060
1857;7.0;16.0;1.50;0.070
1858;7.0;16.0;1.50;0.080
1859;7.0;16.0;1.50;0.090
1860;7.0;16.0;1.50;0.100
1861;9.0;16.0;1.50;0.010
1862;9.0;16.0;1.50;0.020
1863;9.0;16.0;1.50;0.030
1864;9.0;16.0;1.50;0.040
1865;9.0;16.0;1.50;0.050
1866;9.0;16.0;1.50;0.060
1867;9.0;16.0;1.50;0.070
1868;9.0;16.0;1.50;0.080
1869;9.0;16.0;1.50;0.090
1870;9.0;16.0;1.50;0.100
1871;11.0;16.0;1.50;0.010
1872;11.0;16.0;1.50;0.020
1873;11.0;16.0;1.50;0.030
1874;11.0;16.0;1.50;0.040
1875;11.0;16.0;1.50;0.050
1876;11.0;16.0;1.50;0.060
1877;11.0;16.0;1.50;0.070
1878;11.0;16.0;1.50;0.080
1879;11.0;16.0;1.50;0.090
1880;11.0;16.0;1.50;0.100
1881;13.0;16.0;1.50;0.010
1882;13.0;16.0;1.50;0.020
1883;13.0;16.0;1.50;0.030
1884;13.0;16.0;1.50;0.040
1885;13.0;16.0;1.50;0.050
1886;13.0;16.0;1.50;0.060
1887;13.0;16.0;1.50;0.070
1888;13.0;16.0;1.50;0.080
1889;13.0;16.0;1.50;0.090
1890;13.0;16.0;1.50;0.100
1891;15.0;16.0;1.50;0.010
1892;15.0;16.0;1.50;0.020
1893;15.0;16.0;1.50;0.030
1894;15.0;16.0;1.50;0.040
1895;15.0;16.0;1.50;0.050
1896;15.0;16.0;1.50;0.060
1897;15.0;16.0;1.50;0.070
1898;15.0;16.0;1.50;0.080
1899;15.0;16.0;1.50;0.090
1900;15.0;16.0;1.50;0.100
1901;17.0;16.0;1.50;0.010
1902;17.0;16.0;1.50;0.020
1903;17.0;16.0;1.50;0.030
1904;17.0;16.0;1.50;0.040
1905;17.0;16.0;1.50;0.050
1906;17.0;16.0;1.50;0.060
1907;17.0;16.0;1.50;0.070
1908;17.0;16.0;1.50;0.080
1909;17.0;16.0;1.50;0.090
1910;17.0;16.0;1.50;0.100
1911;19.0;16.0;1.50;0.010
1912;19.0;16.0;1.50;0.020
1913;19.0;16.0;1.50;0.030
1914;19.0;16.0;1.50;0.040
1915;19.0;16.0;1.50;0.050
1916;19.0;16.0;1.50;0.060
1917;19.0;16.0;1.50;0.070
1918;19.0;16.0;1.50;0.080
1919;19.0;16.0;1.50;0.090
1920;19.0;16.0;1.50;0.100
1921;21.0;16.0;1.50;0.010
1922;21.0;16.0;1.50;0.020
1923;21.0;16.0;1.50;0.030
1924;21.0;16.0;1.50;0.040
1925;21.0;16.0;1.50;0.050
1926;21.0;16.0;1.50;0.060
1927;21.0;16.0;1.50;0.070
1928;21.0;16.0;1.50;0.080
1929;21.0;16.0;1.50;0.090
1930;21.0;16.0;1.50;0.100
1931;23.0;16.0;1.50;0.010
1932;23.0;16.0;1.50;0.020
1933;23.0;16.0;1.50;0.030
1934;23.0;16.0;1.50;0.040
1935;23.0;16.0;1.50;0.050
1936;23.0;16.0;1.50;0.060
1937;23.0;16.0;1.50;0.070
1938;23.0;16.0;1.50;0.080
1939;23.0;16.0;1.50;0.090
1940;23.0;16.0;1.50;0.100
1941;25.0;16.0;1.50;0.010
1942;25.0;16.0;1.50;0.020
1943;25.0;16.0;1.50;0.030
1944;25.0;16.0;1.50;0.040
1945;25.0;16.0;1.50;0.050
1946;25.0;16.0;1.50;0.060
1947;25.0;16.0;1.50;0.070
1948;25.0;16.0;1.50;0.080
1949;25.0;16.0;1.50;0.090
1950;25.0;16.0;1.50;0.100
1951;1.0;18.0;1.50;0.010
1952;1.0;18.0;1.50;0.020
1953;1.0;18.0;1.50;0.030
1954;1.0;18.0;1.50;0.040
1955;1.0;18.0;1.50;0.050
1956;1.0;18.0;1.50;0.060
1957;1.0;18.0;1.50;0.070
1958;1.0;18.0;1.50;0.080
1959;1.0;18.0;1.50;0.090
1960;1.0;18.0;1.50;0.100
1961;3.0;18.0;1.50;0.010
1962;3.0;18.0;1.50;0.020
1963;3.0;18.0;1.50;0.030
1964;3.0;18.0;1.50;0.040
1965;3.0;18.0;1.50;0.050
1966;3.0;18.0;1.50;0.060
1967;3.0;18.0;1.50;0.070
1968;3.0;18.0;1.50;0.080
1969;3.0;18.0;1.50;0.090
1970;3.0;18.0;1.50;0.100
1971;5.0;18.0;1.50;0.010
1972;5.0;18.0;1.50;0.020
1973;5.0;18.0;1.50;0.030
1974;5.0;18.0;1.50;0.040
1975;5.0;18.0;1.50;0.050
1976;5.0;18.0;1.50;0.060
1977;5.0;18.0;1.50;0.070
1978;5.0;18.0;1.50;0.080
1979;5.0;18.0;1.50;0.090
1980;5.0;18.0;1.50;0.100
1981;7.0;18.0;1.50;0.010
1982;7.0;18.0;1.50;0.020
1983;7.0;18.0;1.50;0.030
1984;7.0;18.0;1.50;0.040
1985;7.0;18.0;1.50;0.050
1986;7.0;18.0;1.50;0.060
1987;7.0;18.0;1.50;0.070
1988;7.0;18.0;1.50;0.080
1989;7.0;18.0;1.50;0.090
1990;7.0;18.0;1.50;0.100
1991;9.0;18.0;1.50;0.010
1992;9.0;18.0;1.50;0.020
1993;9.0;18.0;1.50;0.030
1994;9.0;18.0;1.50;0.040
1995;9.0;18.0;1.50;0.050
1996;9.0;18.0;1.50;0.060
1997;9.0;18.0;1.50;0.070
1998;9.0;18.0;1.50;0.080
1999;9.0;18.0;1.50;0.090
2000;9.0;18.0;1.50;0.100
2001;11.0;18.0;1.50;0.010
2002;11.0;18.0;1.50;0.020
2003;11.0;18.0;1.50;0.030
2004;11.0;18.0;1.50;0.040
2005;11.0;18.0;1.50;0.050
2006;11.0;18.0;1.50;0.060
2007;11.0;18.0;1.50;0.070
2008;11.0;18.0;1.50;0.080
2009;11.0;18.0;1.50;0.090
2010;11.0;18.0;1.50;0.100
2011;13.0;18.0;1.50;0.010
2012;13.0;18.0;1.50;0.020
2013;13.0;18.0;1.50;0.030
2014;13.0;18.0;1.50;0.040
2015;13.0;18.0;1.50;0.050
2016;13.0;18.0;1.50;0.060
2017;13.0;18.0;1.50;0.070
2018;13.0;18.0;1.50;0.080
2019;13.0;18.0;1.50;0.090
2020;13.0;18.0;1.50;0.100
2021;15.0;18.0;1.50;0.010
2022;15.0;18.0;1.50;0.020
2023;15.0;18.0;1.50;0.030
2024;15.0;18.0;1.50;0.040
2025;15.0;18.0;1.50;0.050
2026;15.0;18.0;1.50;0.060
2027;15.0;18.0;1.50;0.070
2028;15.0;18.0;1.50;0.080
2029;15.0;18.0;1.50;0.090
2030;15.0;18.0;1.50;0.100
2031;17.0;18.0;1.50;0.010
2032;17.0;18.0;1.50;0.020
2033;17.0;18.0;1.50;0.030
2034;17.0;18.0;1.50;0.040
2035;17.0;18.0;1.50;0.050
2036;17.0;18.0;1.50;0.060
2037;17.0;18.0;1.50;0.070
2038;17.0;18.0;1.50;0.080
2039;17.0;18.0;1.50;0.090
2040;17.0;18.0;1.50;0.100
2041;19.0;18.0;1.50;0.010
2042;19.0;18.0;1.50;0.020
2043;19.0;18.0;1.50;0.030
2044;19.0;18.0;1.50;0.040
2045;19.0;18.0;1.50;0.050
2046;19.0;18.0;1.50;0.060
2047;19.0;18.0;1.50;0.070
2048;19.0;18.0;1.50;0.080
2049;19.0;18.0;1.50;0.090
2050;19.0;18.0;1.50;0.100
2051;21.0;18.0;1.50;0.010
2052;21.0;18.0;1.50;0.020
2053;21.0;18.0;1.50;0.030
2054;21.0;18.0;1.50;0.040
2055;21.0;18.0;1.50;0.050
2056;21.0;18.0;1.50;0.060
2057;21.0;18.0;1.50;0.070
2058;21.0;18.0;1.50;0.080
2059;21.0;18.0;1.50;0.090
2060;21.0;18.0;1.50;0.100
2061;23.0;18.0;1.50;0.010
2062;23.0;18.0;1.50;0.020
2063;23.0;18.0;1.50;0.030
2064;23.0;18.0;1.50;0.040
2065;23.0;18.0;1.50;0.050
2066;23.0;18.0;1.50;0.060
2067;23.0;18.0;1.50;0.070
2068;23.0;18.0;1.50;0.080
2069;23.0;18.0;1.50;0.090
2070;23.0;18.0;1.50;0.100
2071;25.0;18.0;1.50;0.010
2072;25.0;18.0;1.50;0.020
2073;25.0;18.0;1.50;0.030
2074;25.0;18.0;1.50;0.040
2075;25.0;18.0;1.50;0.050
2076;25.0;18.0;1.50;0.060
2077;25.0;18.0;1.50;0.070
2078;25.0;18.0;1.50;0.080
2079;25.0;18.0;1.50;0.090
2080;25.0;18.0;1.50;0.100
2081;1.0;20.0;1.50;0.010
2082;1.0;20.0;1.50;0.020
2083;1.0;20.0;1.50;0.030
2084;1.0;20.0;1.50;0.040
2085;1.0;20.0;1.50;0.050
2086;1.0;20.0;1.50;0.060
2087;1.0;20.0;1.50;0.070
2088;1.0;20.0;1.50;0.080
2089;1.0;20.0;1.50;0.090
2090;1.0;20.0;1.50;0.100
2091;3.0;20.0;1.50;0.010
2092;3.0;20.0;1.50;0.020
2093;3.0;20.0;1.50;0.030
2094;3.0;20.0;1.50;0.040
2095;3.0;20.0;1.50;0.050
2096;3.0;20.0;1.50;0.060
2097;3.0;20.0;1.50;0.070
2098;3.0;20.0;1.50;0.080
2099;3.0;20.0;1.50;0.090
2100;3.0;20.0;1.50;0.100
2101;5.0;20.0;1.50;0.010
2102;5.0;20.0;1.50;0.020
2103;5.0;20.0;1.50;0.030
2104;5.0;20.0;1.50;0.040
2105;5.0;20.0;1.50;0.050
2106;5.0;20.0;1.50;0.060
2107;5.0;20.0;1.50;0.070
2108;5.0;20.0;1.50;0.080
2109;5.0;20.0;1.50;0.090
2110;5.0;20.0;1.50;0.100
2111;7.0;20.0;1.50;0.010
2112;7.0;20.0;1.50;0.020
2113;7.0;20.0;1.50;0.030
2114;7.0;20.0;1.50;0.040
2115;7.0;20.0;1.50;0.050
2116;7.0;20.0;1.50;0.060
2117;7.0;20.0;1.50;0.070
2118;7.0;20.0;1.50;0.080
2119;7.0;20.0;1.50;0.090
2120;7.0;20.0;1.50;0.100
2121;9.0;20.0;1.50;0.010
2122;9.0;20.0;1.50;0.020
2123;9.0;20.0;1.50;0.030
2124;9.0;20.0;1.50;0.040
2125;9.0;20.0;1.50;0.050
2126;9.0;20.0;1.50;0.060
2127;9.0;20.0;1.50;0.070
2128;9.0;20.0;1.50;0.080
2129;9.0;20.0;1.50;0.090
2130;9.0;20.0;1.50;0.100
2131;11.0;20.0;1.50;0.010
2132;11.0;20.0;1.50;0.020
2133;11.0;20.0;1.50;0.030
2134;11.0;20.0;1.50;0.040
2135;11.0;20.0;1.50;0.050
2136;11.0;20.0;1.50;0.060
2137;11.0;20.0;1.50;0.070
2138;11.0;20.0;1.50;0.080
2139;11.0;20.0;1.50;0.090
2140;11.0;20.0;1.50;0.100
2141;13.0;20.0;1.50;0.010
2142;13.0;20.0;1.50;0.020
2143;13.0;20.0;1.50;0.030
2144;13.0;20.0;1.50;0.040
2145;13.0;20.0;1.50;0.050
2146;13.0;20.0;1.50;0.060
2147;13.0;20.0;1.50;0.070
2148;13.0;20.0;1.50;0.080
2149;13.0;20.0;1.50;0.090
2150;13.0;20.0;1.50;0.100
2151;15.0;20.0;1.50;0.010
2152;15.0;20.0;1.50;0.020
2153;15.0;20.0;1.50;0.030
2154;15.0;20.0;1.50;0.040
2155;15.0;20.0;1.50;0.050
2156;15.0;20.0;1.50;0.060
2157;15.0;20.0;1.50;0.070
2158;15.0;20.0;1.50;0.080
2159;15.0;20.0;1.50;0.090
2160;15.0;20.0;1.50;0.100
2161;17.0;20.0;1.50;0.010
2162;17.0;20.0;1.50;0.020
2163;17.0;20.0;1.50;0.030
2164;17.0;20.0;1.50;0.040
2165;17.0;20.0;1.50;0.050
2166;17.0;20.0;1.50;0.060
2167;17.0;20.0;1.50;0.070
2168;17.0;20.0;1.50;0.080
2169;17.0;20.0;1.50;0.090
2170;17.0;20.0;1.50;0.100
2171;19.0;20.0;1.50;0.010
2172;19.0;20.0;1.50;0.020
2173;19.0;20.0;1.50;0.030
2174;19.0;20.0;1.50;0.040
2175;19.0;20.0;1.50;0.050
2176;19.0;20.0;1.50;0.060
2177;19.0;20.0;1.50;0.070
2178;19.0;20.0;1.50;0.080
2179;19.0;20.0;1.50;0.090
2180;19.0;20.0;1.50;0.100
2181;21.0;20.0;1.50;0.010
2182;21.0;20.0;1.50;0.020
2183;21.0;20.0;1.50;0.030
2184;21.0;20.0;1.50;0.040
2185;21.0;20.0;1.50;0.050
2186;21.0;20.0;1.50;0.060
2187;21.0;20.0;1.50;0.070
2188;21.0;20.0;1.50;0.080
2189;21.0;20.0;1.50;0.090
2190;21.0;20.0;1.50;0.100
2191;23.0;20.0;1.50;0.010
2192;23.0;20.0;1.50;0.020
2193;23.0;20.0;1.50;0.030
2194;23.0;20.0;1.50;0.040
2195;23.0;20.0;1.50;0.050
2196;23.0;20.0;1.50;0.060
2197;23.0;20.0;1.50;0.070
2198;23.0;20.0;1.50;0.080
2199;23.0;20.0;1.50;0.090
2200;23.0;20.0;1.50;0.100
2201;25.0;20.0;1.50;0.010
2202;25.0;20.0;1.50;0.020
2203;25.0;20.0;1.50;0.030
2204;25.0;20.0;1.50;0.040
2205;25.0;20.0;1.50;0.050
2206;25.0;20.0;1.50;0.060
2207;25.0;20.0;1.50;0.070
2208;25.0;20.0;1.50;0.080
2209;25.0;20.0;1.50;0.090
2210;25.0;20.0;1.50;0.100
2211;1.0;22.0;1.50;0.010
2212;1.0;22.0;1.50;0.020
2213;1.0;22.0;1.50;0.030
2214;1.0;22.0;1.50;0.040
2215;1.0;22.0;1.50;0.050
2216;1.0;22.0;1.50;0.060
2217;1.0;22.0;1.50;0.070
2218;1.0;22.0;1.50;0.080
2219;1.0;22.0;1.50;0.090
2220;1.0;22.0;1.50;0.100
2221;3.0;22.0;1.50;0.010
2222;3.0;22.0;1.50;0.020
2223;3.0;22.0;1.50;0.030
2224;3.0;22.0;1.50;0.040
2225;3.0;22.0;1.50;0.050
2226;3.0;22.0;1.50;0.060
2227;3.0;22.0;1.50;0.070
2228;3.0;22.0;1.50;0.080
2229;3.0;22.0;1.50;0.090
2230;3.0;22.0;1.50;0.100
2231;5.0;22.0;1.50;0.010
2232;5.0;22.0;1.50;0.020
2233;5.0;22.0;1.50;0.030
2234;5.0;22.0;1.50;0.040
2235;5.0;22.0;1.50;0.050
2236;5.0;22.0;1.50;0.060
2237;5.0;22.0;1.50;0.070
2238;5.0;22.0;1.50;0.080
2239;5.0;22.0;1.50;0.090
2240;5.0;22.0;1.50;0.100
2241;7.0;22.0;1.50;0.010
2242;7.0;22.0;1.50;0.020
2243;7.0;22.0;1.50;0.030
2244;7.0;22.0;1.50;0.040
2245;7.0;22.0;1.50;0.050
2246;7.0;22.0;1.50;0.060
2247;7.0;22.0;1.50;0.070
2248;7.0;22.0;1.50;0.080
2249;7.0;22.0;1.50;0.090
2250;7.0;22.0;1.50;0.100
2251;9.0;22.0;1.50;0.010
2252;9.0;22.0;1.50;0.020
2253;9.0;22.0;1.50;0.030
2254;9.0;22.0;1.50;0.040
2255;9.0;22.0;1.50;0.050
2256;9.0;22.0;1.50;0.060
2257;9.0;22.0;1.50;0.070
2258;9.0;22.0;1.50;0.080
2259;9.0;22.0;1.50;0.090
2260;9.0;22.0;1.50;0.100
2261;11.0;22.0;1.50;0.010
2262;11.0;22.0;1.50;0.020
2263;11.0;22.0;1.50;0.030
2264;11.0;22.0;1.50;0.040
2265;11.0;22.0;1.50;0.050
2266;11.0;22.0;1.50;0.060
2267;11.0;22.0;1.50;0.070
2268;11.0;22.0;1.50;0.080
2269;11.0;22.0;1.50;0.090
2270;11.0;22.0;1.50;0.100
2271;13.0;22.0;1.50;0.010
2272;13.0;22.0;1.50;0.020
2273;13.0;22.0;1.50;0.030
2274;13.0;22.0;1.50;0.040
2275;13.0;22.0;1.50;0.050
2276;13.0;22.0;1.50;0.060
2277;13.0;22.0;1.50;0.070
2278;13.0;22.0;1.50;0.080
2279;13.0;22.0;1.50;0.090
2280;13.0;22.0;1.50;0.100
2281;15.0;22.0;1.50;0.010
2282;15.0;22.0;1.50;0.020
2283;15.0;22.0;1.50;0.030
2284;15.0;22.0;1.50;0.040
2285;15.0;22.0;1.50;0.050
2286;15.0;22.0;1.50;0.060
2287;15.0;22.0;1.50;0.070
2288;15.0;22.0;1.50;0.080
2289;15.0;22.0;1.50;0.090
2290;15.0;22.0;1.50;0.100
2291;17.0;22.0;1.50;0.010
2292;17.0;22.0;1.50;0.020
2293;17.0;22.0;1.50;0.030
2294;17.0;22.0;1.50;0.040
2295;17.0;22.0;1.50;0.050
2296;17.0;22.0;1.50;0.060
2297;17.0;22.0;1.50;0.070
2298;17.0;22.0;1.50;0.080
2299;17.0;22.0;1.50;0.090
2300;17.0;22.0;1.50;0.100
2301;19.0;22.0;1.50;0.010
2302;19.0;22.0;1.50;0.020
2303;19.0;22.0;1.50;0.030
2304;19.0;22.0;1.50;0.040
2305;19.0;22.0;1.50;0.050
2306;19.0;22.0;1.50;0.060
2307;19.0;22.0;1.50;0.070
2308;19.0;22.0;1.50;0.080
2309;19.0;22.0;1.50;0.090
2310;19.0;22.0;1.50;0.100
2311;21.0;22.0;1.50;0.010
2312;21.0;22.0;1.50;0.020
2313;21.0;22.0;1.50;0.030
2314;21.0;22.0;1.50;0.040
2315;21.0;22.0;1.50;0.050
2316;21.0;22.0;1.50;0.060
2317;21.0;22.0;1.50;0.070
2318;21.0;22.0;1.50;0.080
2319;21.0;22.0;1.50;0.090
2320;21.0;22.0;1.50;0.100
2321;23.0;22.0;1.50;0.010
2322;23.0;22.0;1.50;0.020
2323;23.0;22.0;1.50;0.030
2324;23.0;22.0;1.50;0.040
2325;23.0;22.0;1.50;0.050
2326;23.0;22.0;1.50;0.060
2327;23.0;22.0;1.50;0.070
2328;23.0;22.0;1.50;0.080
2329;23.0;22.0;1.50;0.090
2330;23.0;22.0;1.50;0.100
2331;25.0;22.0;1.50;0.010
2332;25.0;22.0;1.50;0.020
2333;25.0;22.0;1.50;0.030
2334;25.0;22.0;1.50;0.040
2335;25.0;22.0;1.50;0.050
2336;25.0;22.0;1.50;0.060
2337;25.0;22.0;1.50;0.070
2338;25.0;22.0;1.50;0.080
2339;25.0;22.0;1.50;0.090
2340;25.0;22.0;1.50;0.100
2341;1.0;24.0;1.50;0.010
2342;1.0;24.0;1.50;0.020
2343;1.0;24.0;1.50;0.030
2344;1.0;24.0;1.50;0.040
2345;1.0;24.0;1.50;0.050
2346;1.0;24.0;1.50;0.060
2347;1.0;24.0;1.50;0.070
2348;1.0;24.0;1.50;0.080
2349;1.0;24.0;1.50;0.090
2350;1.0;24.0;1.50;0.100
2351;3.0;24.0;1.50;0.010
2352;3.0;24.0;1.50;0.020
2353;3.0;24.0;1.50;0.030
2354;3.0;24.0;1.50;0.040
2355;3.0;24.0;1.50;0.050
2356;3.0;24.0;1.50;0.060
2357;3.0;24.0;1.50;0.070
2358;3.0;24.0;1.50;0.080
2359;3.0;24.0;1.50;0.090
2360;3.0;24.0;1.50;0.100
2361;5.0;24.0;1.50;0.010
2362;5.0;24.0;1.50;0.020
2363;5.0;24.0;1.50;0.030
2364;5.0;24.0;1.50;0.040
2365;5.0;24.0;1.50;0.050
2366;5.0;24.0;1.50;0.060
2367;5.0;24.0;1.50;0.070
2368;5.0;24.0;1.50;0.080
2369;5.0;24.0;1.50;0.090
2370;5.0;24.0;1.50;0.100
2371;7.0;24.0;1.50;0.010
2372;7.0;24.0;1.50;0.020
2373;7.0;24.0;1.50;0.030
2374;7.0;24.0;1.50;0.040
2375;7.0;24.0;1.50;0.050
2376;7.0;24.0;1.50;0.060
2377;7.0;24.0;1.50;0.070
2378;7.0;24.0;1.50;0.080
2379;7.0;24.0;1.50;0.090
2380;7.0;24.0;1.50;0.100
2381;9.0;24.0;1.50;0.010
2382;9.0;24.0;1.50;0.020
2383;9.0;24.0;1.50;0.030
2384;9.0;24.0;1.50;0.040
2385;9.0;24.0;1.50;0.050
2386;9.0;24.0;1.50;0.060
2387;9.0;24.0;1.50;0.070
2388;9.0;24.0;1.50;0.080
2389;9.0;24.0;1.50;0.090
2390;9.0;24.0;1.50;0.100
2391;11.0;24.0;1.50;0.010
2392;11.0;24.0;1.50;0.020
2393;11.0;24.0;1.50;0.030
2394;11.0;24.0;1.50;0.040
2395;11.0;24.0;1.50;0.050
2396;11.0;24.0;1.50;0.060
2397;11.0;24.0;1.50;0.070
2398;11.0;24.0;1.50;0.080
2399;11.0;24.0;1.50;0.090
2400;11.0;24.0;1.50;0.100
2401;13.0;24.0;1.50;0.010
2402;13.0;24.0;1.50;0.020
2403;13.0;24.0;1.50;0.030
2404;13.0;24.0;1.50;0.040
2405;13.0;24.0;1.50;0.050
2406;13.0;24.0;1.50;0.060
2407;13.0;24.0;1.50;0.070
2408;13.0;24.0;1.50;0.080
2409;13.0;24.0;1.50;0.090
2410;13.0;24.0;1.50;0.100
2411;15.0;24.0;1.50;0.010
2412;15.0;24.0;1.50;0.020
2413;15.0;24.0;1.50;0.030
2414;15.0;24.0;1.50;0.040
2415;15.0;24.0;1.50;0.050
2416;15.0;24.0;1.50;0.060
2417;15.0;24.0;1.50;0.070
2418;15.0;24.0;1.50;0.080
2419;15.0;24.0;1.50;0.090
2420;15.0;24.0;1.50;0.100
2421;17.0;24.0;1.50;0.010
2422;17.0;24.0;1.50;0.020
2423;17.0;24.0;1.50;0.030
2424;17.0;24.0;1.50;0.040
2425;17.0;24.0;1.50;0.050
2426;17.0;24.0;1.50;0.060
2427;17.0;24.0;1.50;0.070
2428;17.0;24.0;1.50;0.080
2429;17.0;24.0;1.50;0.090
2430;17.0;24.0;1.50;0.100
2431;19.0;24.0;1.50;0.010
2432;19.0;24.0;1.50;0.020
2433;19.0;24.0;1.50;0.030
2434;19.0;24.0;1.50;0.040
2435;19.0;24.0;1.50;0.050
2436;19.0;24.0;1.50;0.060
2437;19.0;24.0;1.50;0.070
2438;19.0;24.0;1.50;0.080
2439;19.0;24.0;1.50;0.090
2440;19.0;24.0;1.50;0.100
2441;21.0;24.0;1.50;0.010
2442;21.0;24.0;1.50;0.020
2443;21.0;24.0;1.50;0.030
2444;21.0;24.0;1.50;0.040
2445;21.0;24.0;1.50;0.050
2446;21.0;24.0;1.50;0.060
2447;21.0;24.0;1.50;0.070
2448;21.0;24.0;1.50;0.080
2449;21.0;24.0;1.50;0.090
2450;21.0;24.0;1.50;0.100
2451;23.0;24.0;1.50;0.010
2452;23.0;24.0;1.50;0.020
2453;23.0;24.0;1.50;0.030
2454;23.0;24.0;1.50;0.040
2455;23.0;24.0;1.50;0.050
2456;23.0;24.0;1.50;0.060
2457;23.0;24.0;1.50;0.070
2458;23.0;24.0;1.50;0.080
2459;23.0;24.0;1.50;0.090
2460;23.0;24.0;1.50;0.100
2461;25.0;24.0;1.50;0.010
2462;25.0;24.0;1.50;0.020
2463;25.0;24.0;1.50;0.030
2464;25.0;24.0;1.50;0.040
2465;25.0;24.0;1.50;0.050
2466;25.0;24.0;1.50;0.060
2467;25.0;24.0;1.50;0.070
2468;25.0;24.0;1.50;0.080
2469;25.0;24.0;1.50;0.090
2470;25.0;24.0;1.50;0.100
2471;1.0;26.0;1.50;0.010
2472;1.0;26.0;1.50;0.020
2473;1.0;26.0;1.50;0.030
2474;1.0;26.0;1.50;0.040
2475;1.0;26.0;1.50;0.050
2476;1.0;26.0;1.50;0.060
2477;1.0;26.0;1.50;0.070
2478;1.0;26.0;1.50;0.080
2479;1.0;26.0;1.50;0.090
2480;1.0;26.0;1.50;0.100
2481;3.0;26.0;1.50;0.010
2482;3.0;26.0;1.50;0.020
2483;3.0;26.0;1.50;0.030
2484;3.0;26.0;1.50;0.040
2485;3.0;26.0;1.50;0.050
2486;3.0;26.0;1.50;0.060
2487;3.0;26.0;1.50;0.070
2488;3.0;26.0;1.50;0.080
2489;3.0;26.0;1.50;0.090
2490;3.0;26.0;1.50;0.100
2491;5.0;26.0;1.50;0.010
2492;5.0;26.0;1.50;0.020
2493;5.0;26.0;1.50;0.030
2494;5.0;26.0;1.50;0.040
2495;5.0;26.0;1.50;0.050
2496;5.0;26.0;1.50;0.060
2497;5.0;26.0;1.50;0.070
2498;5.0;26.0;1.50;0.080
2499;5.0;26.0;1.50;0.090
2500;5.0;26.0;1.50;0.100
2501;7.0;26.0;1.50;0.010
2502;7.0;26.0;1.50;0.020
2503;7.0;26.0;1.50;0.030
2504;7.0;26.0;1.50;0.040
2505;7.0;26.0;1.50;0.050
2506;7.0;26.0;1.50;0.060
2507;7.0;26.0;1.50;0.070
2508;7.0;26.0;1.50;0.080
2509;7.0;26.0;1.50;0.090
2510;7.0;26.0;1.50;0.100
2511;9.0;26.0;1.50;0.010
2512;9.0;26.0;1.50;0.020
2513;9.0;26.0;1.50;0.030
2514;9.0;26.0;1.50;0.040
2515;9.0;26.0;1.50;0.050
2516;9.0;26.0;1.50;0.060
2517;9.0;26.0;1.50;0.070
2518;9.0;26.0;1.50;0.080
2519;9.0;26.0;1.50;0.090
2520;9.0;26.0;1.50;0.100
2521;11.0;26.0;1.50;0.010
2522;11.0;26.0;1.50;0.020
2523;11.0;26.0;1.50;0.030
2524;11.0;26.0;1.50;0.040
2525;11.0;26.0;1.50;0.050
2526;11.0;26.0;1.50;0.060
2527;11.0;26.0;1.50;0.070
2528;11.0;26.0;1.50;0.080
2529;11.0;26.0;1.50;0.090
2530;11.0;26.0;1.50;0.100
2531;13.0;26.0;1.50;0.010
2532;13.0;26.0;1.50;0.020
2533;13.0;26.0;1.50;0.030
2534;13.0;26.0;1.50;0.040
2535;13.0;26.0;1.50;0.050
2536;13.0;26.0;1.50;0.060
2537;13.0;26.0;1.50;0.070
2538;13.0;26.0;1.50;0.080
2539;13.0;26.0;1.50;0.090
2540;13.0;26.0;1.50;0.100
2541;15.0;26.0;1.50;0.010
2542;15.0;26.0;1.50;0.020
2543;15.0;26.0;1.50;0.030
2544;15.0;26.0;1.50;0.040
2545;15.0;26.0;1.50;0.050
2546;15.0;26.0;1.50;0.060
2547;15.0;26.0;1.50;0.070
2548;15.0;26.0;1.50;0.080
2549;15.0;26.0;1.50;0.090
2550;15.0;26.0;1.50;0.100
2551;17.0;26.0;1.50;0.010
2552;17.0;26.0;1.50;0.020
2553;17.0;26.0;1.50;0.030
2554;17.0;26.0;1.50;0.040
2555;17.0;26.0;1.50;0.050
2556;17.0;26.0;1.50;0.060
2557;17.0;26.0;1.50;0.070
2558;17.0;26.0;1.50;0.080
2559;17.0;26.0;1.50;0.090
2560;17.0;26.0;1.50;0.100
2561;19.0;26.0;1.50;0.010
2562;19.0;26.0;1.50;0.020
2563;19.0;26.0;1.50;0.030
2564;19.0;26.0;1.50;0.040
2565;19.0;26.0;1.50;0.050
2566;19.0;26.0;1.50;0.060
2567;19.0;26.0;1.50;0.070
2568;19.0;26.0;1.50;0.080
2569;19.0;26.0;1.50;0.090
2570;19.0;26.0;1.50;0.100
2571;21.0;26.0;1.50;0.010
2572;21.0;26.0;1.50;0.020
2573;21.0;26.0;1.50;0.030
2574;21.0;26.0;1.50;0.040
2575;21.0;26.0;1.50;0.050
2576;21.0;26.0;1.50;0.060
2577;21.0;26.0;1.50;0.070
2578;21.0;26.0;1.50;0.080
2579;21.0;26.0;1.50;0.090
2580;21.0;26.0;1.50;0.100
2581;23.0;26.0;1.50;0.010
2582;23.0;26.0;1.50;0.020
2583;23.0;26.0;1.50;0.030
2584;23.0;26.0;1.50;0.040
2585;23.0;26.0;1.50;0.050
2586;23.0;26.0;1.50;0.060
2587;23.0;26.0;1.50;0.070
2588;23.0;26.0;1.50;0.080
2589;23.0;26.0;1.50;0.090
2590;23.0;26.0;1.50;0.100
2591;25.0;26.0;1.50;0.010
2592;25.0;26.0;1.50;0.020
2593;25.0;26.0;1.50;0.030
2594;25.0;26.0;1.50;0.040
2595;25.0;26.0;1.50;0.050
2596;25.0;26.0;1.50;0.060
2597;25.0;26.0;1.50;0.070
2598;25.0;26.0;1.50;0.080
2599;25.0;26.0;1.50;0.090
2600;25.0;26.0;1.50;0.100
2601;1.0;28.0;1.50;0.010
2602;1.0;28.0;1.50;0.020
2603;1.0;28.0;1.50;0.030
2604;1.0;28.0;1.50;0.040
2605;1.0;28.0;1.50;0.050
2606;1.0;28.0;1.50;0.060
2607;1.0;28.0;1.50;0.070
2608;1.0;28.0;1.50;0.080
2609;1.0;28.0;1.50;0.090
2610;1.0;28.0;1.50;0.100
2611;3.0;28.0;1.50;0.010
2612;3.0;28.0;1.50;0.020
2613;3.0;28.0;1.50;0.030
2614;3.0;28.0;1.50;0.040
2615;3.0;28.0;1.50;0.050
2616;3.0;28.0;1.50;0.060
2617;3.0;28.0;1.50;0.070
2618;3.0;28.0;1.50;0.080
2619;3.0;28.0;1.50;0.090
2620;3.0;28.0;1.50;0.100
2621;5.0;28.0;1.50;0.010
2622;5.0;28.0;1.50;0.020
2623;5.0;28.0;1.50;0.030
2624;5.0;28.0;1.50;0.040
2625;5.0;28.0;1.50;0.050
2626;5.0;28.0;1.50;0.060
2627;5.0;28.0;1.50;0.070
2628;5.0;28.0;1.50;0.080
2629;5.0;28.0;1.50;0.090
2630;5.0;28.0;1.50;0.100
2631;7.0;28.0;1.50;0.010
2632;7.0;28.0;1.50;0.020
2633;7.0;28.0;1.50;0.030
2634;7.0;28.0;1.50;0.040
2635;7.0;28.0;1.50;0.050
2636;7.0;28.0;1.50;0.060
2637;7.0;28.0;1.50;0.070
2638;7.0;28.0;1.50;0.080
2639;7.0;28.0;1.50;0.090
2640;7.0;28.0;1.50;0.100
2641;9.0;28.0;1.50;0.010
2642;9.0;28.0;1.50;0.020
2643;9.0;28.0;1.50;0.030
2644;9.0;28.0;1.50;0.040
2645;9.0;28.0;1.50;0.050
2646;9.0;28.0;1.50;0.060
2647;9.0;28.0;1.50;0.070
2648;9.0;28.0;1.50;0.080
2649;9.0;28.0;1.50;0.090
2650;9.0;28.0;1.50;0.100
2651;11.0;28.0;1.50;0.010
2652;11.0;28.0;1.50;0.020
2653;11.0;28.0;1.50;0.030
2654;11.0;28.0;1.50;0.040
2655;11.0;28.0;1.50;0.050
2656;11.0;28.0;1.50;0.060
2657;11.0;28.0;1.50;0.070
2658;11.0;28.0;1.50;0.080
2659;11.0;28.0;1.50;0.090
2660;11.0;28.0;1.50;0.100
2661;13.0;28.0;1.50;0.010
2662;13.0;28.0;1.50;0.020
2663;13.0;28.0;1.50;0.030
2664;13.0;28.0;1.50;0.040
2665;13.0;28.0;1.50;0.050
2666;13.0;28.0;1.50;0.060
2667;13.0;28.0;1.50;0.070
2668;13.0;28.0;1.50;0.080
2669;13.0;28.0;1.50;0.090
2670;13.0;28.0;1.50;0.100
2671;15.0;28.0;1.50;0.010
2672;15.0;28.0;1.50;0.020
2673;15.0;28.0;1.50;0.030
2674;15.0;28.0;1.50;0.040
2675;15.0;28.0;1.50;0.050
2676;15.0;28.0;1.50;0.060
2677;15.0;28.0;1.50;0.070
2678;15.0;28.0;1.50;0.080
2679;15.0;28.0;1.50;0.090
2680;15.0;28.0;1.50;0.100
2681;17.0;28.0;1.50;0.010
2682;17.0;28.0;1.50;0.020
2683;17.0;28.0;1.50;0.030
2684;17.0;28.0;1.50;0.040
2685;17.0;28.0;1.50;0.050
2686;17.0;28.0;1.50;0.060
2687;17.0;28.0;1.50;0.070
2688;17.0;28.0;1.50;0.080
2689;17.0;28.0;1.50;0.090
2690;17.0;28.0;1.50;0.100
2691;19.0;28.0;1.50;0.010
2692;19.0;28.0;1.50;0.020
2693;19.0;28.0;1.50;0.030
2694;19.0;28.0;1.50;0.040
2695;19.0;28.0;1.50;0.050
2696;19.0;28.0;1.50;0.060
2697;19.0;28.0;1.50;0.070
2698;19.0;28.0;1.50;0.080
2699;19.0;28.0;1.50;0.090
2700;19.0;28.0;1.50;0.100
2701;21.0;28.0;1.50;0.010
2702;21.0;28.0;1.50;0.020
2703;21.0;28.0;1.50;0.030
2704;21.0;28.0;1.50;0.040
2705;21.0;28.0;1.50;0.050
2706;21.0;28.0;1.50;0.060
2707;21.0;28.0;1.50;0.070
2708;21.0;28.0;1.50;0.080
2709;21.0;28.0;1.50;0.090
2710;21.0;28.0;1.50;0.100
2711;23.0;28.0;1.50;0.010
2712;23.0;28.0;1.50;0.020
2713;23.0;28.0;1.50;0.030
2714;23.0;28.0;1.50;0.040
2715;23.0;28.0;1.50;0.050
2716;23.0;28.0;1.50;0.060
2717;23.0;28.0;1.50;0.070
2718;23.0;28.0;1.50;0.080
2719;23.0;28.0;1.50;0.090
2720;23.0;28.0;1.50;0.100
2721;25.0;28.0;1.50;0.010
2722;25.0;28.0;1.50;0.020
2723;25.0;28.0;1.50;0.030
2724;25.0;28.0;1.50;0.040
2725;25.0;28.0;1.50;0.050
2726;25.0;28.0;1.50;0.060
2727;25.0;28.0;1.50;0.070
2728;25.0;28.0;1.50;0.080
2729;25.0;28.0;1.50;0.090
2730;25.0;28.0;1.50;0.100
2731;1.0;30.0;1.50;0.010
2732;1.0;30.0;1.50;0.020
2733;1.0;30.0;1.50;0.030
2734;1.0;30.0;1.50;0.040
2735;1.0;30.0;1.50;0.050
2736;1.0;30.0;1.50;0.060
2737;1.0;30.0;1.50;0.070
2738;1.0;30.0;1.50;0.080
2739;1.0;30.0;1.50;0.090
2740;1.0;30.0;1.50;0.100
2741;3.0;30.0;1.50;0.010
2742;3.0;30.0;1.50;0.020
2743;3.0;30.0;1.50;0.030
2744;3.0;30.0;1.50;0.040
2745;3.0;30.0;1.50;0.050
2746;3.0;30.0;1.50;0.060
2747;3.0;30.0;1.50;0.070
2748;3.0;30.0;1.50;0.080
2749;3.0;30.0;1.50;0.090
2750;3.0;30.0;1.50;0.100
2751;5.0;30.0;1.50;0.010
2752;5.0;30.0;1.50;0.020
2753;5.0;30.0;1.50;0.030
2754;5.0;30.0;1.50;0.040
2755;5.0;30.0;1.50;0.050
2756;5.0;30.0;1.50;0.060
2757;5.0;30.0;1.50;0.070
2758;5.0;30.0;1.50;0.080
2759;5.0;30.0;1.50;0.090
2760;5.0;30.0;1.50;0.100
2761;7.0;30.0;1.50;0.010
2762;7.0;30.0;1.50;0.020
2763;7.0;30.0;1.50;0.030
2764;7.0;30.0;1.50;0.040
2765;7.0;30.0;1.50;0.050
2766;7.0;30.0;1.50;0.060
2767;7.0;30.0;1.50;0.070
2768;7.0;30.0;1.50;0.080
2769;7.0;30.0;1.50;0.090
2770;7.0;30.0;1.50;0.100
2771;9.0;30.0;1.50;0.010
2772;9.0;30.0;1.50;0.020
2773;9.0;30.0;1.50;0.030
2774;9.0;30.0;1.50;0.040
2775;9.0;30.0;1.50;0.050
2776;9.0;30.0;1.50;0.060
2777;9.0;30.0;1.50;0.070
2778;9.0;30.0;1.50;0.080
2779;9.0;30.0;1.50;0.090
2780;9.0;30.0;1.50;0.100
2781;11.0;30.0;1.50;0.010
2782;11.0;30.0;1.50;0.020
2783;11.0;30.0;1.50;0.030
2784;11.0;30.0;1.50;0.040
2785;11.0;30.0;1.50;0.050
2786;11.0;30.0;1.50;0.060
2787;11.0;30.0;1.50;0.070
2788;11.0;30.0;1.50;0.080
2789;11.0;30.0;1.50;0.090
2790;11.0;30.0;1.50;0.100
2791;13.0;30.0;1.50;0.010
2792;13.0;30.0;1.50;0.020
2793;13.0;30.0;1.50;0.030
2794;13.0;30.0;1.50;0.040
2795;13.0;30.0;1.50;0.050
2796;13.0;30.0;1.50;0.060
2797;13.0;30.0;1.50;0.070
2798;13.0;30.0;1.50;0.080
2799;13.0;30.0;1.50;0.090
2800;13.0;30.0;1.50;0.100
2801;15.0;30.0;1.50;0.010
2802;15.0;30.0;1.50;0.020
2803;15.0;30.0;1.50;0.030
2804;15.0;30.0;1.50;0.040
2805;15.0;30.0;1.50;0.050
2806;15.0;30.0;1.50;0.060
2807;15.0;30.0;1.50;0.070
2808;15.0;30.0;1.50;0.080
2809;15.0;30.0;1.50;0.090
2810;15.0;30.0;1.50;0.100
2811;17.0;30.0;1.50;0.010
2812;17.0;30.0;1.50;0.020
2813;17.0;30.0;1.50;0.030
2814;17.0;30.0;1.50;0.040
2815;17.0;30.0;1.50;0.050
2816;17.0;30.0;1.50;0.060
2817;17.0;30.0;1.50;0.070
2818;17.0;30.0;1.50;0.080
2819;17.0;30.0;1.50;0.090
2820;17.0;30.0;1.50;0.100
2821;19.0;30.0;1.50;0.010
2822;19.0;30.0;1.50;0.020
2823;19.0;30.0;1.50;0.030
2824;19.0;30.0;1.50;0.040
2825;19.0;30.0;1.50;0.050
2826;19.0;30.0;1.50;0.060
2827;19.0;30.0;1.50;0.070
2828;19.0;30.0;1.50;0.080
2829;19.0;30.0;1.50;0.090
2830;19.0;30.0;1.50;0.100
2831;21.0;30.0;1.50;0.010
2832;21.0;30.0;1.50;0.020
2833;21.0;30.0;1.50;0.030
2834;21.0;30.0;1.50;0.040
2835;21.0;30.0;1.50;0.050
2836;21.0;30.0;1.50;0.060
2837;21.0;30.0;1.50;0.070
2838;21.0;30.0;1.50;0.080
2839;21.0;30.0;1.50;0.090
2840;21.0;30.0;1.50;0.100
2841;23.0;30.0;1.50;0.010
2842;23.0;30.0;1.50;0.020
2843;23.0;30.0;1.50;0.030
2844;23.0;30.0;1.50;0.040
2845;23.0;30.0;1.50;0.050
2846;23.0;30.0;1.50;0.060
2847;23.0;30.0;1.50;0.070
2848;23.0;30.0;1.50;0.080
2849;23.0;30.0;1.50;0.090
2850;23.0;30.0;1.50;0.100
2851;25.0;30.0;1.50;0.010
2852;25.0;30.0;1.50;0.020
2853;25.0;30.0;1.50;0.030
2854;25.0;30.0;1.50;0.040
2855;25.0;30.0;1.50;0.050
2856;25.0;30.0;1.50;0.060
2857;25.0;30.0;1.50;0.070
2858;25.0;30.0;1.50;0.080
2859;25.0;30.0;1.50;0.090
2860;25.0;30.0;1.50;0.100
2861;1.0;10.0;2.50;0.010
2862;1.0;10.0;2.50;0.020
2863;1.0;10.0;2.50;0.030
2864;1.0;10.0;2.50;0.040
2865;1.0;10.0;2.50;0.050
2866;1.0;10.0;2.50;0.060
2867;1.0;10.0;2.50;0.070
2868;1.0;10.0;2.50;0.080
2869;1.0;10.0;2.50;0.090
2870;1.0;10.0;2.50;0.100
2871;3.0;10.0;2.50;0.010
2872;3.0;10.0;2.50;0.020
2873;3.0;10.0;2.50;0.030
2874;3.0;10.0;2.50;0.040
2875;3.0;10.0;2.50;0.050
2876;3.0;10.0;2.50;0.060
2877;3.0;10.0;2.50;0.070
2878;3.0;10.0;2.50;0.080
2879;3.0;10.0;2.50;0.090
2880;3.0;10.0;2.50;0.100
2881;5.0;10.0;2.50;0.010
2882;5.0;10.0;2.50;0.020
2883;5.0;10.0;2.50;0.030
2884;5.0;10.0;2.50;0.040
2885;5.0;10.0;2.50;0.050
2886;5.0;10.0;2.50;0.060
2887;5.0;10.0;2.50;0.070
2888;5.0;10.0;2.50;0.080
2889;5.0;10.0;2.50;0.090
2890;5.0;10.0;2.50;0.100
2891;7.0;10.0;2.50;0.010
2892;7.0;10.0;2.50;0.020
2893;7.0;10.0;2.50;0.030
2894;7.0;10.0;2.50;0.040
2895;7.0;10.0;2.50;0.050
2896;7.0;10.0;2.50;0.060
2897;7.0;10.0;2.50;0.070
2898;7.0;10.0;2.50;0.080
2899;7.0;10.0;2.50;0.090
2900;7.0;10.0;2.50;0.100
2901;9.0;10.0;2.50;0.010
2902;9.0;10.0;2.50;0.020
2903;9.0;10.0;2.50;0.030
2904;9.0;10.0;2.50;0.040
2905;9.0;10.0;2.50;0.050
2906;9.0;10.0;2.50;0.060
2907;9.0;10.0;2.50;0.070
2908;9.0;10.0;2.50;0.080
2909;9.0;10.0;2.50;0.090
2910;9.0;10.0;2.50;0.100
2911;11.0;10.0;2.50;0.010
2912;11.0;10.0;2.50;0.020
2913;11.0;10.0;2.50;0.030
2914;11.0;10.0;2.50;0.040
2915;11.0;10.0;2.50;0.050
2916;11.0;10.0;2.50;0.060
2917;11.0;10.0;2.50;0.070
2918;11.0;10.0;2.50;0.080
2919;11.0;10.0;2.50;0.090
2920;11.0;10.0;2.50;0.100
2921;13.0;10.0;2.50;0.010
2922;13.0;10.0;2.50;0.020
2923;13.0;10.0;2.50;0.030
2924;13.0;10.0;2.50;0.040
2925;13.0;10.0;2.50;0.050
2926;13.0;10.0;2.50;0.060
2927;13.0;10.0;2.50;0.070
2928;13.0;10.0;2.50;0.080
2929;13.0;10.0;2.50;0.090
2930;13.0;10.0;2.50;0.100
2931;15.0;10.0;2.50;0.010
2932;15.0;10.0;2.50;0.020
2933;15.0;10.0;2.50;0.030
2934;15.0;10.0;2.50;0.040
2935;15.0;10.0;2.50;0.050
2936;15.0;10.0;2.50;0.060
2937;15.0;10.0;2.50;0.070
2938;15.0;10.0;2.50;0.080
2939;15.0;10.0;2.50;0.090
2940;15.0;10.0;2.50;0.100
2941;17.0;10.0;2.50;0.010
2942;17.0;10.0;2.50;0.020
2943;17.0;10.0;2.50;0.030
2944;17.0;10.0;2.50;0.040
2945;17.0;10.0;2.50;0.050
2946;17.0;10.0;2.50;0.060
2947;17.0;10.0;2.50;0.070
2948;17.0;10.0;2.50;0.080
2949;17.0;10.0;2.50;0.090
2950;17.0;10.0;2.50;0.100
2951;19.0;10.0;2.50;0.010
2952;19.0;10.0;2.50;0.020
2953;19.0;10.0;2.50;0.030
2954;19.0;10.0;2.50;0.040
2955;19.0;10.0;2.50;0.050
2956;19.0;10.0;2.50;0.060
2957;19.0;10.0;2.50;0.070
2958;19.0;10.0;2.50;0.080
2959;19.0;10.0;2.50;0.090
2960;19.0;10.0;2.50;0.100
2961;21.0;10.0;2.50;0.010
2962;21.0;10.0;2.50;0.020
2963;21.0;10.0;2.50;0.030
2964;21.0;10.0;2.50;0.040
2965;21.0;10.0;2.50;0.050
2966;21.0;10.0;2.50;0.060
2967;21.0;10.0;2.50;0.070
2968;21.0;10.0;2.50;0.080
2969;21.0;10.0;2.50;0.090
2970;21.0;10.0;2.50;0.100
2971;23.0;10.0;2.50;0.010
2972;23.0;10.0;2.50;0.020
2973;23.0;10.0;2.50;0.030
2974;23.0;10.0;2.50;0.040
2975;23.0;10.0;2.50;0.050
2976;23.0;10.0;2.50;0.060
2977;23.0;10.0;2.50;0.070
2978;23.0;10.0;2.50;0.080
2979;23.0;10.0;2.50;0.090
2980;23.0;10.0;2.50;0.100
2981;25.0;10.0;2.50;0.010
2982;25.0;10.0;2.50;0.020
2983;25.0;10.0;2.50;0.030
2984;25.0;10.0;2.50;0.040
2985;25.0;10.0;2.50;0.050
2986;25.0;10.0;2.50;0.060
2987;25.0;10.0;2.50;0.070
2988;25.0;10.0;2.50;0.080
2989;25.0;10.0;2.50;0.090
2990;25.0;10.0;2.50;0.100
2991;1.0;12.0;2.50;0.010
2992;1.0;12.0;2.50;0.020
2993;1.0;12.0;2.50;0.030
2994;1.0;12.0;2.50;0.040
2995;1.0;12.0;2.50;0.050
2996;1.0;12.0;2.50;0.060
2997;1.0;12.0;2.50;0.070
2998;1.0;12.0;2.50;0.080
2999;1.0;12.0;2.50;0.090
3000;1.0;12.0;2.50;0.100
3001;3.0;12.0;2.50;0.010
3002;3.0;12.0;2.50;0.020
3003;3.0;12.0;2.50;0.030
3004;3.0;12.0;2.50;0.040
3005;3.0;12.0;2.50;0.050
3006;3.0;12.0;2.50;0.060
3007;3.0;12.0;2.50;0.070
3008;3.0;12.0;2.50;0.080
3009;3.0;12.0;2.50;0.090
3010;3.0;12.0;2.50;0.100
3011;5.0;12.0;2.50;0.010
3012;5.0;12.0;2.50;0.020
3013;5.0;12.0;2.50;0.030
3014;5.0;12.0;2.50;0.040
3015;5.0;12.0;2.50;0.050
3016;5.0;12.0;2.50;0.060
3017;5.0;12.0;2.50;0.070
3018;5.0;12.0;2.50;0.080
3019;5.0;12.0;2.50;0.090
3020;5.0;12.0;2.50;0.100
3021;7.0;12.0;2.50;0.010
3022;7.0;12.0;2.50;0.020
3023;7.0;12.0;2.50;0.030
3024;7.0;12.0;2.50;0.040
3025;7.0;12.0;2.50;0.050
3026;7.0;12.0;2.50;0.060
3027;7.0;12.0;2.50;0.070
3028;7.0;12.0;2.50;0.080
3029;7.0;12.0;2.50;0.090
3030;7.0;12.0;2.50;0.100
3031;9.0;12.0;2.50;0.010
3032;9.0;12.0;2.50;0.020
3033;9.0;12.0;2.50;0.030
3034;9.0;12.0;2.50;0.040
3035;9.0;12.0;2.50;0.050
3036;9.0;12.0;2.50;0.060
3037;9.0;12.0;2.50;0.070
3038;9.0;12.0;2.50;0.080
3039;9.0;12.0;2.50;0.090
3040;9.0;12.0;2.50;0.100
3041;11.0;12.0;2.50;0.010
3042;11.0;12.0;2.50;0.020
3043;11.0;12.0;2.50;0.030
3044;11.0;12.0;2.50;0.040
3045;11.0;12.0;2.50;0.050
3046;11.0;12.0;2.50;0.060
3047;11.0;12.0;2.50;0.070
3048;11.0;12.0;2.50;0.080
3049;11.0;12.0;2.50;0.090
3050;11.0;12.0;2.50;0.100
3051;13.0;12.0;2.50;0.010
3052;13.0;12.0;2.50;0.020
3053;13.0;12.0;2.50;0.030
3054;13.0;12.0;2.50;0.040
3055;13.0;12.0;2.50;0.050
3056;13.0;12.0;2.50;0.060
3057;13.0;12.0;2.50;0.070
3058;13.0;12.0;2.50;0.080
3059;13.0;12.0;2.50;0.090
3060;13.0;12.0;2.50;0.100
3061;15.0;12.0;2.50;0.010
3062;15.0;12.0;2.50;0.020
3063;15.0;12.0;2.50;0.030
3064;15.0;12.0;2.50;0.040
3065;15.0;12.0;2.50;0.050
3066;15.0;12.0;2.50;0.060
3067;15.0;12.0;2.50;0.070
3068;15.0;12.0;2.50;0.080
3069;15.0;12.0;2.50;0.090
3070;15.0;12.0;2.50;0.100
3071;17.0;12.0;2.50;0.010
3072;17.0;12.0;2.50;0.020
3073;17.0;12.0;2.50;0.030
3074;17.0;12.0;2.50;0.040
3075;17.0;12.0;2.50;0.050
3076;17.0;12.0;2.50;0.060
3077;17.0;12.0;2.50;0.070
3078;17.0;12.0;2.50;0.080
3079;17.0;12.0;2.50;0.090
3080;17.0;12.0;2.50;0.100
3081;19.0;12.0;2.50;0.010
3082;19.0;12.0;2.50;0.020
3083;19.0;12.0;2.50;0.030
3084;19.0;12.0;2.50;0.040
3085;19.0;12.0;2.50;0.050
3086;19.0;12.0;2.50;0.060
3087;19.0;12.0;2.50;0.070
3088;19.0;12.0;2.50;0.080
3089;19.0;12.0;2.50;0.090
3090;19.0;12.0;2.50;0.100
3091;21.0;12.0;2.50;0.010
3092;21.0;12.0;2.50;0.020
3093;21.0;12.0;2.50;0.030
3094;21.0;12.0;2.50;0.040
3095;21.0;12.0;2.50;0.050
3096;21.0;12.0;2.50;0.060
3097;21.0;12.0;2.50;0.070
3098;21.0;12.0;2.50;0.080
3099;21.0;12.0;2.50;0.090
3100;21.0;12.0;2.50;0.100
3101;23.0;12.0;2.50;0.010
3102;23.0;12.0;2.50;0.020
3103;23.0;12.0;2.50;0.030
3104;23.0;12.0;2.50;0.040
3105;23.0;12.0;2.50;0.050
3106;23.0;12.0;2.50;0.060
3107;23.0;12.0;2.50;0.070
3108;23.0;12.0;2.50;0.080
3109;23.0;12.0;2.50;0.090
3110;23.0;12.0;2.50;0.100
3111;25.0;12.0;2.50;0.010
3112;25.0;12.0;2.50;0.020
3113;25.0;12.0;2.50;0.030
3114;25.0;12.0;2.50;0.040
3115;25.0;12.0;2.50;0.050
3116;25.0;12.0;2.50;0.060
3117;25.0;12.0;2.50;0.070
3118;25.0;12.0;2.50;0.080
3119;25.0;12.0;2.50;0.090
3120;25.0;12.0;2.50;0.100
3121;1.0;14.0;2.50;0.010
3122;1.0;14.0;2.50;0.020
3123;1.0;14.0;2.50;0.030
3124;1.0;14.0;2.50;0.040
3125;1.0;14.0;2.50;0.050
3126;1.0;14.0;2.50;0.060
3127;1.0;14.0;2.50;0.070
3128;1.0;14.0;2.50;0.080
3129;1.0;14.0;2.50;0.090
3130;1.0;14.0;2.50;0.100
3131;3.0;14.0;2.50;0.010
3132;3.0;14.0;2.50;0.020
3133;3.0;14.0;2.50;0.030
3134;3.0;14.0;2.50;0.040
3135;3.0;14.0;2.50;0.050
3136;3.0;14.0;2.50;0.060
3137;3.0;14.0;2.50;0.070
3138;3.0;14.0;2.50;0.080
3139;3.0;14.0;2.50;0.090
3140;3.0;14.0;2.50;0.100
3141;5.0;14.0;2.50;0.010
3142;5.0;14.0;2.50;0.020
3143;5.0;14.0;2.50;0.030
3144;5.0;14.0;2.50;0.040
3145;5.0;14.0;2.50;0.050
3146;5.0;14.0;2.50;0.060
3147;5.0;14.0;2.50;0.070
3148;5.0;14.0;2.50;0.080
3149;5.0;14.0;2.50;0.090
3150;5.0;14.0;2.50;0.100
3151;7.0;14.0;2.50;0.010
3152;7.0;14.0;2.50;0.020
3153;7.0;14.0;2.50;0.030
3154;7.0;14.0;2.50;0.040
3155;7.0;14.0;2.50;0.050
3156;7.0;14.0;2.50;0.060
3157;7.0;14.0;2.50;0.070
3158;7.0;14.0;2.50;0.080
3159;7.0;14.0;2.50;0.090
3160;7.0;14.0;2.50;0.100
3161;9.0;14.0;2.50;0.010
3162;9.0;14.0;2.50;0.020
3163;9.0;14.0;2.50;0.030
3164;9.0;14.0;2.50;0.040
3165;9.0;14.0;2.50;0.050
3166;9.0;14.0;2.50;0.060
3167;9.0;14.0;2.50;0.070
3168;9.0;14.0;2.50;0.080
3169;9.0;14.0;2.50;0.090
3170;9.0;14.0;2.50;0.100
3171;11.0;14.0;2.50;0.010
3172;11.0;14.0;2.50;0.020
3173;11.0;14.0;2.50;0.030
3174;11.0;14.0;2.50;0.040
3175;11.0;14.0;2.50;0.050
3176;11.0;14.0;2.50;0.060
3177;11.0;14.0;2.50;0.070
3178;11.0;14.0;2.50;0.080
3179;11.0;14.0;2.50;0.090
3180;11.0;14.0;2.50;0.100
3181;13.0;14.0;2.50;0.010
3182;13.0;14.0;2.50;0.020
3183;13.0;14.0;2.50;0.030
3184;13.0;14.0;2.50;0.040
3185;13.0;14.0;2.50;0.050
3186;13.0;14.0;2.50;0.060
3187;13.0;14.0;2.50;0.070
3188;13.0;14.0;2.50;0.080
3189;13.0;14.0;2.50;0.090
3190;13.0;14.0;2.50;0.100
3191;15.0;14.0;2.50;0.010
3192;15.0;14.0;2.50;0.020
3193;15.0;14.0;2.50;0.030
3194;15.0;14.0;2.50;0.040
3195;15.0;14.0;2.50;0.050
3196;15.0;14.0;2.50;0.060
3197;15.0;14.0;2.50;0.070
3198;15.0;14.0;2.50;0.080
3199;15.0;14.0;2.50;0.090
3200;15.0;14.0;2.50;0.100
3201;17.0;14.0;2.50;0.010
3202;17.0;14.0;2.50;0.020
3203;17.0;14.0;2.50;0.030
3204;17.0;14.0;2.50;0.040
3205;17.0;14.0;2.50;0.050
3206;17.0;14.0;2.50;0.060
3207;17.0;14.0;2.50;0.070
3208;17.0;14.0;2.50;0.080
3209;17.0;14.0;2.50;0.090
3210;17.0;14.0;2.50;0.100
3211;19.0;14.0;2.50;0.010
3212;19.0;14.0;2.50;0.020
3213;19.0;14.0;2.50;0.030
3214;19.0;14.0;2.50;0.040
3215;19.0;14.0;2.50;0.050
3216;19.0;14.0;2.50;0.060
3217;19.0;14.0;2.50;0.070
3218;19.0;14.0;2.50;0.080
3219;19.0;14.0;2.50;0.090
3220;19.0;14.0;2.50;0.100
3221;21.0;14.0;2.50;0.010
3222;21.0;14.0;2.50;0.020
3223;21.0;14.0;2.50;0.030
3224;21.0;14.0;2.50;0.040
3225;21.0;14.0;2.50;0.050
3226;21.0;14.0;2.50;0.060
3227;21.0;14.0;2.50;0.070
3228;21.0;14.0;2.50;0.080
3229;21.0;14.0;2.50;0.090
3230;21.0;14.0;2.50;0.100
3231;23.0;14.0;2.50;0.010
3232;23.0;14.0;2.50;0.020
3233;23.0;14.0;2.50;0.030
3234;23.0;14.0;2.50;0.040
3235;23.0;14.0;2.50;0.050
3236;23.0;14.0;2.50;0.060
3237;23.0;14.0;2.50;0.070
3238;23.0;14.0;2.50;0.080
3239;23.0;14.0;2.50;0.090
3240;23.0;14.0;2.50;0.100
3241;25.0;14.0;2.50;0.010
3242;25.0;14.0;2.50;0.020
3243;25.0;14.0;2.50;0.030
3244;25.0;14.0;2.50;0.040
3245;25.0;14.0;2.50;0.050
3246;25.0;14.0;2.50;0.060
3247;25.0;14.0;2.50;0.070
3248;25.0;14.0;2.50;0.080
3249;25.0;14.0;2.50;0.090
3250;25.0;14.0;2.50;0.100
3251;1.0;16.0;2.50;0.010
3252;1.0;16.0;2.50;0.020
3253;1.0;16.0;2.50;0.030
3254;1.0;16.0;2.50;0.040
3255;1.0;16.0;2.50;0.050
3256;1.0;16.0;2.50;0.060
3257;1.0;16.0;2.50;0.070
3258;1.0;16.0;2.50;0.080
3259;1.0;16.0;2.50;0.090
3260;1.0;16.0;2.50;0.100
3261;3.0;16.0;2.50;0.010
3262;3.0;16.0;2.50;0.020
3263;3.0;16.0;2.50;0.030
3264;3.0;16.0;2.50;0.040
3265;3.0;16.0;2.50;0.050
3266;3.0;16.0;2.50;0.060
3267;3.0;16.0;2.50;0.070
3268;3.0;16.0;2.50;0.080
3269;3.0;16.0;2.50;0.090
3270;3.0;16.0;2.50;0.100
3271;5.0;16.0;2.50;0.010
3272;5.0;16.0;2.50;0.020
3273;5.0;16.0;2.50;0.030
3274;5.0;16.0;2.50;0.040
3275;5.0;16.0;2.50;0.050
3276;5.0;16.0;2.50;0.060
3277;5.0;16.0;2.50;0.070
3278;5.0;16.0;2.50;0.080
3279;5.0;16.0;2.50;0.090
3280;5.0;16.0;2.50;0.100
3281;7.0;16.0;2.50;0.010
3282;7.0;16.0;2.50;0.020
3283;7.0;16.0;2.50;0.030
3284;7.0;16.0;2.50;0.040
3285;7.0;16.0;2.50;0.050
3286;7.0;16.0;2.50;0.060
3287;7.0;16.0;2.50;0.070
3288;7.0;16.0;2.50;0.080
3289;7.0;16.0;2.50;0.090
3290;7.0;16.0;2.50;0.100
3291;9.0;16.0;2.50;0.010
3292;9.0;16.0;2.50;0.020
3293;9.0;16.0;2.50;0.030
3294;9.0;16.0;2.50;0.040
3295;9.0;16.0;2.50;0.050
3296;9.0;16.0;2.50;0.060
3297;9.0;16.0;2.50;0.070
3298;9.0;16.0;2.50;0.080
3299;9.0;16.0;2.50;0.090
3300;9.0;16.0;2.50;0.100
3301;11.0;16.0;2.50;0.010
3302;11.0;16.0;2.50;0.020
3303;11.0;16.0;2.50;0.030
3304;11.0;16.0;2.50;0.040
3305;11.0;16.0;2.50;0.050
3306;11.0;16.0;2.50;0.060
3307;11.0;16.0;2.50;0.070
3308;11.0;16.0;2.50;0.080
3309;11.0;16.0;2.50;0.090
3310;11.0;16.0;2.50;0.100
3311;13.0;16.0;2.50;0.010
3312;13.0;16.0;2.50;0.020
3313;13.0;16.0;2.50;0.030
3314;13.0;16.0;2.50;0.040
3315;13.0;16.0;2.50;0.050
3316;13.0;16.0;2.50;0.060
3317;13.0;16.0;2.50;0.070
3318;13.0;16.0;2.50;0.080
3319;13.0;16.0;2.50;0.090
3320;13.0;16.0;2.50;0.100
3321;15.0;16.0;2.50;0.010
3322;15.0;16.0;2.50;0.020
3323;15.0;16.0;2.50;0.030
3324;15.0;16.0;2.50;0.040
3325;15.0;16.0;2.50;0.050
3326;15.0;16.0;2.50;0.060
3327;15.0;16.0;2.50;0.070
3328;15.0;16.0;2.50;0.080
3329;15.0;16.0;2.50;0.090
3330;15.0;16.0;2.50;0.100
3331;17.0;16.0;2.50;0.010
3332;17.0;16.0;2.50;0.020
3333;17.0;16.0;2.50;0.030
3334;17.0;16.0;2.50;0.040
3335;17.0;16.0;2.50;0.050
3336;17.0;16.0;2.50;0.060
3337;17.0;16.0;2.50;0.070
3338;17.0;16.0;2.50;0.080
3339;17.0;16.0;2.50;0.090
3340;17.0;16.0;2.50;0.100
3341;19.0;16.0;2.50;0.010
3342;19.0;16.0;2.50;0.020
3343;19.0;16.0;2.50;0.030
3344;19.0;16.0;2.50;0.040
3345;19.0;16.0;2.50;0.050
3346;19.0;16.0;2.50;0.060
3347;19.0;16.0;2.50;0.070
3348;19.0;16.0;2.50;0.080
3349;19.0;16.0;2.50;0.090
3350;19.0;16.0;2.50;0.100
3351;21.0;16.0;2.50;0.010
3352;21.0;16.0;2.50;0.020
3353;21.0;16.0;2.50;0.030
3354;21.0;16.0;2.50;0.040
3355;21.0;16.0;2.50;0.050
3356;21.0;16.0;2.50;0.060
3357;21.0;16.0;2.50;0.070
3358;21.0;16.0;2.50;0.080
3359;21.0;16.0;2.50;0.090
3360;21.0;16.0;2.50;0.100
3361;23.0;16.0;2.50;0.010
3362;23.0;16.0;2.50;0.020
3363;23.0;16.0;2.50;0.030
3364;23.0;16.0;2.50;0.040
3365;23.0;16.0;2.50;0.050
3366;23.0;16.0;2.50;0.060
3367;23.0;16.0;2.50;0.070
3368;23.0;16.0;2.50;0.080
3369;23.0;16.0;2.50;0.090
3370;23.0;16.0;2.50;0.100
3371;25.0;16.0;2.50;0.010
3372;25.0;16.0;2.50;0.020
3373;25.0;16.0;2.50;0.030
3374;25.0;16.0;2.50;0.040
3375;25.0;16.0;2.50;0.050
3376;25.0;16.0;2.50;0.060
3377;25.0;16.0;2.50;0.070
3378;25.0;16.0;2.50;0.080
3379;25.0;16.0;2.50;0.090
3380;25.0;16.0;2.50;0.100
3381;1.0;18.0;2.50;0.010
3382;1.0;18.0;2.50;0.020
3383;1.0;18.0;2.50;0.030
3384;1.0;18.0;2.50;0.040
3385;1.0;18.0;2.50;0.050
3386;1.0;18.0;2.50;0.060
3387;1.0;18.0;2.50;0.070
3388;1.0;18.0;2.50;0.080
3389;1.0;18.0;2.50;0.090
3390;1.0;18.0;2.50;0.100
3391;3.0;18.0;2.50;0.010
3392;3.0;18.0;2.50;0.020
3393;3.0;18.0;2.50;0.030
3394;3.0;18.0;2.50;0.040
3395;3.0;18.0;2.50;0.050
3396;3.0;18.0;2.50;0.060
3397;3.0;18.0;2.50;0.070
3398;3.0;18.0;2.50;0.080
3399;3.0;18.0;2.50;0.090
3400;3.0;18.0;2.50;0.100
3401;5.0;18.0;2.50;0.010
3402;5.0;18.0;2.50;0.020
3403;5.0;18.0;2.50;0.030
3404;5.0;18.0;2.50;0.040
3405;5.0;18.0;2.50;0.050
3406;5.0;18.0;2.50;0.060
3407;5.0;18.0;2.50;0.070
3408;5.0;18.0;2.50;0.080
3409;5.0;18.0;2.50;0.090
3410;5.0;18.0;2.50;0.100
3411;7.0;18.0;2.50;0.010
3412;7.0;18.0;2.50;0.020
3413;7.0;18.0;2.50;0.030
3414;7.0;18.0;2.50;0.040
3415;7.0;18.0;2.50;0.050
3416;7.0;18.0;2.50;0.060
3417;7.0;18.0;2.50;0.070
3418;7.0;18.0;2.50;0.080
3419;7.0;18.0;2.50;0.090
3420;7.0;18.0;2.50;0.100
3421;9.0;18.0;2.50;0.010
3422;9.0;18.0;2.50;0.020
3423;9.0;18.0;2.50;0.030
3424;9.0;18.0;2.50;0.040
3425;9.0;18.0;2.50;0.050
3426;9.0;18.0;2.50;0.060
3427;9.0;18.0;2.50;0.070
3428;9.0;18.0;2.50;0.080
3429;9.0;18.0;2.50;0.090
3430;9.0;18.0;2.50;0.100
3431;11.0;18.0;2.50;0.010
3432;11.0;18.0;2.50;0.020
3433;11.0;18.0;2.50;0.030
3434;11.0;18.0;2.50;0.040
3435;11.0;18.0;2.50;0.050
3436;11.0;18.0;2.50;0.060
3437;11.0;18.0;2.50;0.070
3438;11.0;18.0;2.50;0.080
3439;11.0;18.0;2.50;0.090
3440;11.0;18.0;2.50;0.100
3441;13.0;18.0;2.50;0.010
3442;13.0;18.0;2.50;0.020
3443;13.0;18.0;2.50;0.030
3444;13.0;18.0;2.50;0.040
3445;13.0;18.0;2.50;0.050
3446;13.0;18.0;2.50;0.060
3447;13.0;18.0;2.50;0.070
3448;13.0;18.0;2.50;0.080
3449;13.0;18.0;2.50;0.090
3450;13.0;18.0;2.50;0.100
3451;15.0;18.0;2.50;0.010
3452;15.0;18.0;2.50;0.020
3453;15.0;18.0;2.50;0.030
3454;15.0;18.0;2.50;0.040
3455;15.0;18.0;2.50;0.050
3456;15.0;18.0;2.50;0.060
3457;15.0;18.0;2.50;0.070
3458;15.0;18.0;2.50;0.080
3459;15.0;18.0;2.50;0.090
3460;15.0;18.0;2.50;0.100
3461;17.0;18.0;2.50;0.010
3462;17.0;18.0;2.50;0.020
3463;17.0;18.0;2.50;0.030
3464;17.0;18.0;2.50;0.040
3465;17.0;18.0;2.50;0.050
3466;17.0;18.0;2.50;0.060
3467;17.0;18.0;2.50;0.070
3468;17.0;18.0;2.50;0.080
3469;17.0;18.0;2.50;0.090
3470;17.0;18.0;2.50;0.100
3471;19.0;18.0;2.50;0.010
3472;19.0;18.0;2.50;0.020
3473;19.0;18.0;2.50;0.030
3474;19.0;18.0;2.50;0.040
3475;19.0;18.0;2.50;0.050
3476;19.0;18.0;2.50;0.060
3477;19.0;18.0;2.50;0.070
3478;19.0;18.0;2.50;0.080
3479;19.0;18.0;2.50;0.090
3480;19.0;18.0;2.50;0.100
3481;21.0;18.0;2.50;0.010
3482;21.0;18.0;2.50;0.020
3483;21.0;18.0;2.50;0.030
3484;21.0;18.0;2.50;0.040
3485;21.0;18.0;2.50;0.050
3486;21.0;18.0;2.50;0.060
3487;21.0;18.0;2.50;0.070
3488;21.0;18.0;2.50;0.080
3489;21.0;18.0;2.50;0.090
3490;21.0;18.0;2.50;0.100
3491;23.0;18.0;2.50;0.010
3492;23.0;18.0;2.50;0.020
3493;23.0;18.0;2.50;0.030
3494;23.0;18.0;2.50;0.040
3495;23.0;18.0;2.50;0.050
3496;23.0;18.0;2.50;0.060
3497;23.0;18.0;2.50;0.070
3498;23.0;18.0;2.50;0.080
3499;23.0;18.0;2.50;0.090
3500;23.0;18.0;2.50;0.100
3501;25.0;18.0;2.50;0.010
3502;25.0;18.0;2.50;0.020
3503;25.0;18.0;2.50;0.030
3504;25.0;18.0;2.50;0.040
3505;25.0;18.0;2.50;0.050
3506;25.0;18.0;2.50;0.060
3507;25.0;18.0;2.50;0.070
3508;25.0;18.0;2.50;0.080
3509;25.0;18.0;2.50;0.090
3510;25.0;18.0;2.50;0.100
3511;1.0;20.0;2.50;0.010
3512;1.0;20.0;2.50;0.020
3513;1.0;20.0;2.50;0.030
3514;1.0;20.0;2.50;0.040
3515;1.0;20.0;2.50;0.050
3516;1.0;20.0;2.50;0.060
3517;1.0;20.0;2.50;0.070
3518;1.0;20.0;2.50;0.080
3519;1.0;20.0;2.50;0.090
3520;1.0;20.0;2.50;0.100
3521;3.0;20.0;2.50;0.010
3522;3.0;20.0;2.50;0.020
3523;3.0;20.0;2.50;0.030
3524;3.0;20.0;2.50;0.040
3525;3.0;20.0;2.50;0.050
3526;3.0;20.0;2.50;0.060
3527;3.0;20.0;2.50;0.070
3528;3.0;20.0;2.50;0.080
3529;3.0;20.0;2.50;0.090
3530;3.0;20.0;2.50;0.100
3531;5.0;20.0;2.50;0.010
3532;5.0;20.0;2.50;0.020
3533;5.0;20.0;2.50;0.030
3534;5.0;20.0;2.50;0.040
3535;5.0;20.0;2.50;0.050
3536;5.0;20.0;2.50;0.060
3537;5.0;20.0;2.50;0.070
3538;5.0;20.0;2.50;0.080
3539;5.0;20.0;2.50;0.090
3540;5.0;20.0;2.50;0.100
3541;7.0;20.0;2.50;0.010
3542;7.0;20.0;2.50;0.020
3543;7.0;20.0;2.50;0.030
3544;7.0;20.0;2.50;0.040
3545;7.0;20.0;2.50;0.050
3546;7.0;20.0;2.50;0.060
3547;7.0;20.0;2.50;0.070
3548;7.0;20.0;2.50;0.080
3549;7.0;20.0;2.50;0.090
3550;7.0;20.0;2.50;0.100
3551;9.0;20.0;2.50;0.010
3552;9.0;20.0;2.50;0.020
3553;9.0;20.0;2.50;0.030
3554;9.0;20.0;2.50;0.040
3555;9.0;20.0;2.50;0.050
3556;9.0;20.0;2.50;0.060
3557;9.0;20.0;2.50;0.070
3558;9.0;20.0;2.50;0.080
3559;9.0;20.0;2.50;0.090
3560;9.0;20.0;2.50;0.100
3561;11.0;20.0;2.50;0.010
3562;11.0;20.0;2.50;0.020
3563;11.0;20.0;2.50;0.030
3564;11.0;20.0;2.50;0.040
3565;11.0;20.0;2.50;0.050
3566;11.0;20.0;2.50;0.060
3567;11.0;20.0;2.50;0.070
3568;11.0;20.0;2.50;0.080
3569;11.0;20.0;2.50;0.090
3570;11.0;20.0;2.50;0.100
3571;13.0;20.0;2.50;0.010
3572;13.0;20.0;2.50;0.020
3573;13.0;20.0;2.50;0.030
3574;13.0;20.0;2.50;0.040
3575;13.0;20.0;2.50;0.050
3576;13.0;20.0;2.50;0.060
3577;13.0;20.0;2.50;0.070
3578;13.0;20.0;2.50;0.080
3579;13.0;20.0;2.50;0.090
3580;13.0;20.0;2.50;0.100
3581;15.0;20.0;2.50;0.010
3582;15.0;20.0;2.50;0.020
3583;15.0;20.0;2.50;0.030
3584;15.0;20.0;2.50;0.040
3585;15.0;20.0;2.50;0.050
3586;15.0;20.0;2.50;0.060
3587;15.0;20.0;2.50;0.070
3588;15.0;20.0;2.50;0.080
3589;15.0;20.0;2.50;0.090
3590;15.0;20.0;2.50;0.100
3591;17.0;20.0;2.50;0.010
3592;17.0;20.0;2.50;0.020
3593;17.0;20.0;2.50;0.030
3594;17.0;20.0;2.50;0.040
3595;17.0;20.0;2.50;0.050
3596;17.0;20.0;2.50;0.060
3597;17.0;20.0;2.50;0.070
3598;17.0;20.0;2.50;0.080
3599;17.0;20.0;2.50;0.090
3600;17.0;20.0;2.50;0.100
3601;19.0;20.0;2.50;0.010
3602;19.0;20.0;2.50;0.020
3603;19.0;20.0;2.50;0.030
3604;19.0;20.0;2.50;0.040
3605;19.0;20.0;2.50;0.050
3606;19.0;20.0;2.50;0.060
3607;19.0;20.0;2.50;0.070
3608;19.0;20.0;2.50;0.080
3609;19.0;20.0;2.50;0.090
3610;19.0;20.0;2.50;0.100
3611;21.0;20.0;2.50;0.010
3612;21.0;20.0;2.50;0.020
3613;21.0;20.0;2.50;0.030
3614;21.0;20.0;2.50;0.040
3615;21.0;20.0;2.50;0.050
3616;21.0;20.0;2.50;0.060
3617;21.0;20.0;2.50;0.070
3618;21.0;20.0;2.50;0.080
3619;21.0;20.0;2.50;0.090
3620;21.0;20.0;2.50;0.100
3621;23.0;20.0;2.50;0.010
3622;23.0;20.0;2.50;0.020
3623;23.0;20.0;2.50;0.030
3624;23.0;20.0;2.50;0.040
3625;23.0;20.0;2.50;0.050
3626;23.0;20.0;2.50;0.060
3627;23.0;20.0;2.50;0.070
3628;23.0;20.0;2.50;0.080
3629;23.0;20.0;2.50;0.090
3630;23.0;20.0;2.50;0.100
3631;25.0;20.0;2.50;0.010
3632;25.0;20.0;2.50;0.020
3633;25.0;20.0;2.50;0.030
3634;25.0;20.0;2.50;0.040
3635;25.0;20.0;2.50;0.050
3636;25.0;20.0;2.50;0.060
3637;25.0;20.0;2.50;0.070
3638;25.0;20.0;2.50;0.080
3639;25.0;20.0;2.50;0.090
3640;25.0;20.0;2.50;0.100
3641;1.0;22.0;2.50;0.010
3642;1.0;22.0;2.50;0.020
3643;1.0;22.0;2.50;0.030
3644;1.0;22.0;2.50;0.040
3645;1.0;22.0;2.50;0.050
3646;1.0;22.0;2.50;0.060
3647;1.0;22.0;2.50;0.070
3648;1.0;22.0;2.50;0.080
3649;1.0;22.0;2.50;0.090
3650;1.0;22.0;2.50;0.100
3651;3.0;22.0;2.50;0.010
3652;3.0;22.0;2.50;0.020
3653;3.0;22.0;2.50;0.030
3654;3.0;22.0;2.50;0.040
3655;3.0;22.0;2.50;0.050
3656;3.0;22.0;2.50;0.060
3657;3.0;22.0;2.50;0.070
3658;3.0;22.0;2.50;0.080
3659;3.0;22.0;2.50;0.090
3660;3.0;22.0;2.50;0.100
3661;5.0;22.0;2.50;0.010
3662;5.0;22.0;2.50;0.020
3663;5.0;22.0;2.50;0.030
3664;5.0;22.0;2.50;0.040
3665;5.0;22.0;2.50;0.050
3666;5.0;22.0;2.50;0.060
3667;5.0;22.0;2.50;0.070
3668;5.0;22.0;2.50;0.080
3669;5.0;22.0;2.50;0.090
3670;5.0;22.0;2.50;0.100
3671;7.0;22.0;2.50;0.010
3672;7.0;22.0;2.50;0.020
3673;7.0;22.0;2.50;0.030
3674;7.0;22.0;2.50;0.040
3675;7.0;22.0;2.50;0.050
3676;7.0;22.0;2.50;0.060
3677;7.0;22.0;2.50;0.070
3678;7.0;22.0;2.50;0.080
3679;7.0;22.0;2.50;0.090
3680;7.0;22.0;2.50;0.100
3681;9.0;22.0;2.50;0.010
3682;9.0;22.0;2.50;0.020
3683;9.0;22.0;2.50;0.030
3684;9.0;22.0;2.50;0.040
3685;9.0;22.0;2.50;0.050
3686;9.0;22.0;2.50;0.060
3687;9.0;22.0;2.50;0.070
3688;9.0;22.0;2.50;0.080
3689;9.0;22.0;2.50;0.090
3690;9.0;22.0;2.50;0.100
3691;11.0;22.0;2.50;0.010
3692;11.0;22.0;2.50;0.020
3693;11.0;22.0;2.50;0.030
3694;11.0;22.0;2.50;0.040
3695;11.0;22.0;2.50;0.050
3696;11.0;22.0;2.50;0.060
3697;11.0;22.0;2.50;0.070
3698;11.0;22.0;2.50;0.080
3699;11.0;22.0;2.50;0.090
3700;11.0;22.0;2.50;0.100
3701;13.0;22.0;2.50;0.010
3702;13.0;22.0;2.50;0.020
3703;13.0;22.0;2.50;0.030
3704;13.0;22.0;2.50;0.040
3705;13.0;22.0;2.50;0.050
3706;13.0;22.0;2.50;0.060
3707;13.0;22.0;2.50;0.070
3708;13.0;22.0;2.50;0.080
3709;13.0;22.0;2.50;0.090
3710;13.0;22.0;2.50;0.100
3711;15.0;22.0;2.50;0.010
3712;15.0;22.0;2.50;0.020
3713;15.0;22.0;2.50;0.030
3714;15.0;22.0;2.50;0.040
3715;15.0;22.0;2.50;0.050
3716;15.0;22.0;2.50;0.060
3717;15.0;22.0;2.50;0.070
3718;15.0;22.0;2.50;0.080
3719;15.0;22.0;2.50;0.090
3720;15.0;22.0;2.50;0.100
3721;17.0;22.0;2.50;0.010
3722;17.0;22.0;2.50;0.020
3723;17.0;22.0;2.50;0.030
3724;17.0;22.0;2.50;0.040
3725;17.0;22.0;2.50;0.050
3726;17.0;22.0;2.50;0.060
3727;17.0;22.0;2.50;0.070
3728;17.0;22.0;2.50;0.080
3729;17.0;22.0;2.50;0.090
3730;17.0;22.0;2.50;0.100
3731;19.0;22.0;2.50;0.010
3732;19.0;22.0;2.50;0.020
3733;19.0;22.0;2.50;0.030
3734;19.0;22.0;2.50;0.040
3735;19.0;22.0;2.50;0.050
3736;19.0;22.0;2.50;0.060
3737;19.0;22.0;2.50;0.070
3738;19.0;22.0;2.50;0.080
3739;19.0;22.0;2.50;0.090
3740;19.0;22.0;2.50;0.100
3741;21.0;22.0;2.50;0.010
3742;21.0;22.0;2.50;0.020
3743;21.0;22.0;2.50;0.030
3744;21.0;22.0;2.50;0.040
3745;21.0;22.0;2.50;0.050
3746;21.0;22.0;2.50;0.060
3747;21.0;22.0;2.50;0.070
3748;21.0;22.0;2.50;0.080
3749;21.0;22.0;2.50;0.090
3750;21.0;22.0;2.50;0.100
3751;23.0;22.0;2.50;0.010
3752;23.0;22.0;2.50;0.020
3753;23.0;22.0;2.50;0.030
3754;23.0;22.0;2.50;0.040
3755;23.0;22.0;2.50;0.050
3756;23.0;22.0;2.50;0.060
3757;23.0;22.0;2.50;0.070
3758;23.0;22.0;2.50;0.080
3759;23.0;22.0;2.50;0.090
3760;23.0;22.0;2.50;0.100
3761;25.0;22.0;2.50;0.010
3762;25.0;22.0;2.50;0.020
3763;25.0;22.0;2.50;0.030
3764;25.0;22.0;2.50;0.040
3765;25.0;22.0;2.50;0.050
3766;25.0;22.0;2.50;0.060
3767;25.0;22.0;2.50;0.070
3768;25.0;22.0;2.50;0.080
3769;25.0;22.0;2.50;0.090
3770;25.0;22.0;2.50;0.100
3771;1.0;24.0;2.50;0.010
3772;1.0;24.0;2.50;0.020
3773;1.0;24.0;2.50;0.030
3774;1.0;24.0;2.50;0.040
3775;1.0;24.0;2.50;0.050
3776;1.0;24.0;2.50;0.060
3777;1.0;24.0;2.50;0.070
3778;1.0;24.0;2.50;0.080
3779;1.0;24.0;2.50;0.090
3780;1.0;24.0;2.50;0.100
3781;3.0;24.0;2.50;0.010
3782;3.0;24.0;2.50;0.020
3783;3.0;24.0;2.50;0.030
3784;3.0;24.0;2.50;0.040
3785;3.0;24.0;2.50;0.050
3786;3.0;24.0;2.50;0.060
3787;3.0;24.0;2.50;0.070
3788;3.0;24.0;2.50;0.080
3789;3.0;24.0;2.50;0.090
3790;3.0;24.0;2.50;0.100
3791;5.0;24.0;2.50;0.010
3792;5.0;24.0;2.50;0.020
3793;5.0;24.0;2.50;0.030
3794;5.0;24.0;2.50;0.040
3795;5.0;24.0;2.50;0.050
3796;5.0;24.0;2.50;0.060
3797;5.0;24.0;2.50;0.070
3798;5.0;24.0;2.50;0.080
3799;5.0;24.0;2.50;0.090
3800;5.0;24.0;2.50;0.100
3801;7.0;24.0;2.50;0.010
3802;7.0;24.0;2.50;0.020
3803;7.0;24.0;2.50;0.030
3804;7.0;24.0;2.50;0.040
3805;7.0;24.0;2.50;0.050
3806;7.0;24.0;2.50;0.060
3807;7.0;24.0;2.50;0.070
3808;7.0;24.0;2.50;0.080
3809;7.0;24.0;2.50;0.090
3810;7.0;24.0;2.50;0.100
3811;9.0;24.0;2.50;0.010
3812;9.0;24.0;2.50;0.020
3813;9.0;24.0;2.50;0.030
3814;9.0;24.0;2.50;0.040
3815;9.0;24.0;2.50;0.050
3816;9.0;24.0;2.50;0.060
3817;9.0;24.0;2.50;0.070
3818;9.0;24.0;2.50;0.080
3819;9.0;24.0;2.50;0.090
3820;9.0;24.0;2.50;0.100
3821;11.0;24.0;2.50;0.010
3822;11.0;24.0;2.50;0.020
3823;11.0;24.0;2.50;0.030
3824;11.0;24.0;2.50;0.040
3825;11.0;24.0;2.50;0.050
3826;11.0;24.0;2.50;0.060
3827;11.0;24.0;2.50;0.070
3828;11.0;24.0;2.50;0.080
3829;11.0;24.0;2.50;0.090
3830;11.0;24.0;2.50;0.100
3831;13.0;24.0;2.50;0.010
3832;13.0;24.0;2.50;0.020
3833;13.0;24.0;2.50;0.030
3834;13.0;24.0;2.50;0.040
3835;13.0;24.0;2.50;0.050
3836;13.0;24.0;2.50;0.060
3837;13.0;24.0;2.50;0.070
3838;13.0;24.0;2.50;0.080
3839;13.0;24.0;2.50;0.090
3840;13.0;24.0;2.50;0.100
3841;15.0;24.0;2.50;0.010
3842;15.0;24.0;2.50;0.020
3843;15.0;24.0;2.50;0.030
3844;15.0;24.0;2.50;0.040
3845;15.0;24.0;2.50;0.050
3846;15.0;24.0;2.50;0.060
3847;15.0;24.0;2.50;0.070
3848;15.0;24.0;2.50;0.080
3849;15.0;24.0;2.50;0.090
3850;15.0;24.0;2.50;0.100
3851;17.0;24.0;2.50;0.010
3852;17.0;24.0;2.50;0.020
3853;17.0;24.0;2.50;0.030
3854;17.0;24.0;2.50;0.040
3855;17.0;24.0;2.50;0.050
3856;17.0;24.0;2.50;0.060
3857;17.0;24.0;2.50;0.070
3858;17.0;24.0;2.50;0.080
3859;17.0;24.0;2.50;0.090
3860;17.0;24.0;2.50;0.100
3861;19.0;24.0;2.50;0.010
3862;19.0;24.0;2.50;0.020
3863;19.0;24.0;2.50;0.030
3864;19.0;24.0;2.50;0.040
3865;19.0;24.0;2.50;0.050
3866;19.0;24.0;2.50;0.060
3867;19.0;24.0;2.50;0.070
3868;19.0;24.0;2.50;0.080
3869;19.0;24.0;2.50;0.090
3870;19.0;24.0;2.50;0.100
3871;21.0;24.0;2.50;0.010
3872;21.0;24.0;2.50;0.020
3873;21.0;24.0;2.50;0.030
3874;21.0;24.0;2.50;0.040
3875;21.0;24.0;2.50;0.050
3876;21.0;24.0;2.50;0.060
3877;21.0;24.0;2.50;0.070
3878;21.0;24.0;2.50;0.080
3879;21.0;24.0;2.50;0.090
3880;21.0;24.0;2.50;0.100
3881;23.0;24.0;2.50;0.010
3882;23.0;24.0;2.50;0.020
3883;23.0;24.0;2.50;0.030
3884;23.0;24.0;2.50;0.040
3885;23.0;24.0;2.50;0.050
3886;23.0;24.0;2.50;0.060
3887;23.0;24.0;2.50;0.070
3888;23.0;24.0;2.50;0.080
3889;23.0;24.0;2.50;0.090
3890;23.0;24.0;2.50;0.100
3891;25.0;24.0;2.50;0.010
3892;25.0;24.0;2.50;0.020
3893;25.0;24.0;2.50;0.030
3894;25.0;24.0;2.50;0.040
3895;25.0;24.0;2.50;0.050
3896;25.0;24.0;2.50;0.060
3897;25.0;24.0;2.50;0.070
3898;25.0;24.0;2.50;0.080
3899;25.0;24.0;2.50;0.090
3900;25.0;24.0;2.50;0.100
3901;1.0;26.0;2.50;0.010
3902;1.0;26.0;2.50;0.020
3903;1.0;26.0;2.50;0.030
3904;1.0;26.0;2.50;0.040
3905;1.0;26.0;2.50;0.050
3906;1.0;26.0;2.50;0.060
3907;1.0;26.0;2.50;0.070
3908;1.0;26.0;2.50;0.080
3909;1.0;26.0;2.50;0.090
3910;1.0;26.0;2.50;0.100
3911;3.0;26.0;2.50;0.010
3912;3.0;26.0;2.50;0.020
3913;3.0;26.0;2.50;0.030
3914;3.0;26.0;2.50;0.040
3915;3.0;26.0;2.50;0.050
3916;3.0;26.0;2.50;0.060
3917;3.0;26.0;2.50;0.070
3918;3.0;26.0;2.50;0.080
3919;3.0;26.0;2.50;0.090
3920;3.0;26.0;2.50;0.100
3921;5.0;26.0;2.50;0.010
3922;5.0;26.0;2.50;0.020
3923;5.0;26.0;2.50;0.030
3924;5.0;26.0;2.50;0.040
3925;5.0;26.0;2.50;0.050
3926;5.0;26.0;2.50;0.060
3927;5.0;26.0;2.50;0.070
3928;5.0;26.0;2.50;0.080
3929;5.0;26.0;2.50;0.090
3930;5.0;26.0;2.50;0.100
3931;7.0;26.0;2.50;0.010
3932;7.0;26.0;2.50;0.020
3933;7.0;26.0;2.50;0.030
3934;7.0;26.0;2.50;0.040
3935;7.0;26.0;2.50;0.050
3936;7.0;26.0;2.50;0.060
3937;7.0;26.0;2.50;0.070
3938;7.0;26.0;2.50;0.080
3939;7.0;26.0;2.50;0.090
3940;7.0;26.0;2.50;0.100
3941;9.0;26.0;2.50;0.010
3942;9.0;26.0;2.50;0.020
3943;9.0;26.0;2.50;0.030
3944;9.0;26.0;2.50;0.040
3945;9.0;26.0;2.50;0.050
3946;9.0;26.0;2.50;0.060
3947;9.0;26.0;2.50;0.070
3948;9.0;26.0;2.50;0.080
3949;9.0;26.0;2.50;0.090
3950;9.0;26.0;2.50;0.100
3951;11.0;26.0;2.50;0.010
3952;11.0;26.0;2.50;0.020
3953;11.0;26.0;2.50;0.030
3954;11.0;26.0;2.50;0.040
3955;11.0;26.0;2.50;0.050
3956;11.0;26.0;2.50;0.060
3957;11.0;26.0;2.50;0.070
3958;11.0;26.0;2.50;0.080
3959;11.0;26.0;2.50;0.090
3960;11.0;26.0;2.50;0.100
3961;13.0;26.0;2.50;0.010
3962;13.0;26.0;2.50;0.020
3963;13.0;26.0;2.50;0.030
3964;13.0;26.0;2.50;0.040
3965;13.0;26.0;2.50;0.050
3966;13.0;26.0;2.50;0.060
3967;13.0;26.0;2.50;0.070
3968;13.0;26.0;2.50;0.080
3969;13.0;26.0;2.50;0.090
3970;13.0;26.0;2.50;0.100
3971;15.0;26.0;2.50;0.010
3972;15.0;26.0;2.50;0.020
3973;15.0;26.0;2.50;0.030
3974;15.0;26.0;2.50;0.040
3975;15.0;26.0;2.50;0.050
3976;15.0;26.0;2.50;0.060
3977;15.0;26.0;2.50;0.070
3978;15.0;26.0;2.50;0.080
3979;15.0;26.0;2.50;0.090
3980;15.0;26.0;2.50;0.100
3981;17.0;26.0;2.50;0.010
3982;17.0;26.0;2.50;0.020
3983;17.0;26.0;2.50;0.030
3984;17.0;26.0;2.50;0.040
3985;17.0;26.0;2.50;0.050
3986;17.0;26.0;2.50;0.060
3987;17.0;26.0;2.50;0.070
3988;17.0;26.0;2.50;0.080
3989;17.0;26.0;2.50;0.090
3990;17.0;26.0;2.50;0.100
3991;19.0;26.0;2.50;0.010
3992;19.0;26.0;2.50;0.020
3993;19.0;26.0;2.50;0.030
3994;19.0;26.0;2.50;0.040
3995;19.0;26.0;2.50;0.050
3996;19.0;26.0;2.50;0.060
3997;19.0;26.0;2.50;0.070
3998;19.0;26.0;2.50;0.080
3999;19.0;26.0;2.50;0.090
4000;19.0;26.0;2.50;0.100
4001;21.0;26.0;2.50;0.010
4002;21.0;26.0;2.50;0.020
4003;21.0;26.0;2.50;0.030
4004;21.0;26.0;2.50;0.040
4005;21.0;26.0;2.50;0.050
4006;21.0;26.0;2.50;0.060
4007;21.0;26.0;2.50;0.070
4008;21.0;26.0;2.50;0.080
4009;21.0;26.0;2.50;0.090
4010;21.0;26.0;2.50;0.100
4011;23.0;26.0;2.50;0.010
4012;23.0;26.0;2.50;0.020
4013;23.0;26.0;2.50;0.030
4014;23.0;26.0;2.50;0.040
4015;23.0;26.0;2.50;0.050
4016;23.0;26.0;2.50;0.060
4017;23.0;26.0;2.50;0.070
4018;23.0;26.0;2.50;0.080
4019;23.0;26.0;2.50;0.090
4020;23.0;26.0;2.50;0.100
4021;25.0;26.0;2.50;0.010
4022;25.0;26.0;2.50;0.020
4023;25.0;26.0;2.50;0.030
4024;25.0;26.0;2.50;0.040
4025;25.0;26.0;2.50;0.050
4026;25.0;26.0;2.50;0.060
4027;25.0;26.0;2.50;0.070
4028;25.0;26.0;2.50;0.080
4029;25.0;26.0;2.50;0.090
4030;25.0;26.0;2.50;0.100
4031;1.0;28.0;2.50;0.010
4032;1.0;28.0;2.50;0.020
4033;1.0;28.0;2.50;0.030
4034;1.0;28.0;2.50;0.040
4035;1.0;28.0;2.50;0.050
4036;1.0;28.0;2.50;0.060
4037;1.0;28.0;2.50;0.070
4038;1.0;28.0;2.50;0.080
4039;1.0;28.0;2.50;0.090
4040;1.0;28.0;2.50;0.100
4041;3.0;28.0;2.50;0.010
4042;3.0;28.0;2.50;0.020
4043;3.0;28.0;2.50;0.030
4044;3.0;28.0;2.50;0.040
4045;3.0;28.0;2.50;0.050
4046;3.0;28.0;2.50;0.060
4047;3.0;28.0;2.50;0.070
4048;3.0;28.0;2.50;0.080
4049;3.0;28.0;2.50;0.090
4050;3.0;28.0;2.50;0.100
4051;5.0;28.0;2.50;0.010
4052;5.0;28.0;2.50;0.020
4053;5.0;28.0;2.50;0.030
4054;5.0;28.0;2.50;0.040
4055;5.0;28.0;2.50;0.050
4056;5.0;28.0;2.50;0.060
4057;5.0;28.0;2.50;0.070
4058;5.0;28.0;2.50;0.080
4059;5.0;28.0;2.50;0.090
4060;5.0;28.0;2.50;0.100
4061;7.0;28.0;2.50;0.010
4062;7.0;28.0;2.50;0.020
4063;7.0;28.0;2.50;0.030
4064;7.0;28.0;2.50;0.040
4065;7.0;28.0;2.50;0.050
4066;7.0;28.0;2.50;0.060
4067;7.0;28.0;2.50;0.070
4068;7.0;28.0;2.50;0.080
4069;7.0;28.0;2.50;0.090
4070;7.0;28.0;2.50;0.100
4071;9.0;28.0;2.50;0.010
4072;9.0;28.0;2.50;0.020
4073;9.0;28.0;2.50;0.030
4074;9.0;28.0;2.50;0.040
4075;9.0;28.0;2.50;0.050
4076;9.0;28.0;2.50;0.060
4077;9.0;28.0;2.50;0.070
4078;9.0;28.0;2.50;0.080
4079;9.0;28.0;2.50;0.090
4080;9.0;28.0;2.50;0.100
4081;11.0;28.0;2.50;0.010
4082;11.0;28.0;2.50;0.020
4083;11.0;28.0;2.50;0.030
4084;11.0;28.0;2.50;0.040
4085;11.0;28.0;2.50;0.050
4086;11.0;28.0;2.50;0.060
4087;11.0;28.0;2.50;0.070
4088;11.0;28.0;2.50;0.080
4089;11.0;28.0;2.50;0.090
4090;11.0;28.0;2.50;0.100
4091;13.0;28.0;2.50;0.010
4092;13.0;28.0;2.50;0.020
4093;13.0;28.0;2.50;0.030
4094;13.0;28.0;2.50;0.040
4095;13.0;28.0;2.50;0.050
4096;13.0;28.0;2.50;0.060
4097;13.0;28.0;2.50;0.070
4098;13.0;28.0;2.50;0.080
4099;13.0;28.0;2.50;0.090
4100;13.0;28.0;2.50;0.100
4101;15.0;28.0;2.50;0.010
4102;15.0;28.0;2.50;0.020
4103;15.0;28.0;2.50;0.030
4104;15.0;28.0;2.50;0.040
4105;15.0;28.0;2.50;0.050
4106;15.0;28.0;2.50;0.060
4107;15.0;28.0;2.50;0.070
4108;15.0;28.0;2.50;0.080
4109;15.0;28.0;2.50;0.090
4110;15.0;28.0;2.50;0.100
4111;17.0;28.0;2.50;0.010
4112;17.0;28.0;2.50;0.020
4113;17.0;28.0;2.50;0.030
4114;17.0;28.0;2.50;0.040
4115;17.0;28.0;2.50;0.050
4116;17.0;28.0;2.50;0.060
4117;17.0;28.0;2.50;0.070
4118;17.0;28.0;2.50;0.080
4119;17.0;28.0;2.50;0.090
4120;17.0;28.0;2.50;0.100
4121;19.0;28.0;2.50;0.010
4122;19.0;28.0;2.50;0.020
4123;19.0;28.0;2.50;0.030
4124;19.0;28.0;2.50;0.040
4125;19.0;28.0;2.50;0.050
4126;19.0;28.0;2.50;0.060
4127;19.0;28.0;2.50;0.070
4128;19.0;28.0;2.50;0.080
4129;19.0;28.0;2.50;0.090
4130;19.0;28.0;2.50;0.100
4131;21.0;28.0;2.50;0.010
4132;21.0;28.0;2.50;0.020
4133;21.0;28.0;2.50;0.030
4134;21.0;28.0;2.50;0.040
4135;21.0;28.0;2.50;0.050
4136;21.0;28.0;2.50;0.060
4137;21.0;28.0;2.50;0.070
4138;21.0;28.0;2.50;0.080
4139;21.0;28.0;2.50;0.090
4140;21.0;28.0;2.50;0.100
4141;23.0;28.0;2.50;0.010
4142;23.0;28.0;2.50;0.020
4143;23.0;28.0;2.50;0.030
4144;23.0;28.0;2.50;0.040
4145;23.0;28.0;2.50;0.050
4146;23.0;28.0;2.50;0.060
4147;23.0;28.0;2.50;0.070
4148;23.0;28.0;2.50;0.080
4149;23.0;28.0;2.50;0.090
4150;23.0;28.0;2.50;0.100
4151;25.0;28.0;2.50;0.010
4152;25.0;28.0;2.50;0.020
4153;25.0;28.0;2.50;0.030
4154;25.0;28.0;2.50;0.040
4155;25.0;28.0;2.50;0.050
4156;25.0;28.0;2.50;0.060
4157;25.0;28.0;2.50;0.070
4158;25.0;28.0;2.50;0.080
4159;25.0;28.0;2.50;0.090
4160;25.0;28.0;2.50;0.100
4161;1.0;30.0;2.50;0.010
4162;1.0;30.0;2.50;0.020
4163;1.0;30.0;2.50;0.030
4164;1.0;30.0;2.50;0.040
4165;1.0;30.0;2.50;0.050
4166;1.0;30.0;2.50;0.060
4167;1.0;30.0;2.50;0.070
4168;1.0;30.0;2.50;0.080
4169;1.0;30.0;2.50;0.090
4170;1.0;30.0;2.50;0.100
4171;3.0;30.0;2.50;0.010
4172;3.0;30.0;2.50;0.020
4173;3.0;30.0;2.50;0.030
4174;3.0;30.0;2.50;0.040
4175;3.0;30.0;2.50;0.050
4176;3.0;30.0;2.50;0.060
4177;3.0;30.0;2.50;0.070
4178;3.0;30.0;2.50;0.080
4179;3.0;30.0;2.50;0.090
4180;3.0;30.0;2.50;0.100
4181;5.0;30.0;2.50;0.010
4182;5.0;30.0;2.50;0.020
4183;5.0;30.0;2.50;0.030
4184;5.0;30.0;2.50;0.040
4185;5.0;30.0;2.50;0.050
4186;5.0;30.0;2.50;0.060
4187;5.0;30.0;2.50;0.070
4188;5.0;30.0;2.50;0.080
4189;5.0;30.0;2.50;0.090
4190;5.0;30.0;2.50;0.100
4191;7.0;30.0;2.50;0.010
4192;7.0;30.0;2.50;0.020
4193;7.0;30.0;2.50;0.030
4194;7.0;30.0;2.50;0.040
4195;7.0;30.0;2.50;0.050
4196;7.0;30.0;2.50;0.060
4197;7.0;30.0;2.50;0.070
4198;7.0;30.0;2.50;0.080
4199;7.0;30.0;2.50;0.090
4200;7.0;30.0;2.50;0.100
4201;9.0;30.0;2.50;0.010
4202;9.0;30.0;2.50;0.020
4203;9.0;30.0;2.50;0.030
4204;9.0;30.0;2.50;0.040
4205;9.0;30.0;2.50;0.050
4206;9.0;30.0;2.50;0.060
4207;9.0;30.0;2.50;0.070
4208;9.0;30.0;2.50;0.080
4209;9.0;30.0;2.50;0.090
4210;9.0;30.0;2.50;0.100
4211;11.0;30.0;2.50;0.010
4212;11.0;30.0;2.50;0.020
4213;11.0;30.0;2.50;0.030
4214;11.0;30.0;2.50;0.040
4215;11.0;30.0;2.50;0.050
4216;11.0;30.0;2.50;0.060
4217;11.0;30.0;2.50;0.070
4218;11.0;30.0;2.50;0.080
4219;11.0;30.0;2.50;0.090
4220;11.0;30.0;2.50;0.100
4221;13.0;30.0;2.50;0.010
4222;13.0;30.0;2.50;0.020
4223;13.0;30.0;2.50;0.030
4224;13.0;30.0;2.50;0.040
4225;13.0;30.0;2.50;0.050
4226;13.0;30.0;2.50;0.060
4227;13.0;30.0;2.50;0.070
4228;13.0;30.0;2.50;0.080
4229;13.0;30.0;2.50;0.090
4230;13.0;30.0;2.50;0.100
4231;15.0;30.0;2.50;0.010
4232;15.0;30.0;2.50;0.020
4233;15.0;30.0;2.50;0.030
4234;15.0;30.0;2.50;0.040
4235;15.0;30.0;2.50;0.050
4236;15.0;30.0;2.50;0.060
4237;15.0;30.0;2.50;0.070
4238;15.0;30.0;2.50;0.080
4239;15.0;30.0;2.50;0.090
4240;15.0;30.0;2.50;0.100
4241;17.0;30.0;2.50;0.010
4242;17.0;30.0;2.50;0.020
4243;17.0;30.0;2.50;0.030
4244;17.0;30.0;2.50;0.040
4245;17.0;30.0;2.50;0.050
4246;17.0;30.0;2.50;0.060
4247;17.0;30.0;2.50;0.070
4248;17.0;30.0;2.50;0.080
4249;17.0;30.0;2.50;0.090
4250;17.0;30.0;2.50;0.100
4251;19.0;30.0;2.50;0.010
4252;19.0;30.0;2.50;0.020
4253;19.0;30.0;2.50;0.030
4254;19.0;30.0;2.50;0.040
4255;19.0;30.0;2.50;0.050
4256;19.0;30.0;2.50;0.060
4257;19.0;30.0;2.50;0.070
4258;19.0;30.0;2.50;0.080
4259;19.0;30.0;2.50;0.090
4260;19.0;30.0;2.50;0.100
4261;21.0;30.0;2.50;0.010
4262;21.0;30.0;2.50;0.020
4263;21.0;30.0;2.50;0.030
4264;21.0;30.0;2.50;0.040
4265;21.0;30.0;2.50;0.050
4266;21.0;30.0;2.50;0.060
4267;21.0;30.0;2.50;0.070
4268;21.0;30.0;2.50;0.080
4269;21.0;30.0;2.50;0.090
4270;21.0;30.0;2.50;0.100
4271;23.0;30.0;2.50;0.010
4272;23.0;30.0;2.50;0.020
4273;23.0;30.0;2.50;0.030
4274;23.0;30.0;2.50;0.040
4275;23.0;30.0;2.50;0.050
4276;23.0;30.0;2.50;0.060
4277;23.0;30.0;2.50;0.070
4278;23.0;30.0;2.50;0.080
4279;23.0;30.0;2.50;0.090
4280;23.0;30.0;2.50;0.100
4281;25.0;30.0;2.50;0.010
4282;25.0;30.0;2.50;0.020
4283;25.0;30.0;2.50;0.030
4284;25.0;30.0;2.50;0.040
4285;25.0;30.0;2.50;0.050
4286;25.0;30.0;2.50;0.060
4287;25.0;30.0;2.50;0.070
4288;25.0;30.0;2.50;0.080
4289;25.0;30.0;2.50;0.090
4290;25.0;30.0;2.50;0.100
4291;1.0;10.0;3.50;0.010
4292;1.0;10.0;3.50;0.020
4293;1.0;10.0;3.50;0.030
4294;1.0;10.0;3.50;0.040
4295;1.0;10.0;3.50;0.050
4296;1.0;10.0;3.50;0.060
4297;1.0;10.0;3.50;0.070
4298;1.0;10.0;3.50;0.080
4299;1.0;10.0;3.50;0.090
4300;1.0;10.0;3.50;0.100
4301;3.0;10.0;3.50;0.010
4302;3.0;10.0;3.50;0.020
4303;3.0;10.0;3.50;0.030
4304;3.0;10.0;3.50;0.040
4305;3.0;10.0;3.50;0.050
4306;3.0;10.0;3.50;0.060
4307;3.0;10.0;3.50;0.070
4308;3.0;10.0;3.50;0.080
4309;3.0;10.0;3.50;0.090
4310;3.0;10.0;3.50;0.100
4311;5.0;10.0;3.50;0.010
4312;5.0;10.0;3.50;0.020
4313;5.0;10.0;3.50;0.030
4314;5.0;10.0;3.50;0.040
4315;5.0;10.0;3.50;0.050
4316;5.0;10.0;3.50;0.060
4317;5.0;10.0;3.50;0.070
4318;5.0;10.0;3.50;0.080
4319;5.0;10.0;3.50;0.090
4320;5.0;10.0;3.50;0.100
4321;7.0;10.0;3.50;0.010
4322;7.0;10.0;3.50;0.020
4323;7.0;10.0;3.50;0.030
4324;7.0;10.0;3.50;0.040
4325;7.0;10.0;3.50;0.050
4326;7.0;10.0;3.50;0.060
4327;7.0;10.0;3.50;0.070
4328;7.0;10.0;3.50;0.080
4329;7.0;10.0;3.50;0.090
4330;7.0;10.0;3.50;0.100
4331;9.0;10.0;3.50;0.010
4332;9.0;10.0;3.50;0.020
4333;9.0;10.0;3.50;0.030
4334;9.0;10.0;3.50;0.040
4335;9.0;10.0;3.50;0.050
4336;9.0;10.0;3.50;0.060
4337;9.0;10.0;3.50;0.070
4338;9.0;10.0;3.50;0.080
4339;9.0;10.0;3.50;0.090
4340;9.0;10.0;3.50;0.100
4341;11.0;10.0;3.50;0.010
4342;11.0;10.0;3.50;0.020
4343;11.0;10.0;3.50;0.030
4344;11.0;10.0;3.50;0.040
4345;11.0;10.0;3.50;0.050
4346;11.0;10.0;3.50;0.060
4347;11.0;10.0;3.50;0.070
4348;11.0;10.0;3.50;0.080
4349;11.0;10.0;3.50;0.090
4350;11.0;10.0;3.50;0.100
4351;13.0;10.0;3.50;0.010
4352;13.0;10.0;3.50;0.020
4353;13.0;10.0;3.50;0.030
4354;13.0;10.0;3.50;0.040
4355;13.0;10.0;3.50;0.050
4356;13.0;10.0;3.50;0.060
4357;13.0;10.0;3.50;0.070
4358;13.0;10.0;3.50;0.080
4359;13.0;10.0;3.50;0.090
4360;13.0;10.0;3.50;0.100
4361;15.0;10.0;3.50;0.010
4362;15.0;10.0;3.50;0.020
4363;15.0;10.0;3.50;0.030
4364;15.0;10.0;3.50;0.040
4365;15.0;10.0;3.50;0.050
4366;15.0;10.0;3.50;0.060
4367;15.0;10.0;3.50;0.070
4368;15.0;10.0;3.50;0.080
4369;15.0;10.0;3.50;0.090
4370;15.0;10.0;3.50;0.100
4371;17.0;10.0;3.50;0.010
4372;17.0;10.0;3.50;0.020
4373;17.0;10.0;3.50;0.030
4374;17.0;10.0;3.50;0.040
4375;17.0;10.0;3.50;0.050
4376;17.0;10.0;3.50;0.060
4377;17.0;10.0;3.50;0.070
4378;17.0;10.0;3.50;0.080
4379;17.0;10.0;3.50;0.090
4380;17.0;10.0;3.50;0.100
4381;19.0;10.0;3.50;0.010
4382;19.0;10.0;3.50;0.020
4383;19.0;10.0;3.50;0.030
4384;19.0;10.0;3.50;0.040
4385;19.0;10.0;3.50;0.050
4386;19.0;10.0;3.50;0.060
4387;19.0;10.0;3.50;0.070
4388;19.0;10.0;3.50;0.080
4389;19.0;10.0;3.50;0.090
4390;19.0;10.0;3.50;0.100
4391;21.0;10.0;3.50;0.010
4392;21.0;10.0;3.50;0.020
4393;21.0;10.0;3.50;0.030
4394;21.0;10.0;3.50;0.040
4395;21.0;10.0;3.50;0.050
4396;21.0;10.0;3.50;0.060
4397;21.0;10.0;3.50;0.070
4398;21.0;10.0;3.50;0.080
4399;21.0;10.0;3.50;0.090
4400;21.0;10.0;3.50;0.100
4401;23.0;10.0;3.50;0.010
4402;23.0;10.0;3.50;0.020
4403;23.0;10.0;3.50;0.030
4404;23.0;10.0;3.50;0.040
4405;23.0;10.0;3.50;0.050
4406;23.0;10.0;3.50;0.060
4407;23.0;10.0;3.50;0.070
4408;23.0;10.0;3.50;0.080
4409;23.0;10.0;3.50;0.090
4410;23.0;10.0;3.50;0.100
4411;25.0;10.0;3.50;0.010
4412;25.0;10.0;3.50;0.020
4413;25.0;10.0;3.50;0.030
4414;25.0;10.0;3.50;0.040
4415;25.0;10.0;3.50;0.050
4416;25.0;10.0;3.50;0.060
4417;25.0;10.0;3.50;0.070
4418;25.0;10.0;3.50;0.080
4419;25.0;10.0;3.50;0.090
4420;25.0;10.0;3.50;0.100
4421;1.0;12.0;3.50;0.010
4422;1.0;12.0;3.50;0.020
4423;1.0;12.0;3.50;0.030
4424;1.0;12.0;3.50;0.040
4425;1.0;12.0;3.50;0.050
4426;1.0;12.0;3.50;0.060
4427;1.0;12.0;3.50;0.070
4428;1.0;12.0;3.50;0.080
4429;1.0;12.0;3.50;0.090
4430;1.0;12.0;3.50;0.100
4431;3.0;12.0;3.50;0.010
4432;3.0;12.0;3.50;0.020
4433;3.0;12.0;3.50;0.030
4434;3.0;12.0;3.50;0.040
4435;3.0;12.0;3.50;0.050
4436;3.0;12.0;3.50;0.060
4437;3.0;12.0;3.50;0.070
4438;3.0;12.0;3.50;0.080
4439;3.0;12.0;3.50;0.090
4440;3.0;12.0;3.50;0.100
4441;5.0;12.0;3.50;0.010
4442;5.0;12.0;3.50;0.020
4443;5.0;12.0;3.50;0.030
4444;5.0;12.0;3.50;0.040
4445;5.0;12.0;3.50;0.050
4446;5.0;12.0;3.50;0.060
4447;5.0;12.0;3.50;0.070
4448;5.0;12.0;3.50;0.080
4449;5.0;12.0;3.50;0.090
4450;5.0;12.0;3.50;0.100
4451;7.0;12.0;3.50;0.010
4452;7.0;12.0;3.50;0.020
4453;7.0;12.0;3.50;0.030
4454;7.0;12.0;3.50;0.040
4455;7.0;12.0;3.50;0.050
4456;7.0;12.0;3.50;0.060
4457;7.0;12.0;3.50;0.070
4458;7.0;12.0;3.50;0.080
4459;7.0;12.0;3.50;0.090
4460;7.0;12.0;3.50;0.100
4461;9.0;12.0;3.50;0.010
4462;9.0;12.0;3.50;0.020
4463;9.0;12.0;3.50;0.030
4464;9.0;12.0;3.50;0.040
4465;9.0;12.0;3.50;0.050
4466;9.0;12.0;3.50;0.060
4467;9.0;12.0;3.50;0.070
4468;9.0;12.0;3.50;0.080
4469;9.0;12.0;3.50;0.090
4470;9.0;12.0;3.50;0.100
4471;11.0;12.0;3.50;0.010
4472;11.0;12.0;3.50;0.020
4473;11.0;12.0;3.50;0.030
4474;11.0;12.0;3.50;0.040
4475;11.0;12.0;3.50;0.050
4476;11.0;12.0;3.50;0.060
4477;11.0;12.0;3.50;0.070
4478;11.0;12.0;3.50;0.080
4479;11.0;12.0;3.50;0.090
4480;11.0;12.0;3.50;0.100
4481;13.0;12.0;3.50;0.010
4482;13.0;12.0;3.50;0.020
4483;13.0;12.0;3.50;0.030
4484;13.0;12.0;3.50;0.040
4485;13.0;12.0;3.50;0.050
4486;13.0;12.0;3.50;0.060
4487;13.0;12.0;3.50;0.070
4488;13.0;12.0;3.50;0.080
4489;13.0;12.0;3.50;0.090
4490;13.0;12.0;3.50;0.100
4491;15.0;12.0;3.50;0.010
4492;15.0;12.0;3.50;0.020
4493;15.0;12.0;3.50;0.030
4494;15.0;12.0;3.50;0.040
4495;15.0;12.0;3.50;0.050
4496;15.0;12.0;3.50;0.060
4497;15.0;12.0;3.50;0.070
4498;15.0;12.0;3.50;0.080
4499;15.0;12.0;3.50;0.090
4500;15.0;12.0;3.50;0.100
4501;17.0;12.0;3.50;0.010
4502;17.0;12.0;3.50;0.020
4503;17.0;12.0;3.50;0.030
4504;17.0;12.0;3.50;0.040
4505;17.0;12.0;3.50;0.050
4506;17.0;12.0;3.50;0.060
4507;17.0;12.0;3.50;0.070
4508;17.0;12.0;3.50;0.080
4509;17.0;12.0;3.50;0.090
4510;17.0;12.0;3.50;0.100
4511;19.0;12.0;3.50;0.010
4512;19.0;12.0;3.50;0.020
4513;19.0;12.0;3.50;0.030
4514;19.0;12.0;3.50;0.040
4515;19.0;12.0;3.50;0.050
4516;19.0;12.0;3.50;0.060
4517;19.0;12.0;3.50;0.070
4518;19.0;12.0;3.50;0.080
4519;19.0;12.0;3.50;0.090
4520;19.0;12.0;3.50;0.100
4521;21.0;12.0;3.50;0.010
4522;21.0;12.0;3.50;0.020
4523;21.0;12.0;3.50;0.030
4524;21.0;12.0;3.50;0.040
4525;21.0;12.0;3.50;0.050
4526;21.0;12.0;3.50;0.060
4527;21.0;12.0;3.50;0.070
4528;21.0;12.0;3.50;0.080
4529;21.0;12.0;3.50;0.090
4530;21.0;12.0;3.50;0.100
4531;23.0;12.0;3.50;0.010
4532;23.0;12.0;3.50;0.020
4533;23.0;12.0;3.50;0.030
4534;23.0;12.0;3.50;0.040
4535;23.0;12.0;3.50;0.050
4536;23.0;12.0;3.50;0.060
4537;23.0;12.0;3.50;0.070
4538;23.0;12.0;3.50;0.080
4539;23.0;12.0;3.50;0.090
4540;23.0;12.0;3.50;0.100
4541;25.0;12.0;3.50;0.010
4542;25.0;12.0;3.50;0.020
4543;25.0;12.0;3.50;0.030
4544;25.0;12.0;3.50;0.040
4545;25.0;12.0;3.50;0.050
4546;25.0;12.0;3.50;0.060
4547;25.0;12.0;3.50;0.070
4548;25.0;12.0;3.50;0.080
4549;25.0;12.0;3.50;0.090
4550;25.0;12.0;3.50;0.100
4551;1.0;14.0;3.50;0.010
4552;1.0;14.0;3.50;0.020
4553;1.0;14.0;3.50;0.030
4554;1.0;14.0;3.50;0.040
4555;1.0;14.0;3.50;0.050
4556;1.0;14.0;3.50;0.060
4557;1.0;14.0;3.50;0.070
4558;1.0;14.0;3.50;0.080
4559;1.0;14.0;3.50;0.090
4560;1.0;14.0;3.50;0.100
4561;3.0;14.0;3.50;0.010
4562;3.0;14.0;3.50;0.020
4563;3.0;14.0;3.50;0.030
4564;3.0;14.0;3.50;0.040
4565;3.0;14.0;3.50;0.050
4566;3.0;14.0;3.50;0.060
4567;3.0;14.0;3.50;0.070
4568;3.0;14.0;3.50;0.080
4569;3.0;14.0;3.50;0.090
4570;3.0;14.0;3.50;0.100
4571;5.0;14.0;3.50;0.010
4572;5.0;14.0;3.50;0.020
4573;5.0;14.0;3.50;0.030
4574;5.0;14.0;3.50;0.040
4575;5.0;14.0;3.50;0.050
4576;5.0;14.0;3.50;0.060
4577;5.0;14.0;3.50;0.070
4578;5.0;14.0;3.50;0.080
4579;5.0;14.0;3.50;0.090
4580;5.0;14.0;3.50;0.100
4581;7.0;14.0;3.50;0.010
4582;7.0;14.0;3.50;0.020
4583;7.0;14.0;3.50;0.030
4584;7.0;14.0;3.50;0.040
4585;7.0;14.0;3.50;0.050
4586;7.0;14.0;3.50;0.060
4587;7.0;14.0;3.50;0.070
4588;7.0;14.0;3.50;0.080
4589;7.0;14.0;3.50;0.090
4590;7.0;14.0;3.50;0.100
4591;9.0;14.0;3.50;0.010
4592;9.0;14.0;3.50;0.020
4593;9.0;14.0;3.50;0.030
4594;9.0;14.0;3.50;0.040
4595;9.0;14.0;3.50;0.050
4596;9.0;14.0;3.50;0.060
4597;9.0;14.0;3.50;0.070
4598;9.0;14.0;3.50;0.080
4599;9.0;14.0;3.50;0.090
4600;9.0;14.0;3.50;0.100
4601;11.0;14.0;3.50;0.010
4602;11.0;14.0;3.50;0.020
4603;11.0;14.0;3.50;0.030
4604;11.0;14.0;3.50;0.040
4605;11.0;14.0;3.50;0.050
4606;11.0;14.0;3.50;0.060
4607;11.0;14.0;3.50;0.070
4608;11.0;14.0;3.50;0.080
4609;11.0;14.0;3.50;0.090
4610;11.0;14.0;3.50;0.100
4611;13.0;14.0;3.50;0.010
4612;13.0;14.0;3.50;0.020
4613;13.0;14.0;3.50;0.030
4614;13.0;14.0;3.50;0.040
4615;13.0;14.0;3.50;0.050
4616;13.0;14.0;3.50;0.060
4617;13.0;14.0;3.50;0.070
4618;13.0;14.0;3.50;0.080
4619;13.0;14.0;3.50;0.090
4620;13.0;14.0;3.50;0.100
4621;15.0;14.0;3.50;0.010
4622;15.0;14.0;3.50;0.020
4623;15.0;14.0;3.50;0.030
4624;15.0;14.0;3.50;0.040
4625;15.0;14.0;3.50;0.050
4626;15.0;14.0;3.50;0.060
4627;15.0;14.0;3.50;0.070
4628;15.0;14.0;3.50;0.080
4629;15.0;14.0;3.50;0.090
4630;15.0;14.0;3.50;0.100
4631;17.0;14.0;3.50;0.010
4632;17.0;14.0;3.50;0.020
4633;17.0;14.0;3.50;0.030
4634;17.0;14.0;3.50;0.040
4635;17.0;14.0;3.50;0.050
4636;17.0;14.0;3.50;0.060
4637;17.0;14.0;3.50;0.070
4638;17.0;14.0;3.50;0.080
4639;17.0;14.0;3.50;0.090
4640;17.0;14.0;3.50;0.100
4641;19.0;14.0;3.50;0.010
4642;19.0;14.0;3.50;0.020
4643;19.0;14.0;3.50;0.030
4644;19.0;14.0;3.50;0.040
4645;19.0;14.0;3.50;0.050
4646;19.0;14.0;3.50;0.060
4647;19.0;14.0;3.50;0.070
4648;19.0;14.0;3.50;0.080
4649;19.0;14.0;3.50;0.090
4650;19.0;14.0;3.50;0.100
4651;21.0;14.0;3.50;0.010
4652;21.0;14.0;3.50;0.020
4653;21.0;14.0;3.50;0.030
4654;21.0;14.0;3.50;0.040
4655;21.0;14.0;3.50;0.050
4656;21.0;14.0;3.50;0.060
4657;21.0;14.0;3.50;0.070
4658;21.0;14.0;3.50;0.080
4659;21.0;14.0;3.50;0.090
4660;21.0;14.0;3.50;0.100
4661;23.0;14.0;3.50;0.010
4662;23.0;14.0;3.50;0.020
4663;23.0;14.0;3.50;0.030
4664;23.0;14.0;3.50;0.040
4665;23.0;14.0;3.50;0.050
4666;23.0;14.0;3.50;0.060
4667;23.0;14.0;3.50;0.070
4668;23.0;14.0;3.50;0.080
4669;23.0;14.0;3.50;0.090
4670;23.0;14.0;3.50;0.100
4671;25.0;14.0;3.50;0.010
4672;25.0;14.0;3.50;0.020
4673;25.0;14.0;3.50;0.030
4674;25.0;14.0;3.50;0.040
4675;25.0;14.0;3.50;0.050
4676;25.0;14.0;3.50;0.060
4677;25.0;14.0;3.50;0.070
4678;25.0;14.0;3.50;0.080
4679;25.0;14.0;3.50;0.090
4680;25.0;14.0;3.50;0.100
4681;1.0;16.0;3.50;0.010
4682;1.0;16.0;3.50;0.020
4683;1.0;16.0;3.50;0.030
4684;1.0;16.0;3.50;0.040
4685;1.0;16.0;3.50;0.050
4686;1.0;16.0;3.50;0.060
4687;1.0;16.0;3.50;0.070
4688;1.0;16.0;3.50;0.080
4689;1.0;16.0;3.50;0.090
4690;1.0;16.0;3.50;0.100
4691;3.0;16.0;3.50;0.010
4692;3.0;16.0;3.50;0.020
4693;3.0;16.0;3.50;0.030
4694;3.0;16.0;3.50;0.040
4695;3.0;16.0;3.50;0.050
4696;3.0;16.0;3.50;0.060
4697;3.0;16.0;3.50;0.070
4698;3.0;16.0;3.50;0.080
4699;3.0;16.0;3.50;0.090
4700;3.0;16.0;3.50;0.100
4701;5.0;16.0;3.50;0.010
4702;5.0;16.0;3.50;0.020
4703;5.0;16.0;3.50;0.030
4704;5.0;16.0;3.50;0.040
4705;5.0;16.0;3.50;0.050
4706;5.0;16.0;3.50;0.060
4707;5.0;16.0;3.50;0.070
4708;5.0;16.0;3.50;0.080
4709;5.0;16.0;3.50;0.090
4710;5.0;16.0;3.50;0.100
4711;7.0;16.0;3.50;0.010
4712;7.0;16.0;3.50;0.020
4713;7.0;16.0;3.50;0.030
4714;7.0;16.0;3.50;0.040
4715;7.0;16.0;3.50;0.050
4716;7.0;16.0;3.50;0.060
4717;7.0;16.0;3.50;0.070
4718;7.0;16.0;3.50;0.080
4719;7.0;16.0;3.50;0.090
4720;7.0;16.0;3.50;0.100
4721;9.0;16.0;3.50;0.010
4722;9.0;16.0;3.50;0.020
4723;9.0;16.0;3.50;0.030
4724;9.0;16.0;3.50;0.040
4725;9.0;16.0;3.50;0.050
4726;9.0;16.0;3.50;0.060
4727;9.0;16.0;3.50;0.070
4728;9.0;16.0;3.50;0.080
4729;9.0;16.0;3.50;0.090
4730;9.0;16.0;3.50;0.100
4731;11.0;16.0;3.50;0.010
4732;11.0;16.0;3.50;0.020
4733;11.0;16.0;3.50;0.030
4734;11.0;16.0;3.50;0.040
4735;11.0;16.0;3.50;0.050
4736;11.0;16.0;3.50;0.060
4737;11.0;16.0;3.50;0.070
4738;11.0;16.0;3.50;0.080
4739;11.0;16.0;3.50;0.090
4740;11.0;16.0;3.50;0.100
4741;13.0;16.0;3.50;0.010
4742;13.0;16.0;3.50;0.020
4743;13.0;16.0;3.50;0.030
4744;13.0;16.0;3.50;0.040
4745;13.0;16.0;3.50;0.050
4746;13.0;16.0;3.50;0.060
4747;13.0;16.0;3.50;0.070
4748;13.0;16.0;3.50;0.080
4749;13.0;16.0;3.50;0.090
4750;13.0;16.0;3.50;0.100
4751;15.0;16.0;3.50;0.010
4752;15.0;16.0;3.50;0.020
4753;15.0;16.0;3.50;0.030
4754;15.0;16.0;3.50;0.040
4755;15.0;16.0;3.50;0.050
4756;15.0;16.0;3.50;0.060
4757;15.0;16.0;3.50;0.070
4758;15.0;16.0;3.50;0.080
4759;15.0;16.0;3.50;0.090
4760;15.0;16.0;3.50;0.100
4761;17.0;16.0;3.50;0.010
4762;17.0;16.0;3.50;0.020
4763;17.0;16.0;3.50;0.030
4764;17.0;16.0;3.50;0.040
4765;17.0;16.0;3.50;0.050
4766;17.0;16.0;3.50;0.060
4767;17.0;16.0;3.50;0.070
4768;17.0;16.0;3.50;0.080
4769;17.0;16.0;3.50;0.090
4770;17.0;16.0;3.50;0.100
4771;19.0;16.0;3.50;0.010
4772;19.0;16.0;3.50;0.020
4773;19.0;16.0;3.50;0.030
4774;19.0;16.0;3.50;0.040
4775;19.0;16.0;3.50;0.050
4776;19.0;16.0;3.50;0.060
4777;19.0;16.0;3.50;0.070
4778;19.0;16.0;3.50;0.080
4779;19.0;16.0;3.50;0.090
4780;19.0;16.0;3.50;0.100
4781;21.0;16.0;3.50;0.010
4782;21.0;16.0;3.50;0.020
4783;21.0;16.0;3.50;0.030
4784;21.0;16.0;3.50;0.040
4785;21.0;16.0;3.50;0.050
4786;21.0;16.0;3.50;0.060
4787;21.0;16.0;3.50;0.070
4788;21.0;16.0;3.50;0.080
4789;21.0;16.0;3.50;0.090
4790;21.0;16.0;3.50;0.100
4791;23.0;16.0;3.50;0.010
4792;23.0;16.0;3.50;0.020
4793;23.0;16.0;3.50;0.030
4794;23.0;16.0;3.50;0.040
4795;23.0;16.0;3.50;0.050
4796;23.0;16.0;3.50;0.060
4797;23.0;16.0;3.50;0.070
4798;23.0;16.0;3.50;0.080
4799;23.0;16.0;3.50;0.090
4800;23.0;16.0;3.50;0.100
4801;25.0;16.0;3.50;0.010
4802;25.0;16.0;3.50;0.020
4803;25.0;16.0;3.50;0.030
4804;25.0;16.0;3.50;0.040
4805;25.0;16.0;3.50;0.050
4806;25.0;16.0;3.50;0.060
4807;25.0;16.0;3.50;0.070
4808;25.0;16.0;3.50;0.080
4809;25.0;16.0;3.50;0.090
4810;25.0;16.0;3.50;0.100
4811;1.0;18.0;3.50;0.010
4812;1.0;18.0;3.50;0.020
4813;1.0;18.0;3.50;0.030
4814;1.0;18.0;3.50;0.040
4815;1.0;18.0;3.50;0.050
4816;1.0;18.0;3.50;0.060
4817;1.0;18.0;3.50;0.070
4818;1.0;18.0;3.50;0.080
4819;1.0;18.0;3.50;0.090
4820;1.0;18.0;3.50;0.100
4821;3.0;18.0;3.50;0.010
4822;3.0;18.0;3.50;0.020
4823;3.0;18.0;3.50;0.030
4824;3.0;18.0;3.50;0.040
4825;3.0;18.0;3.50;0.050
4826;3.0;18.0;3.50;0.060
4827;3.0;18.0;3.50;0.070
4828;3.0;18.0;3.50;0.080
4829;3.0;18.0;3.50;0.090
4830;3.0;18.0;3.50;0.100
4831;5.0;18.0;3.50;0.010
4832;5.0;18.0;3.50;0.020
4833;5.0;18.0;3.50;0.030
4834;5.0;18.0;3.50;0.040
4835;5.0;18.0;3.50;0.050
4836;5.0;18.0;3.50;0.060
4837;5.0;18.0;3.50;0.070
4838;5.0;18.0;3.50;0.080
4839;5.0;18.0;3.50;0.090
4840;5.0;18.0;3.50;0.100
4841;7.0;18.0;3.50;0.010
4842;7.0;18.0;3.50;0.020
4843;7.0;18.0;3.50;0.030
4844;7.0;18.0;3.50;0.040
4845;7.0;18.0;3.50;0.050
4846;7.0;18.0;3.50;0.060
4847;7.0;18.0;3.50;0.070
4848;7.0;18.0;3.50;0.080
4849;7.0;18.0;3.50;0.090
4850;7.0;18.0;3.50;0.100
4851;9.0;18.0;3.50;0.010
4852;9.0;18.0;3.50;0.020
4853;9.0;18.0;3.50;0.030
4854;9.0;18.0;3.50;0.040
4855;9.0;18.0;3.50;0.050
4856;9.0;18.0;3.50;0.060
4857;9.0;18.0;3.50;0.070
4858;9.0;18.0;3.50;0.080
4859;9.0;18.0;3.50;0.090
4860;9.0;18.0;3.50;0.100
4861;11.0;18.0;3.50;0.010
4862;11.0;18.0;3.50;0.020
4863;11.0;18.0;3.50;0.030
4864;11.0;18.0;3.50;0.040
4865;11.0;18.0;3.50;0.050
4866;11.0;18.0;3.50;0.060
4867;11.0;18.0;3.50;0.070
4868;11.0;18.0;3.50;0.080
4869;11.0;18.0;3.50;0.090
4870;11.0;18.0;3.50;0.100
4871;13.0;18.0;3.50;0.010
4872;13.0;18.0;3.50;0.020
4873;13.0;18.0;3.50;0.030
4874;13.0;18.0;3.50;0.040
4875;13.0;18.0;3.50;0.050
4876;13.0;18.0;3.50;0.060
4877;13.0;18.0;3.50;0.070
4878;13.0;18.0;3.50;0.080
4879;13.0;18.0;3.50;0.090
4880;13.0;18.0;3.50;0.100
4881;15.0;18.0;3.50;0.010
4882;15.0;18.0;3.50;0.020
4883;15.0;18.0;3.50;0.030
4884;15.0;18.0;3.50;0.040
4885;15.0;18.0;3.50;0.050
4886;15.0;18.0;3.50;0.060
4887;15.0;18.0;3.50;0.070
4888;15.0;18.0;3.50;0.080
4889;15.0;18.0;3.50;0.090
4890;15.0;18.0;3.50;0.100
4891;17.0;18.0;3.50;0.010
4892;17.0;18.0;3.50;0.020
4893;17.0;18.0;3.50;0.030
4894;17.0;18.0;3.50;0.040
4895;17.0;18.0;3.50;0.050
4896;17.0;18.0;3.50;0.060
4897;17.0;18.0;3.50;0.070
4898;17.0;18.0;3.50;0.080
4899;17.0;18.0;3.50;0.090
4900;17.0;18.0;3.50;0.100
4901;19.0;18.0;3.50;0.010
4902;19.0;18.0;3.50;0.020
4903;19.0;18.0;3.50;0.030
4904;19.0;18.0;3.50;0.040
4905;19.0;18.0;3.50;0.050
4906;19.0;18.0;3.50;0.060
4907;19.0;18.0;3.50;0.070
4908;19.0;18.0;3.50;0.080
4909;19.0;18.0;3.50;0.090
4910;19.0;18.0;3.50;0.100
4911;21.0;18.0;3.50;0.010
4912;21.0;18.0;3.50;0.020
4913;21.0;18.0;3.50;0.030
4914;21.0;18.0;3.50;0.040
4915;21.0;18.0;3.50;0.050
4916;21.0;18.0;3.50;0.060
4917;21.0;18.0;3.50;0.070
4918;21.0;18.0;3.50;0.080
4919;21.0;18.0;3.50;0.090
4920;21.0;18.0;3.50;0.100
4921;23.0;18.0;3.50;0.010
4922;23.0;18.0;3.50;0.020
4923;23.0;18.0;3.50;0.030
4924;23.0;18.0;3.50;0.040
4925;23.0;18.0;3.50;0.050
4926;23.0;18.0;3.50;0.060
4927;23.0;18.0;3.50;0.070
4928;23.0;18.0;3.50;0.080
4929;23.0;18.0;3.50;0.090
4930;23.0;18.0;3.50;0.100
4931;25.0;18.0;3.50;0.010
4932;25.0;18.0;3.50;0.020
4933;25.0;18.0;3.50;0.030
4934;25.0;18.0;3.50;0.040
4935;25.0;18.0;3.50;0.050
4936;25.0;18.0;3.50;0.060
4937;25.0;18.0;3.50;0.070
4938;25.0;18.0;3.50;0.080
4939;25.0;18.0;3.50;0.090
4940;25.0;18.0;3.50;0.100
4941;1.0;20.0;3.50;0.010
4942;1.0;20.0;3.50;0.020
4943;1.0;20.0;3.50;0.030
4944;1.0;20.0;3.50;0.040
4945;1.0;20.0;3.50;0.050
4946;1.0;20.0;3.50;0.060
4947;1.0;20.0;3.50;0.070
4948;1.0;20.0;3.50;0.080
4949;1.0;20.0;3.50;0.090
4950;1.0;20.0;3.50;0.100
4951;3.0;20.0;3.50;0.010
4952;3.0;20.0;3.50;0.020
4953;3.0;20.0;3.50;0.030
4954;3.0;20.0;3.50;0.040
4955;3.0;20.0;3.50;0.050
4956;3.0;20.0;3.50;0.060
4957;3.0;20.0;3.50;0.070
4958;3.0;20.0;3.50;0.080
4959;3.0;20.0;3.50;0.090
4960;3.0;20.0;3.50;0.100
4961;5.0;20.0;3.50;0.010
4962;5.0;20.0;3.50;0.020
4963;5.0;20.0;3.50;0.030
4964;5.0;20.0;3.50;0.040
4965;5.0;20.0;3.50;0.050
4966;5.0;20.0;3.50;0.060
4967;5.0;20.0;3.50;0.070
4968;5.0;20.0;3.50;0.080
4969;5.0;20.0;3.50;0.090
4970;5.0;20.0;3.50;0.100
4971;7.0;20.0;3.50;0.010
4972;7.0;20.0;3.50;0.020
4973;7.0;20.0;3.50;0.030
4974;7.0;20.0;3.50;0.040
4975;7.0;20.0;3.50;0.050
4976;7.0;20.0;3.50;0.060
4977;7.0;20.0;3.50;0.070
4978;7.0;20.0;3.50;0.080
4979;7.0;20.0;3.50;0.090
4980;7.0;20.0;3.50;0.100
4981;9.0;20.0;3.50;0.010
4982;9.0;20.0;3.50;0.020
4983;9.0;20.0;3.50;0.030
4984;9.0;20.0;3.50;0.040
4985;9.0;20.0;3.50;0.050
4986;9.0;20.0;3.50;0.060
4987;9.0;20.0;3.50;0.070
4988;9.0;20.0;3.50;0.080
4989;9.0;20.0;3.50;0.090
4990;9.0;20.0;3.50;0.100
4991;11.0;20.0;3.50;0.010
4992;11.0;20.0;3.50;0.020
4993;11.0;20.0;3.50;0.030
4994;11.0;20.0;3.50;0.040
4995;11.0;20.0;3.50;0.050
4996;11.0;20.0;3.50;0.060
4997;11.0;20.0;3.50;0.070
4998;11.0;20.0;3.50;0.080
4999;11.0;20.0;3.50;0.090
5000;11.0;20.0;3.50;0.100
5001;13.0;20.0;3.50;0.010
5002;13.0;20.0;3.50;0.020
5003;13.0;20.0;3.50;0.030
5004;13.0;20.0;3.50;0.040
5005;13.0;20.0;3.50;0.050
5006;13.0;20.0;3.50;0.060
5007;13.0;20.0;3.50;0.070
5008;13.0;20.0;3.50;0.080
5009;13.0;20.0;3.50;0.090
5010;13.0;20.0;3.50;0.100
5011;15.0;20.0;3.50;0.010
5012;15.0;20.0;3.50;0.020
5013;15.0;20.0;3.50;0.030
5014;15.0;20.0;3.50;0.040
5015;15.0;20.0;3.50;0.050
5016;15.0;20.0;3.50;0.060
5017;15.0;20.0;3.50;0.070
5018;15.0;20.0;3.50;0.080
5019;15.0;20.0;3.50;0.090
5020;15.0;20.0;3.50;0.100
5021;17.0;20.0;3.50;0.010
5022;17.0;20.0;3.50;0.020
5023;17.0;20.0;3.50;0.030
5024;17.0;20.0;3.50;0.040
5025;17.0;20.0;3.50;0.050
5026;17.0;20.0;3.50;0.060
5027;17.0;20.0;3.50;0.070
5028;17.0;20.0;3.50;0.080
5029;17.0;20.0;3.50;0.090
5030;17.0;20.0;3.50;0.100
5031;19.0;20.0;3.50;0.010
5032;19.0;20.0;3.50;0.020
5033;19.0;20.0;3.50;0.030
5034;19.0;20.0;3.50;0.040
5035;19.0;20.0;3.50;0.050
5036;19.0;20.0;3.50;0.060
5037;19.0;20.0;3.50;0.070
5038;19.0;20.0;3.50;0.080
5039;19.0;20.0;3.50;0.090
5040;19.0;20.0;3.50;0.100
5041;21.0;20.0;3.50;0.010
5042;21.0;20.0;3.50;0.020
5043;21.0;20.0;3.50;0.030
5044;21.0;20.0;3.50;0.040
5045;21.0;20.0;3.50;0.050
5046;21.0;20.0;3.50;0.060
5047;21.0;20.0;3.50;0.070
5048;21.0;20.0;3.50;0.080
5049;21.0;20.0;3.50;0.090
5050;21.0;20.0;3.50;0.100
5051;23.0;20.0;3.50;0.010
5052;23.0;20.0;3.50;0.020
5053;23.0;20.0;3.50;0.030
5054;23.0;20.0;3.50;0.040
5055;23.0;20.0;3.50;0.050
5056;23.0;20.0;3.50;0.060
5057;23.0;20.0;3.50;0.070
5058;23.0;20.0;3.50;0.080
5059;23.0;20.0;3.50;0.090
5060;23.0;20.0;3.50;0.100
5061;25.0;20.0;3.50;0.010
5062;25.0;20.0;3.50;0.020
5063;25.0;20.0;3.50;0.030
5064;25.0;20.0;3.50;0.040
5065;25.0;20.0;3.50;0.050
5066;25.0;20.0;3.50;0.060
5067;25.0;20.0;3.50;0.070
5068;25.0;20.0;3.50;0.080
5069;25.0;20.0;3.50;0.090
5070;25.0;20.0;3.50;0.100
5071;1.0;22.0;3.50;0.010
5072;1.0;22.0;3.50;0.020
5073;1.0;22.0;3.50;0.030
5074;1.0;22.0;3.50;0.040
5075;1.0;22.0;3.50;0.050
5076;1.0;22.0;3.50;0.060
5077;1.0;22.0;3.50;0.070
5078;1.0;22.0;3.50;0.080
5079;1.0;22.0;3.50;0.090
5080;1.0;22.0;3.50;0.100
5081;3.0;22.0;3.50;0.010
5082;3.0;22.0;3.50;0.020
5083;3.0;22.0;3.50;0.030
5084;3.0;22.0;3.50;0.040
5085;3.0;22.0;3.50;0.050
5086;3.0;22.0;3.50;0.060
5087;3.0;22.0;3.50;0.070
5088;3.0;22.0;3.50;0.080
5089;3.0;22.0;3.50;0.090
5090;3.0;22.0;3.50;0.100
5091;5.0;22.0;3.50;0.010
5092;5.0;22.0;3.50;0.020
5093;5.0;22.0;3.50;0.030
5094;5.0;22.0;3.50;0.040
5095;5.0;22.0;3.50;0.050
5096;5.0;22.0;3.50;0.060
5097;5.0;22.0;3.50;0.070
5098;5.0;22.0;3.50;0.080
5099;5.0;22.0;3.50;0.090
5100;5.0;22.0;3.50;0.100
5101;7.0;22.0;3.50;0.010
5102;7.0;22.0;3.50;0.020
5103;7.0;22.0;3.50;0.030
5104;7.0;22.0;3.50;0.040
5105;7.0;22.0;3.50;0.050
5106;7.0;22.0;3.50;0.060
5107;7.0;22.0;3.50;0.070
5108;7.0;22.0;3.50;0.080
5109;7.0;22.0;3.50;0.090
5110;7.0;22.0;3.50;0.100
5111;9.0;22.0;3.50;0.010
5112;9.0;22.0;3.50;0.020
5113;9.0;22.0;3.50;0.030
5114;9.0;22.0;3.50;0.040
5115;9.0;22.0;3.50;0.050
5116;9.0;22.0;3.50;0.060
5117;9.0;22.0;3.50;0.070
5118;9.0;22.0;3.50;0.080
5119;9.0;22.0;3.50;0.090
5120;9.0;22.0;3.50;0.100
5121;11.0;22.0;3.50;0.010
5122;11.0;22.0;3.50;0.020
5123;11.0;22.0;3.50;0.030
5124;11.0;22.0;3.50;0.040
5125;11.0;22.0;3.50;0.050
5126;11.0;22.0;3.50;0.060
5127;11.0;22.0;3.50;0.070
5128;11.0;22.0;3.50;0.080
5129;11.0;22.0;3.50;0.090
5130;11.0;22.0;3.50;0.100
5131;13.0;22.0;3.50;0.010
5132;13.0;22.0;3.50;0.020
5133;13.0;22.0;3.50;0.030
5134;13.0;22.0;3.50;0.040
5135;13.0;22.0;3.50;0.050
5136;13.0;22.0;3.50;0.060
5137;13.0;22.0;3.50;0.070
5138;13.0;22.0;3.50;0.080
5139;13.0;22.0;3.50;0.090
5140;13.0;22.0;3.50;0.100
5141;15.0;22.0;3.50;0.010
5142;15.0;22.0;3.50;0.020
5143;15.0;22.0;3.50;0.030
5144;15.0;22.0;3.50;0.040
5145;15.0;22.0;3.50;0.050
5146;15.0;22.0;3.50;0.060
5147;15.0;22.0;3.50;0.070
5148;15.0;22.0;3.50;0.080
5149;15.0;22.0;3.50;0.090
5150;15.0;22.0;3.50;0.100
5151;17.0;22.0;3.50;0.010
5152;17.0;22.0;3.50;0.020
5153;17.0;22.0;3.50;0.030
5154;17.0;22.0;3.50;0.040
5155;17.0;22.0;3.50;0.050
5156;17.0;22.0;3.50;0.060
5157;17.0;22.0;3.50;0.070
5158;17.0;22.0;3.50;0.080
5159;17.0;22.0;3.50;0.090
5160;17.0;22.0;3.50;0.100
5161;19.0;22.0;3.50;0.010
5162;19.0;22.0;3.50;0.020
5163;19.0;22.0;3.50;0.030
5164;19.0;22.0;3.50;0.040
5165;19.0;22.0;3.50;0.050
5166;19.0;22.0;3.50;0.060
5167;19.0;22.0;3.50;0.070
5168;19.0;22.0;3.50;0.080
5169;19.0;22.0;3.50;0.090
5170;19.0;22.0;3.50;0.100
5171;21.0;22.0;3.50;0.010
5172;21.0;22.0;3.50;0.020
5173;21.0;22.0;3.50;0.030
5174;21.0;22.0;3.50;0.040
5175;21.0;22.0;3.50;0.050
5176;21.0;22.0;3.50;0.060
5177;21.0;22.0;3.50;0.070
5178;21.0;22.0;3.50;0.080
5179;21.0;22.0;3.50;0.090
5180;21.0;22.0;3.50;0.100
5181;23.0;22.0;3.50;0.010
5182;23.0;22.0;3.50;0.020
5183;23.0;22.0;3.50;0.030
5184;23.0;22.0;3.50;0.040
5185;23.0;22.0;3.50;0.050
5186;23.0;22.0;3.50;0.060
5187;23.0;22.0;3.50;0.070
5188;23.0;22.0;3.50;0.080
5189;23.0;22.0;3.50;0.090
5190;23.0;22.0;3.50;0.100
5191;25.0;22.0;3.50;0.010
5192;25.0;22.0;3.50;0.020
5193;25.0;22.0;3.50;0.030
5194;25.0;22.0;3.50;0.040
5195;25.0;22.0;3.50;0.050
5196;25.0;22.0;3.50;0.060
5197;25.0;22.0;3.50;0.070
5198;25.0;22.0;3.50;0.080
5199;25.0;22.0;3.50;0.090
5200;25.0;22.0;3.50;0.100
5201;1.0;24.0;3.50;0.010
5202;1.0;24.0;3.50;0.020
5203;1.0;24.0;3.50;0.030
5204;1.0;24.0;3.50;0.040
5205;1.0;24.0;3.50;0.050
5206;1.0;24.0;3.50;0.060
5207;1.0;24.0;3.50;0.070
5208;1.0;24.0;3.50;0.080
5209;1.0;24.0;3.50;0.090
5210;1.0;24.0;3.50;0.100
5211;3.0;24.0;3.50;0.010
5212;3.0;24.0;3.50;0.020
5213;3.0;24.0;3.50;0.030
5214;3.0;24.0;3.50;0.040
5215;3.0;24.0;3.50;0.050
5216;3.0;24.0;3.50;0.060
5217;3.0;24.0;3.50;0.070
5218;3.0;24.0;3.50;0.080
5219;3.0;24.0;3.50;0.090
5220;3.0;24.0;3.50;0.100
5221;5.0;24.0;3.50;0.010
5222;5.0;24.0;3.50;0.020
5223;5.0;24.0;3.50;0.030
5224;5.0;24.0;3.50;0.040
5225;5.0;24.0;3.50;0.050
5226;5.0;24.0;3.50;0.060
5227;5.0;24.0;3.50;0.070
5228;5.0;24.0;3.50;0.080
5229;5.0;24.0;3.50;0.090
5230;5.0;24.0;3.50;0.100
5231;7.0;24.0;3.50;0.010
5232;7.0;24.0;3.50;0.020
5233;7.0;24.0;3.50;0.030
5234;7.0;24.0;3.50;0.040
5235;7.0;24.0;3.50;0.050
5236;7.0;24.0;3.50;0.060
5237;7.0;24.0;3.50;0.070
5238;7.0;24.0;3.50;0.080
5239;7.0;24.0;3.50;0.090
5240;7.0;24.0;3.50;0.100
5241;9.0;24.0;3.50;0.010
5242;9.0;24.0;3.50;0.020
5243;9.0;24.0;3.50;0.030
5244;9.0;24.0;3.50;0.040
5245;9.0;24.0;3.50;0.050
5246;9.0;24.0;3.50;0.060
5247;9.0;24.0;3.50;0.070
5248;9.0;24.0;3.50;0.080
5249;9.0;24.0;3.50;0.090
5250;9.0;24.0;3.50;0.100
5251;11.0;24.0;3.50;0.010
5252;11.0;24.0;3.50;0.020
5253;11.0;24.0;3.50;0.030
5254;11.0;24.0;3.50;0.040
5255;11.0;24.0;3.50;0.050
5256;11.0;24.0;3.50;0.060
5257;11.0;24.0;3.50;0.070
5258;11.0;24.0;3.50;0.080
5259;11.0;24.0;3.50;0.090
5260;11.0;24.0;3.50;0.100
5261;13.0;24.0;3.50;0.010
5262;13.0;24.0;3.50;0.020
5263;13.0;24.0;3.50;0.030
5264;13.0;24.0;3.50;0.040
5265;13.0;24.0;3.50;0.050
5266;13.0;24.0;3.50;0.060
5267;13.0;24.0;3.50;0.070
5268;13.0;24.0;3.50;0.080
5269;13.0;24.0;3.50;0.090
5270;13.0;24.0;3.50;0.100
5271;15.0;24.0;3.50;0.010
5272;15.0;24.0;3.50;0.020
5273;15.0;24.0;3.50;0.030
5274;15.0;24.0;3.50;0.040
5275;15.0;24.0;3.50;0.050
5276;15.0;24.0;3.50;0.060
5277;15.0;24.0;3.50;0.070
5278;15.0;24.0;3.50;0.080
5279;15.0;24.0;3.50;0.090
5280;15.0;24.0;3.50;0.100
5281;17.0;24.0;3.50;0.010
5282;17.0;24.0;3.50;0.020
5283;17.0;24.0;3.50;0.030
5284;17.0;24.0;3.50;0.040
5285;17.0;24.0;3.50;0.050
5286;17.0;24.0;3.50;0.060
5287;17.0;24.0;3.50;0.070
5288;17.0;24.0;3.50;0.080
5289;17.0;24.0;3.50;0.090
5290;17.0;24.0;3.50;0.100
5291;19.0;24.0;3.50;0.010
5292;19.0;24.0;3.50;0.020
5293;19.0;24.0;3.50;0.030
5294;19.0;24.0;3.50;0.040
5295;19.0;24.0;3.50;0.050
5296;19.0;24.0;3.50;0.060
5297;19.0;24.0;3.50;0.070
5298;19.0;24.0;3.50;0.080
5299;19.0;24.0;3.50;0.090
5300;19.0;24.0;3.50;0.100
5301;21.0;24.0;3.50;0.010
5302;21.0;24.0;3.50;0.020
5303;21.0;24.0;3.50;0.030
5304;21.0;24.0;3.50;0.040
5305;21.0;24.0;3.50;0.050
5306;21.0;24.0;3.50;0.060
5307;21.0;24.0;3.50;0.070
5308;21.0;24.0;3.50;0.080
5309;21.0;24.0;3.50;0.090
5310;21.0;24.0;3.50;0.100
5311;23.0;24.0;3.50;0.010
5312;23.0;24.0;3.50;0.020
5313;23.0;24.0;3.50;0.030
5314;23.0;24.0;3.50;0.040
5315;23.0;24.0;3.50;0.050
5316;23.0;24.0;3.50;0.060
5317;23.0;24.0;3.50;0.070
5318;23.0;24.0;3.50;0.080
5319;23.0;24.0;3.50;0.090
5320;23.0;24.0;3.50;0.100
5321;25.0;24.0;3.50;0.010
5322;25.0;24.0;3.50;0.020
5323;25.0;24.0;3.50;0.030
5324;25.0;24.0;3.50;0.040
5325;25.0;24.0;3.50;0.050
5326;25.0;24.0;3.50;0.060
5327;25.0;24.0;3.50;0.070
5328;25.0;24.0;3.50;0.080
5329;25.0;24.0;3.50;0.090
5330;25.0;24.0;3.50;0.100
5331;1.0;26.0;3.50;0.010
5332;1.0;26.0;3.50;0.020
5333;1.0;26.0;3.50;0.030
5334;1.0;26.0;3.50;0.040
5335;1.0;26.0;3.50;0.050
5336;1.0;26.0;3.50;0.060
5337;1.0;26.0;3.50;0.070
5338;1.0;26.0;3.50;0.080
5339;1.0;26.0;3.50;0.090
5340;1.0;26.0;3.50;0.100
5341;3.0;26.0;3.50;0.010
5342;3.0;26.0;3.50;0.020
5343;3.0;26.0;3.50;0.030
5344;3.0;26.0;3.50;0.040
5345;3.0;26.0;3.50;0.050
5346;3.0;26.0;3.50;0.060
5347;3.0;26.0;3.50;0.070
5348;3.0;26.0;3.50;0.080
5349;3.0;26.0;3.50;0.090
5350;3.0;26.0;3.50;0.100
5351;5.0;26.0;3.50;0.010
5352;5.0;26.0;3.50;0.020
5353;5.0;26.0;3.50;0.030
5354;5.0;26.0;3.50;0.040
5355;5.0;26.0;3.50;0.050
5356;5.0;26.0;3.50;0.060
5357;5.0;26.0;3.50;0.070
5358;5.0;26.0;3.50;0.080
5359;5.0;26.0;3.50;0.090
5360;5.0;26.0;3.50;0.100
5361;7.0;26.0;3.50;0.010
5362;7.0;26.0;3.50;0.020
5363;7.0;26.0;3.50;0.030
5364;7.0;26.0;3.50;0.040
5365;7.0;26.0;3.50;0.050
5366;7.0;26.0;3.50;0.060
5367;7.0;26.0;3.50;0.070
5368;7.0;26.0;3.50;0.080
5369;7.0;26.0;3.50;0.090
5370;7.0;26.0;3.50;0.100
5371;9.0;26.0;3.50;0.010
5372;9.0;26.0;3.50;0.020
5373;9.0;26.0;3.50;0.030
5374;9.0;26.0;3.50;0.040
5375;9.0;26.0;3.50;0.050
5376;9.0;26.0;3.50;0.060
5377;9.0;26.0;3.50;0.070
5378;9.0;26.0;3.50;0.080
5379;9.0;26.0;3.50;0.090
5380;9.0;26.0;3.50;0.100
5381;11.0;26.0;3.50;0.010
5382;11.0;26.0;3.50;0.020
5383;11.0;26.0;3.50;0.030
5384;11.0;26.0;3.50;0.040
5385;11.0;26.0;3.50;0.050
5386;11.0;26.0;3.50;0.060
5387;11.0;26.0;3.50;0.070
5388;11.0;26.0;3.50;0.080
5389;11.0;26.0;3.50;0.090
5390;11.0;26.0;3.50;0.100
5391;13.0;26.0;3.50;0.010
5392;13.0;26.0;3.50;0.020
5393;13.0;26.0;3.50;0.030
5394;13.0;26.0;3.50;0.040
5395;13.0;26.0;3.50;0.050
5396;13.0;26.0;3.50;0.060
5397;13.0;26.0;3.50;0.070
5398;13.0;26.0;3.50;0.080
5399;13.0;26.0;3.50;0.090
5400;13.0;26.0;3.50;0.100
5401;15.0;26.0;3.50;0.010
5402;15.0;26.0;3.50;0.020
5403;15.0;26.0;3.50;0.030
5404;15.0;26.0;3.50;0.040
5405;15.0;26.0;3.50;0.050
5406;15.0;26.0;3.50;0.060
5407;15.0;26.0;3.50;0.070
5408;15.0;26.0;3.50;0.080
5409;15.0;26.0;3.50;0.090
5410;15.0;26.0;3.50;0.100
5411;17.0;26.0;3.50;0.010
5412;17.0;26.0;3.50;0.020
5413;17.0;26.0;3.50;0.030
5414;17.0;26.0;3.50;0.040
5415;17.0;26.0;3.50;0.050
5416;17.0;26.0;3.50;0.060
5417;17.0;26.0;3.50;0.070
5418;17.0;26.0;3.50;0.080
5419;17.0;26.0;3.50;0.090
5420;17.0;26.0;3.50;0.100
5421;19.0;26.0;3.50;0.010
5422;19.0;26.0;3.50;0.020
5423;19.0;26.0;3.50;0.030
5424;19.0;26.0;3.50;0.040
5425;19.0;26.0;3.50;0.050
5426;19.0;26.0;3.50;0.060
5427;19.0;26.0;3.50;0.070
5428;19.0;26.0;3.50;0.080
5429;19.0;26.0;3.50;0.090
5430;19.0;26.0;3.50;0.100
5431;21.0;26.0;3.50;0.010
5432;21.0;26.0;3.50;0.020
5433;21.0;26.0;3.50;0.030
5434;21.0;26.0;3.50;0.040
5435;21.0;26.0;3.50;0.050
5436;21.0;26.0;3.50;0.060
5437;21.0;26.0;3.50;0.070
5438;21.0;26.0;3.50;0.080
5439;21.0;26.0;3.50;0.090
5440;21.0;26.0;3.50;0.100
5441;23.0;26.0;3.50;0.010
5442;23.0;26.0;3.50;0.020
5443;23.0;26.0;3.50;0.030
5444;23.0;26.0;3.50;0.040
5445;23.0;26.0;3.50;0.050
5446;23.0;26.0;3.50;0.060
5447;23.0;26.0;3.50;0.070
5448;23.0;26.0;3.50;0.080
5449;23.0;26.0;3.50;0.090
5450;23.0;26.0;3.50;0.100
5451;25.0;26.0;3.50;0.010
5452;25.0;26.0;3.50;0.020
5453;25.0;26.0;3.50;0.030
5454;25.0;26.0;3.50;0.040
5455;25.0;26.0;3.50;0.050
5456;25.0;26.0;3.50;0.060
5457;25.0;26.0;3.50;0.070
5458;25.0;26.0;3.50;0.080
5459;25.0;26.0;3.50;0.090
5460;25.0;26.0;3.50;0.100
5461;1.0;28.0;3.50;0.010
5462;1.0;28.0;3.50;0.020
5463;1.0;28.0;3.50;0.030
5464;1.0;28.0;3.50;0.040
5465;1.0;28.0;3.50;0.050
5466;1.0;28.0;3.50;0.060
5467;1.0;28.0;3.50;0.070
5468;1.0;28.0;3.50;0.080
5469;1.0;28.0;3.50;0.090
5470;1.0;28.0;3.50;0.100
5471;3.0;28.0;3.50;0.010
5472;3.0;28.0;3.50;0.020
5473;3.0;28.0;3.50;0.030
5474;3.0;28.0;3.50;0.040
5475;3.0;28.0;3.50;0.050
5476;3.0;28.0;3.50;0.060
5477;3.0;28.0;3.50;0.070
5478;3.0;28.0;3.50;0.080
5479;3.0;28.0;3.50;0.090
5480;3.0;28.0;3.50;0.100
5481;5.0;28.0;3.50;0.010
5482;5.0;28.0;3.50;0.020
5483;5.0;28.0;3.50;0.030
5484;5.0;28.0;3.50;0.040
5485;5.0;28.0;3.50;0.050
5486;5.0;28.0;3.50;0.060
5487;5.0;28.0;3.50;0.070
5488;5.0;28.0;3.50;0.080
5489;5.0;28.0;3.50;0.090
5490;5.0;28.0;3.50;0.100
5491;7.0;28.0;3.50;0.010
5492;7.0;28.0;3.50;0.020
5493;7.0;28.0;3.50;0.030
5494;7.0;28.0;3.50;0.040
5495;7.0;28.0;3.50;0.050
5496;7.0;28.0;3.50;0.060
5497;7.0;28.0;3.50;0.070
5498;7.0;28.0;3.50;0.080
5499;7.0;28.0;3.50;0.090
5500;7.0;28.0;3.50;0.100
5501;9.0;28.0;3.50;0.010
5502;9.0;28.0;3.50;0.020
5503;9.0;28.0;3.50;0.030
5504;9.0;28.0;3.50;0.040
5505;9.0;28.0;3.50;0.050
5506;9.0;28.0;3.50;0.060
5507;9.0;28.0;3.50;0.070
5508;9.0;28.0;3.50;0.080
5509;9.0;28.0;3.50;0.090
5510;9.0;28.0;3.50;0.100
5511;11.0;28.0;3.50;0.010
5512;11.0;28.0;3.50;0.020
5513;11.0;28.0;3.50;0.030
5514;11.0;28.0;3.50;0.040
5515;11.0;28.0;3.50;0.050
5516;11.0;28.0;3.50;0.060
5517;11.0;28.0;3.50;0.070
5518;11.0;28.0;3.50;0.080
5519;11.0;28.0;3.50;0.090
5520;11.0;28.0;3.50;0.100
5521;13.0;28.0;3.50;0.010
5522;13.0;28.0;3.50;0.020
5523;13.0;28.0;3.50;0.030
5524;13.0;28.0;3.50;0.040
5525;13.0;28.0;3.50;0.050
5526;13.0;28.0;3.50;0.060
5527;13.0;28.0;3.50;0.070
5528;13.0;28.0;3.50;0.080
5529;13.0;28.0;3.50;0.090
5530;13.0;28.0;3.50;0.100
5531;15.0;28.0;3.50;0.010
5532;15.0;28.0;3.50;0.020
5533;15.0;28.0;3.50;0.030
5534;15.0;28.0;3.50;0.040
5535;15.0;28.0;3.50;0.050
5536;15.0;28.0;3.50;0.060
5537;15.0;28.0;3.50;0.070
5538;15.0;28.0;3.50;0.080
5539;15.0;28.0;3.50;0.090
5540;15.0;28.0;3.50;0.100
5541;17.0;28.0;3.50;0.010
5542;17.0;28.0;3.50;0.020
5543;17.0;28.0;3.50;0.030
5544;17.0;28.0;3.50;0.040
5545;17.0;28.0;3.50;0.050
5546;17.0;28.0;3.50;0.060
5547;17.0;28.0;3.50;0.070
5548;17.0;28.0;3.50;0.080
5549;17.0;28.0;3.50;0.090
5550;17.0;28.0;3.50;0.100
5551;19.0;28.0;3.50;0.010
5552;19.0;28.0;3.50;0.020
5553;19.0;28.0;3.50;0.030
5554;19.0;28.0;3.50;0.040
5555;19.0;28.0;3.50;0.050
5556;19.0;28.0;3.50;0.060
5557;19.0;28.0;3.50;0.070
5558;19.0;28.0;3.50;0.080
5559;19.0;28.0;3.50;0.090
5560;19.0;28.0;3.50;0.100
5561;21.0;28.0;3.50;0.010
5562;21.0;28.0;3.50;0.020
5563;21.0;28.0;3.50;0.030
5564;21.0;28.0;3.50;0.040
5565;21.0;28.0;3.50;0.050
5566;21.0;28.0;3.50;0.060
5567;21.0;28.0;3.50;0.070
5568;21.0;28.0;3.50;0.080
5569;21.0;28.0;3.50;0.090
5570;21.0;28.0;3.50;0.100
5571;23.0;28.0;3.50;0.010
5572;23.0;28.0;3.50;0.020
5573;23.0;28.0;3.50;0.030
5574;23.0;28.0;3.50;0.040
5575;23.0;28.0;3.50;0.050
5576;23.0;28.0;3.50;0.060
5577;23.0;28.0;3.50;0.070
5578;23.0;28.0;3.50;0.080
5579;23.0;28.0;3.50;0.090
5580;23.0;28.0;3.50;0.100
5581;25.0;28.0;3.50;0.010
5582;25.0;28.0;3.50;0.020
5583;25.0;28.0;3.50;0.030
5584;25.0;28.0;3.50;0.040
5585;25.0;28.0;3.50;0.050
5586;25.0;28.0;3.50;0.060
5587;25.0;28.0;3.50;0.070
5588;25.0;28.0;3.50;0.080
5589;25.0;28.0;3.50;0.090
5590;25.0;28.0;3.50;0.100
5591;1.0;30.0;3.50;0.010
5592;1.0;30.0;3.50;0.020
5593;1.0;30.0;3.50;0.030
5594;1.0;30.0;3.50;0.040
5595;1.0;30.0;3.50;0.050
5596;1.0;30.0;3.50;0.060
5597;1.0;30.0;3.50;0.070
5598;1.0;30.0;3.50;0.080
5599;1.0;30.0;3.50;0.090
5600;1.0;30.0;3.50;0.100
5601;3.0;30.0;3.50;0.010
5602;3.0;30.0;3.50;0.020
5603;3.0;30.0;3.50;0.030
5604;3.0;30.0;3.50;0.040
5605;3.0;30.0;3.50;0.050
5606;3.0;30.0;3.50;0.060
5607;3.0;30.0;3.50;0.070
5608;3.0;30.0;3.50;0.080
5609;3.0;30.0;3.50;0.090
5610;3.0;30.0;3.50;0.100
5611;5.0;30.0;3.50;0.010
5612;5.0;30.0;3.50;0.020
5613;5.0;30.0;3.50;0.030
5614;5.0;30.0;3.50;0.040
5615;5.0;30.0;3.50;0.050
5616;5.0;30.0;3.50;0.060
5617;5.0;30.0;3.50;0.070
5618;5.0;30.0;3.50;0.080
5619;5.0;30.0;3.50;0.090
5620;5.0;30.0;3.50;0.100
5621;7.0;30.0;3.50;0.010
5622;7.0;30.0;3.50;0.020
5623;7.0;30.0;3.50;0.030
5624;7.0;30.0;3.50;0.040
5625;7.0;30.0;3.50;0.050
5626;7.0;30.0;3.50;0.060
5627;7.0;30.0;3.50;0.070
5628;7.0;30.0;3.50;0.080
5629;7.0;30.0;3.50;0.090
5630;7.0;30.0;3.50;0.100
5631;9.0;30.0;3.50;0.010
5632;9.0;30.0;3.50;0.020
5633;9.0;30.0;3.50;0.030
5634;9.0;30.0;3.50;0.040
5635;9.0;30.0;3.50;0.050
5636;9.0;30.0;3.50;0.060
5637;9.0;30.0;3.50;0.070
5638;9.0;30.0;3.50;0.080
5639;9.0;30.0;3.50;0.090
5640;9.0;30.0;3.50;0.100
5641;11.0;30.0;3.50;0.010
5642;11.0;30.0;3.50;0.020
5643;11.0;30.0;3.50;0.030
5644;11.0;30.0;3.50;0.040
5645;11.0;30.0;3.50;0.050
5646;11.0;30.0;3.50;0.060
5647;11.0;30.0;3.50;0.070
5648;11.0;30.0;3.50;0.080
5649;11.0;30.0;3.50;0.090
5650;11.0;30.0;3.50;0.100
5651;13.0;30.0;3.50;0.010
5652;13.0;30.0;3.50;0.020
5653;13.0;30.0;3.50;0.030
5654;13.0;30.0;3.50;0.040
5655;13.0;30.0;3.50;0.050
5656;13.0;30.0;3.50;0.060
5657;13.0;30.0;3.50;0.070
5658;13.0;30.0;3.50;0.080
5659;13.0;30.0;3.50;0.090
5660;13.0;30.0;3.50;0.100
5661;15.0;30.0;3.50;0.010
5662;15.0;30.0;3.50;0.020
5663;15.0;30.0;3.50;0.030
5664;15.0;30.0;3.50;0.040
5665;15.0;30.0;3.50;0.050
5666;15.0;30.0;3.50;0.060
5667;15.0;30.0;3.50;0.070
5668;15.0;30.0;3.50;0.080
5669;15.0;30.0;3.50;0.090
5670;15.0;30.0;3.50;0.100
5671;17.0;30.0;3.50;0.010
5672;17.0;30.0;3.50;0.020
5673;17.0;30.0;3.50;0.030
5674;17.0;30.0;3.50;0.040
5675;17.0;30.0;3.50;0.050
5676;17.0;30.0;3.50;0.060
5677;17.0;30.0;3.50;0.070
5678;17.0;30.0;3.50;0.080
5679;17.0;30.0;3.50;0.090
5680;17.0;30.0;3.50;0.100
5681;19.0;30.0;3.50;0.010
5682;19.0;30.0;3.50;0.020
5683;19.0;30.0;3.50;0.030
5684;19.0;30.0;3.50;0.040
5685;19.0;30.0;3.50;0.050
5686;19.0;30.0;3.50;0.060
5687;19.0;30.0;3.50;0.070
5688;19.0;30.0;3.50;0.080
5689;19.0;30.0;3.50;0.090
5690;19.0;30.0;3.50;0.100
5691;21.0;30.0;3.50;0.010
5692;21.0;30.0;3.50;0.020
5693;21.0;30.0;3.50;0.030
5694;21.0;30.0;3.50;0.040
5695;21.0;30.0;3.50;0.050
5696;21.0;30.0;3.50;0.060
5697;21.0;30.0;3.50;0.070
5698;21.0;30.0;3.50;0.080
5699;21.0;30.0;3.50;0.090
5700;21.0;30.0;3.50;0.100
5701;23.0;30.0;3.50;0.010
5702;23.0;30.0;3.50;0.020
5703;23.0;30.0;3.50;0.030
5704;23.0;30.0;3.50;0.040
5705;23.0;30.0;3.50;0.050
5706;23.0;30.0;3.50;0.060
5707;23.0;30.0;3.50;0.070
5708;23.0;30.0;3.50;0.080
5709;23.0;30.0;3.50;0.090
5710;23.0;30.0;3.50;0.100
5711;25.0;30.0;3.50;0.010
5712;25.0;30.0;3.50;0.020
5713;25.0;30.0;3.50;0.030
5714;25.0;30.0;3.50;0.040
5715;25.0;30.0;3.50;0.050
5716;25.0;30.0;3.50;0.060
5717;25.0;30.0;3.50;0.070
5718;25.0;30.0;3.50;0.080
5719;25.0;30.0;3.50;0.090
5720;25.0;30.0;3.50;0.100
5721;1.0;10.0;4.50;0.010
5722;1.0;10.0;4.50;0.020
5723;1.0;10.0;4.50;0.030
5724;1.0;10.0;4.50;0.040
5725;1.0;10.0;4.50;0.050
5726;1.0;10.0;4.50;0.060
5727;1.0;10.0;4.50;0.070
5728;1.0;10.0;4.50;0.080
5729;1.0;10.0;4.50;0.090
5730;1.0;10.0;4.50;0.100
5731;3.0;10.0;4.50;0.010
5732;3.0;10.0;4.50;0.020
5733;3.0;10.0;4.50;0.030
5734;3.0;10.0;4.50;0.040
5735;3.0;10.0;4.50;0.050
5736;3.0;10.0;4.50;0.060
5737;3.0;10.0;4.50;0.070
5738;3.0;10.0;4.50;0.080
5739;3.0;10.0;4.50;0.090
5740;3.0;10.0;4.50;0.100
5741;5.0;10.0;4.50;0.010
5742;5.0;10.0;4.50;0.020
5743;5.0;10.0;4.50;0.030
5744;5.0;10.0;4.50;0.040
5745;5.0;10.0;4.50;0.050
5746;5.0;10.0;4.50;0.060
5747;5.0;10.0;4.50;0.070
5748;5.0;10.0;4.50;0.080
5749;5.0;10.0;4.50;0.090
5750;5.0;10.0;4.50;0.100
5751;7.0;10.0;4.50;0.010
5752;7.0;10.0;4.50;0.020
5753;7.0;10.0;4.50;0.030
5754;7.0;10.0;4.50;0.040
5755;7.0;10.0;4.50;0.050
5756;7.0;10.0;4.50;0.060
5757;7.0;10.0;4.50;0.070
5758;7.0;10.0;4.50;0.080
5759;7.0;10.0;4.50;0.090
5760;7.0;10.0;4.50;0.100
5761;9.0;10.0;4.50;0.010
5762;9.0;10.0;4.50;0.020
5763;9.0;10.0;4.50;0.030
5764;9.0;10.0;4.50;0.040
5765;9.0;10.0;4.50;0.050
5766;9.0;10.0;4.50;0.060
5767;9.0;10.0;4.50;0.070
5768;9.0;10.0;4.50;0.080
5769;9.0;10.0;4.50;0.090
5770;9.0;10.0;4.50;0.100
5771;11.0;10.0;4.50;0.010
5772;11.0;10.0;4.50;0.020
5773;11.0;10.0;4.50;0.030
5774;11.0;10.0;4.50;0.040
5775;11.0;10.0;4.50;0.050
5776;11.0;10.0;4.50;0.060
5777;11.0;10.0;4.50;0.070
5778;11.0;10.0;4.50;0.080
5779;11.0;10.0;4.50;0.090
5780;11.0;10.0;4.50;0.100
5781;13.0;10.0;4.50;0.010
5782;13.0;10.0;4.50;0.020
5783;13.0;10.0;4.50;0.030
5784;13.0;10.0;4.50;0.040
5785;13.0;10.0;4.50;0.050
5786;13.0;10.0;4.50;0.060
5787;13.0;10.0;4.50;0.070
5788;13.0;10.0;4.50;0.080
5789;13.0;10.0;4.50;0.090
5790;13.0;10.0;4.50;0.100
5791;15.0;10.0;4.50;0.010
5792;15.0;10.0;4.50;0.020
5793;15.0;10.0;4.50;0.030
5794;15.0;10.0;4.50;0.040
5795;15.0;10.0;4.50;0.050
5796;15.0;10.0;4.50;0.060
5797;15.0;10.0;4.50;0.070
5798;15.0;10.0;4.50;0.080
5799;15.0;10.0;4.50;0.090
5800;15.0;10.0;4.50;0.100
5801;17.0;10.0;4.50;0.010
5802;17.0;10.0;4.50;0.020
5803;17.0;10.0;4.50;0.030
5804;17.0;10.0;4.50;0.040
5805;17.0;10.0;4.50;0.050
5806;17.0;10.0;4.50;0.060
5807;17.0;10.0;4.50;0.070
5808;17.0;10.0;4.50;0.080
5809;17.0;10.0;4.50;0.090
5810;17.0;10.0;4.50;0.100
5811;19.0;10.0;4.50;0.010
5812;19.0;10.0;4.50;0.020
5813;19.0;10.0;4.50;0.030
5814;19.0;10.0;4.50;0.040
5815;19.0;10.0;4.50;0.050
5816;19.0;10.0;4.50;0.060
5817;19.0;10.0;4.50;0.070
5818;19.0;10.0;4.50;0.080
5819;19.0;10.0;4.50;0.090
5820;19.0;10.0;4.50;0.100
5821;21.0;10.0;4.50;0.010
5822;21.0;10.0;4.50;0.020
5823;21.0;10.0;4.50;0.030
5824;21.0;10.0;4.50;0.040
5825;21.0;10.0;4.50;0.050
5826;21.0;10.0;4.50;0.060
5827;21.0;10.0;4.50;0.070
5828;21.0;10.0;4.50;0.080
5829;21.0;10.0;4.50;0.090
5830;21.0;10.0;4.50;0.100
5831;23.0;10.0;4.50;0.010
5832;23.0;10.0;4.50;0.020
5833;23.0;10.0;4.50;0.030
5834;23.0;10.0;4.50;0.040
5835;23.0;10.0;4.50;0.050
5836;23.0;10.0;4.50;0.060
5837;23.0;10.0;4.50;0.070
5838;23.0;10.0;4.50;0.080
5839;23.0;10.0;4.50;0.090
5840;23.0;10.0;4.50;0.100
5841;25.0;10.0;4.50;0.010
5842;25.0;10.0;4.50;0.020
5843;25.0;10.0;4.50;0.030
5844;25.0;10.0;4.50;0.040
5845;25.0;10.0;4.50;0.050
5846;25.0;10.0;4.50;0.060
5847;25.0;10.0;4.50;0.070
5848;25.0;10.0;4.50;0.080
5849;25.0;10.0;4.50;0.090
5850;25.0;10.0;4.50;0.100
5851;1.0;12.0;4.50;0.010
5852;1.0;12.0;4.50;0.020
5853;1.0;12.0;4.50;0.030
5854;1.0;12.0;4.50;0.040
5855;1.0;12.0;4.50;0.050
5856;1.0;12.0;4.50;0.060
5857;1.0;12.0;4.50;0.070
5858;1.0;12.0;4.50;0.080
5859;1.0;12.0;4.50;0.090
5860;1.0;12.0;4.50;0.100
5861;3.0;12.0;4.50;0.010
5862;3.0;12.0;4.50;0.020
5863;3.0;12.0;4.50;0.030
5864;3.0;12.0;4.50;0.040
5865;3.0;12.0;4.50;0.050
5866;3.0;12.0;4.50;0.060
5867;3.0;12.0;4.50;0.070
5868;3.0;12.0;4.50;0.080
5869;3.0;12.0;4.50;0.090
5870;3.0;12.0;4.50;0.100
5871;5.0;12.0;4.50;0.010
5872;5.0;12.0;4.50;0.020
5873;5.0;12.0;4.50;0.030
5874;5.0;12.0;4.50;0.040
5875;5.0;12.0;4.50;0.050
5876;5.0;12.0;4.50;0.060
5877;5.0;12.0;4.50;0.070
5878;5.0;12.0;4.50;0.080
5879;5.0;12.0;4.50;0.090
5880;5.0;12.0;4.50;0.100
5881;7.0;12.0;4.50;0.010
5882;7.0;12.0;4.50;0.020
5883;7.0;12.0;4.50;0.030
5884;7.0;12.0;4.50;0.040
5885;7.0;12.0;4.50;0.050
5886;7.0;12.0;4.50;0.060
5887;7.0;12.0;4.50;0.070
5888;7.0;12.0;4.50;0.080
5889;7.0;12.0;4.50;0.090
5890;7.0;12.0;4.50;0.100
5891;9.0;12.0;4.50;0.010
5892;9.0;12.0;4.50;0.020
5893;9.0;12.0;4.50;0.030
5894;9.0;12.0;4.50;0.040
5895;9.0;12.0;4.50;0.050
5896;9.0;12.0;4.50;0.060
5897;9.0;12.0;4.50;0.070
5898;9.0;12.0;4.50;0.080
5899;9.0;12.0;4.50;0.090
5900;9.0;12.0;4.50;0.100
5901;11.0;12.0;4.50;0.010
5902;11.0;12.0;4.50;0.020
5903;11.0;12.0;4.50;0.030
5904;11.0;12.0;4.50;0.040
5905;11.0;12.0;4.50;0.050
5906;11.0;12.0;4.50;0.060
5907;11.0;12.0;4.50;0.070
5908;11.0;12.0;4.50;0.080
5909;11.0;12.0;4.50;0.090
5910;11.0;12.0;4.50;0.100
5911;13.0;12.0;4.50;0.010
5912;13.0;12.0;4.50;0.020
5913;13.0;12.0;4.50;0.030
5914;13.0;12.0;4.50;0.040
5915;13.0;12.0;4.50;0.050
5916;13.0;12.0;4.50;0.060
5917;13.0;12.0;4.50;0.070
5918;13.0;12.0;4.50;0.080
5919;13.0;12.0;4.50;0.090
5920;13.0;12.0;4.50;0.100
5921;15.0;12.0;4.50;0.010
5922;15.0;12.0;4.50;0.020
5923;15.0;12.0;4.50;0.030
5924;15.0;12.0;4.50;0.040
5925;15.0;12.0;4.50;0.050
5926;15.0;12.0;4.50;0.060
5927;15.0;12.0;4.50;0.070
5928;15.0;12.0;4.50;0.080
5929;15.0;12.0;4.50;0.090
5930;15.0;12.0;4.50;0.100
5931;17.0;12.0;4.50;0.010
5932;17.0;12.0;4.50;0.020
5933;17.0;12.0;4.50;0.030
5934;17.0;12.0;4.50;0.040
5935;17.0;12.0;4.50;0.050
5936;17.0;12.0;4.50;0.060
5937;17.0;12.0;4.50;0.070
5938;17.0;12.0;4.50;0.080
5939;17.0;12.0;4.50;0.090
5940;17.0;12.0;4.50;0.100
5941;19.0;12.0;4.50;0.010
5942;19.0;12.0;4.50;0.020
5943;19.0;12.0;4.50;0.030
5944;19.0;12.0;4.50;0.040
5945;19.0;12.0;4.50;0.050
5946;19.0;12.0;4.50;0.060
5947;19.0;12.0;4.50;0.070
5948;19.0;12.0;4.50;0.080
5949;19.0;12.0;4.50;0.090
5950;19.0;12.0;4.50;0.100
5951;21.0;12.0;4.50;0.010
5952;21.0;12.0;4.50;0.020
5953;21.0;12.0;4.50;0.030
5954;21.0;12.0;4.50;0.040
5955;21.0;12.0;4.50;0.050
5956;21.0;12.0;4.50;0.060
5957;21.0;12.0;4.50;0.070
5958;21.0;12.0;4.50;0.080
5959;21.0;12.0;4.50;0.090
5960;21.0;12.0;4.50;0.100
5961;23.0;12.0;4.50;0.010
5962;23.0;12.0;4.50;0.020
5963;23.0;12.0;4.50;0.030
5964;23.0;12.0;4.50;0.040
5965;23.0;12.0;4.50;0.050
5966;23.0;12.0;4.50;0.060
5967;23.0;12.0;4.50;0.070
5968;23.0;12.0;4.50;0.080
5969;23.0;12.0;4.50;0.090
5970;23.0;12.0;4.50;0.100
5971;25.0;12.0;4.50;0.010
5972;25.0;12.0;4.50;0.020
5973;25.0;12.0;4.50;0.030
5974;25.0;12.0;4.50;0.040
5975;25.0;12.0;4.50;0.050
5976;25.0;12.0;4.50;0.060
5977;25.0;12.0;4.50;0.070
5978;25.0;12.0;4.50;0.080
5979;25.0;12.0;4.50;0.090
5980;25.0;12.0;4.50;0.100
5981;1.0;14.0;4.50;0.010
5982;1.0;14.0;4.50;0.020
5983;1.0;14.0;4.50;0.030
5984;1.0;14.0;4.50;0.040
5985;1.0;14.0;4.50;0.050
5986;1.0;14.0;4.50;0.060
5987;1.0;14.0;4.50;0.070
5988;1.0;14.0;4.50;0.080
5989;1.0;14.0;4.50;0.090
5990;1.0;14.0;4.50;0.100
5991;3.0;14.0;4.50;0.010
5992;3.0;14.0;4.50;0.020
5993;3.0;14.0;4.50;0.030
5994;3.0;14.0;4.50;0.040
5995;3.0;14.0;4.50;0.050
5996;3.0;14.0;4.50;0.060
5997;3.0;14.0;4.50;0.070
5998;3.0;14.0;4.50;0.080
5999;3.0;14.0;4.50;0.090
6000;3.0;14.0;4.50;0.100
6001;5.0;14.0;4.50;0.010
6002;5.0;14.0;4.50;0.020
6003;5.0;14.0;4.50;0.030
6004;5.0;14.0;4.50;0.040
6005;5.0;14.0;4.50;0.050
6006;5.0;14.0;4.50;0.060
6007;5.0;14.0;4.50;0.070
6008;5.0;14.0;4.50;0.080
6009;5.0;14.0;4.50;0.090
6010;5.0;14.0;4.50;0.100
6011;7.0;14.0;4.50;0.010
6012;7.0;14.0;4.50;0.020
6013;7.0;14.0;4.50;0.030
6014;7.0;14.0;4.50;0.040
6015;7.0;14.0;4.50;0.050
6016;7.0;14.0;4.50;0.060
6017;7.0;14.0;4.50;0.070
6018;7.0;14.0;4.50;0.080
6019;7.0;14.0;4.50;0.090
6020;7.0;14.0;4.50;0.100
6021;9.0;14.0;4.50;0.010
6022;9.0;14.0;4.50;0.020
6023;9.0;14.0;4.50;0.030
6024;9.0;14.0;4.50;0.040
6025;9.0;14.0;4.50;0.050
6026;9.0;14.0;4.50;0.060
6027;9.0;14.0;4.50;0.070
6028;9.0;14.0;4.50;0.080
6029;9.0;14.0;4.50;0.090
6030;9.0;14.0;4.50;0.100
6031;11.0;14.0;4.50;0.010
6032;11.0;14.0;4.50;0.020
6033;11.0;14.0;4.50;0.030
6034;11.0;14.0;4.50;0.040
6035;11.0;14.0;4.50;0.050
6036;11.0;14.0;4.50;0.060
6037;11.0;14.0;4.50;0.070
6038;11.0;14.0;4.50;0.080
6039;11.0;14.0;4.50;0.090
6040;11.0;14.0;4.50;0.100
6041;13.0;14.0;4.50;0.010
6042;13.0;14.0;4.50;0.020
6043;13.0;14.0;4.50;0.030
6044;13.0;14.0;4.50;0.040
6045;13.0;14.0;4.50;0.050
6046;13.0;14.0;4.50;0.060
6047;13.0;14.0;4.50;0.070
6048;13.0;14.0;4.50;0.080
6049;13.0;14.0;4.50;0.090
6050;13.0;14.0;4.50;0.100
6051;15.0;14.0;4.50;0.010
6052;15.0;14.0;4.50;0.020
6053;15.0;14.0;4.50;0.030
6054;15.0;14.0;4.50;0.040
6055;15.0;14.0;4.50;0.050
6056;15.0;14.0;4.50;0.060
6057;15.0;14.0;4.50;0.070
6058;15.0;14.0;4.50;0.080
6059;15.0;14.0;4.50;0.090
6060;15.0;14.0;4.50;0.100
6061;17.0;14.0;4.50;0.010
6062;17.0;14.0;4.50;0.020
6063;17.0;14.0;4.50;0.030
6064;17.0;14.0;4.50;0.040
6065;17.0;14.0;4.50;0.050
6066;17.0;14.0;4.50;0.060
6067;17.0;14.0;4.50;0.070
6068;17.0;14.0;4.50;0.080
6069;17.0;14.0;4.50;0.090
6070;17.0;14.0;4.50;0.100
6071;19.0;14.0;4.50;0.010
6072;19.0;14.0;4.50;0.020
6073;19.0;14.0;4.50;0.030
6074;19.0;14.0;4.50;0.040
6075;19.0;14.0;4.50;0.050
6076;19.0;14.0;4.50;0.060
6077;19.0;14.0;4.50;0.070
6078;19.0;14.0;4.50;0.080
6079;19.0;14.0;4.50;0.090
6080;19.0;14.0;4.50;0.100
6081;21.0;14.0;4.50;0.010
6082;21.0;14.0;4.50;0.020
6083;21.0;14.0;4.50;0.030
6084;21.0;14.0;4.50;0.040
6085;21.0;14.0;4.50;0.050
6086;21.0;14.0;4.50;0.060
6087;21.0;14.0;4.50;0.070
6088;21.0;14.0;4.50;0.080
6089;21.0;14.0;4.50;0.090
6090;21.0;14.0;4.50;0.100
6091;23.0;14.0;4.50;0.010
6092;23.0;14.0;4.50;0.020
6093;23.0;14.0;4.50;0.030
6094;23.0;14.0;4.50;0.040
6095;23.0;14.0;4.50;0.050
6096;23.0;14.0;4.50;0.060
6097;23.0;14.0;4.50;0.070
6098;23.0;14.0;4.50;0.080
6099;23.0;14.0;4.50;0.090
6100;23.0;14.0;4.50;0.100
6101;25.0;14.0;4.50;0.010
6102;25.0;14.0;4.50;0.020
6103;25.0;14.0;4.50;0.030
6104;25.0;14.0;4.50;0.040
6105;25.0;14.0;4.50;0.050
6106;25.0;14.0;4.50;0.060
6107;25.0;14.0;4.50;0.070
6108;25.0;14.0;4.50;0.080
6109;25.0;14.0;4.50;0.090
6110;25.0;14.0;4.50;0.100
6111;1.0;16.0;4.50;0.010
6112;1.0;16.0;4.50;0.020
6113;1.0;16.0;4.50;0.030
6114;1.0;16.0;4.50;0.040
6115;1.0;16.0;4.50;0.050
6116;1.0;16.0;4.50;0.060
6117;1.0;16.0;4.50;0.070
6118;1.0;16.0;4.50;0.080
6119;1.0;16.0;4.50;0.090
6120;1.0;16.0;4.50;0.100
6121;3.0;16.0;4.50;0.010
6122;3.0;16.0;4.50;0.020
6123;3.0;16.0;4.50;0.030
6124;3.0;16.0;4.50;0.040
6125;3.0;16.0;4.50;0.050
6126;3.0;16.0;4.50;0.060
6127;3.0;16.0;4.50;0.070
6128;3.0;16.0;4.50;0.080
6129;3.0;16.0;4.50;0.090
6130;3.0;16.0;4.50;0.100
6131;5.0;16.0;4.50;0.010
6132;5.0;16.0;4.50;0.020
6133;5.0;16.0;4.50;0.030
6134;5.0;16.0;4.50;0.040
6135;5.0;16.0;4.50;0.050
6136;5.0;16.0;4.50;0.060
6137;5.0;16.0;4.50;0.070
6138;5.0;16.0;4.50;0.080
6139;5.0;16.0;4.50;0.090
6140;5.0;16.0;4.50;0.100
6141;7.0;16.0;4.50;0.010
6142;7.0;16.0;4.50;0.020
6143;7.0;16.0;4.50;0.030
6144;7.0;16.0;4.50;0.040
6145;7.0;16.0;4.50;0.050
6146;7.0;16.0;4.50;0.060
6147;7.0;16.0;4.50;0.070
6148;7.0;16.0;4.50;0.080
6149;7.0;16.0;4.50;0.090
6150;7.0;16.0;4.50;0.100
6151;9.0;16.0;4.50;0.010
6152;9.0;16.0;4.50;0.020
6153;9.0;16.0;4.50;0.030
6154;9.0;16.0;4.50;0.040
6155;9.0;16.0;4.50;0.050
6156;9.0;16.0;4.50;0.060
6157;9.0;16.0;4.50;0.070
6158;9.0;16.0;4.50;0.080
6159;9.0;16.0;4.50;0.090
6160;9.0;16.0;4.50;0.100
6161;11.0;16.0;4.50;0.010
6162;11.0;16.0;4.50;0.020
6163;11.0;16.0;4.50;0.030
6164;11.0;16.0;4.50;0.040
6165;11.0;16.0;4.50;0.050
6166;11.0;16.0;4.50;0.060
6167;11.0;16.0;4.50;0.070
6168;11.0;16.0;4.50;0.080
6169;11.0;16.0;4.50;0.090
6170;11.0;16.0;4.50;0.100
6171;13.0;16.0;4.50;0.010
6172;13.0;16.0;4.50;0.020
6173;13.0;16.0;4.50;0.030
6174;13.0;16.0;4.50;0.040
6175;13.0;16.0;4.50;0.050
6176;13.0;16.0;4.50;0.060
6177;13.0;16.0;4.50;0.070
6178;13.0;16.0;4.50;0.080
6179;13.0;16.0;4.50;0.090
6180;13.0;16.0;4.50;0.100
6181;15.0;16.0;4.50;0.010
6182;15.0;16.0;4.50;0.020
6183;15.0;16.0;4.50;0.030
6184;15.0;16.0;4.50;0.040
6185;15.0;16.0;4.50;0.050
6186;15.0;16.0;4.50;0.060
6187;15.0;16.0;4.50;0.070
6188;15.0;16.0;4.50;0.080
6189;15.0;16.0;4.50;0.090
6190;15.0;16.0;4.50;0.100
6191;17.0;16.0;4.50;0.010
6192;17.0;16.0;4.50;0.020
6193;17.0;16.0;4.50;0.030
6194;17.0;16.0;4.50;0.040
6195;17.0;16.0;4.50;0.050
6196;17.0;16.0;4.50;0.060
6197;17.0;16.0;4.50;0.070
6198;17.0;16.0;4.50;0.080
6199;17.0;16.0;4.50;0.090
6200;17.0;16.0;4.50;0.100
6201;19.0;16.0;4.50;0.010
6202;19.0;16.0;4.50;0.020
6203;19.0;16.0;4.50;0.030
6204;19.0;16.0;4.50;0.040
6205;19.0;16.0;4.50;0.050
6206;19.0;16.0;4.50;0.060
6207;19.0;16.0;4.50;0.070
6208;19.0;16.0;4.50;0.080
6209;19.0;16.0;4.50;0.090
6210;19.0;16.0;4.50;0.100
6211;21.0;16.0;4.50;0.010
6212;21.0;16.0;4.50;0.020
6213;21.0;16.0;4.50;0.030
6214;21.0;16.0;4.50;0.040
6215;21.0;16.0;4.50;0.050
6216;21.0;16.0;4.50;0.060
6217;21.0;16.0;4.50;0.070
6218;21.0;16.0;4.50;0.080
6219;21.0;16.0;4.50;0.090
6220;21.0;16.0;4.50;0.100
6221;23.0;16.0;4.50;0.010
6222;23.0;16.0;4.50;0.020
6223;23.0;16.0;4.50;0.030
6224;23.0;16.0;4.50;0.040
6225;23.0;16.0;4.50;0.050
6226;23.0;16.0;4.50;0.060
6227;23.0;16.0;4.50;0.070
6228;23.0;16.0;4.50;0.080
6229;23.0;16.0;4.50;0.090
6230;23.0;16.0;4.50;0.100
6231;25.0;16.0;4.50;0.010
6232;25.0;16.0;4.50;0.020
6233;25.0;16.0;4.50;0.030
6234;25.0;16.0;4.50;0.040
6235;25.0;16.0;4.50;0.050
6236;25.0;16.0;4.50;0.060
6237;25.0;16.0;4.50;0.070
6238;25.0;16.0;4.50;0.080
6239;25.0;16.0;4.50;0.090
6240;25.0;16.0;4.50;0.100
6241;1.0;18.0;4.50;0.010
6242;1.0;18.0;4.50;0.020
6243;1.0;18.0;4.50;0.030
6244;1.0;18.0;4.50;0.040
6245;1.0;18.0;4.50;0.050
6246;1.0;18.0;4.50;0.060
6247;1.0;18.0;4.50;0.070
6248;1.0;18.0;4.50;0.080
6249;1.0;18.0;4.50;0.090
6250;1.0;18.0;4.50;0.100
6251;3.0;18.0;4.50;0.010
6252;3.0;18.0;4.50;0.020
6253;3.0;18.0;4.50;0.030
6254;3.0;18.0;4.50;0.040
6255;3.0;18.0;4.50;0.050
6256;3.0;18.0;4.50;0.060
6257;3.0;18.0;4.50;0.070
6258;3.0;18.0;4.50;0.080
6259;3.0;18.0;4.50;0.090
6260;3.0;18.0;4.50;0.100
6261;5.0;18.0;4.50;0.010
6262;5.0;18.0;4.50;0.020
6263;5.0;18.0;4.50;0.030
6264;5.0;18.0;4.50;0.040
6265;5.0;18.0;4.50;0.050
6266;5.0;18.0;4.50;0.060
6267;5.0;18.0;4.50;0.070
6268;5.0;18.0;4.50;0.080
6269;5.0;18.0;4.50;0.090
6270;5.0;18.0;4.50;0.100
6271;7.0;18.0;4.50;0.010
6272;7.0;18.0;4.50;0.020
6273;7.0;18.0;4.50;0.030
6274;7.0;18.0;4.50;0.040
6275;7.0;18.0;4.50;0.050
6276;7.0;18.0;4.50;0.060
6277;7.0;18.0;4.50;0.070
6278;7.0;18.0;4.50;0.080
6279;7.0;18.0;4.50;0.090
6280;7.0;18.0;4.50;0.100
6281;9.0;18.0;4.50;0.010
6282;9.0;18.0;4.50;0.020
6283;9.0;18.0;4.50;0.030
6284;9.0;18.0;4.50;0.040
6285;9.0;18.0;4.50;0.050
6286;9.0;18.0;4.50;0.060
6287;9.0;18.0;4.50;0.070
6288;9.0;18.0;4.50;0.080
6289;9.0;18.0;4.50;0.090
6290;9.0;18.0;4.50;0.100
6291;11.0;18.0;4.50;0.010
6292;11.0;18.0;4.50;0.020
6293;11.0;18.0;4.50;0.030
6294;11.0;18.0;4.50;0.040
6295;11.0;18.0;4.50;0.050
6296;11.0;18.0;4.50;0.060
6297;11.0;18.0;4.50;0.070
6298;11.0;18.0;4.50;0.080
6299;11.0;18.0;4.50;0.090
6300;11.0;18.0;4.50;0.100
6301;13.0;18.0;4.50;0.010
6302;13.0;18.0;4.50;0.020
6303;13.0;18.0;4.50;0.030
6304;13.0;18.0;4.50;0.040
6305;13.0;18.0;4.50;0.050
6306;13.0;18.0;4.50;0.060
6307;13.0;18.0;4.50;0.070
6308;13.0;18.0;4.50;0.080
6309;13.0;18.0;4.50;0.090
6310;13.0;18.0;4.50;0.100
6311;15.0;18.0;4.50;0.010
6312;15.0;18.0;4.50;0.020
6313;15.0;18.0;4.50;0.030
6314;15.0;18.0;4.50;0.040
6315;15.0;18.0;4.50;0.050
6316;15.0;18.0;4.50;0.060
6317;15.0;18.0;4.50;0.070
6318;15.0;18.0;4.50;0.080
6319;15.0;18.0;4.50;0.090
6320;15.0;18.0;4.50;0.100
6321;17.0;18.0;4.50;0.010
6322;17.0;18.0;4.50;0.020
6323;17.0;18.0;4.50;0.030
6324;17.0;18.0;4.50;0.040
6325;17.0;18.0;4.50;0.050
6326;17.0;18.0;4.50;0.060
6327;17.0;18.0;4.50;0.070
6328;17.0;18.0;4.50;0.080
6329;17.0;18.0;4.50;0.090
6330;17.0;18.0;4.50;0.100
6331;19.0;18.0;4.50;0.010
6332;19.0;18.0;4.50;0.020
6333;19.0;18.0;4.50;0.030
6334;19.0;18.0;4.50;0.040
6335;19.0;18.0;4.50;0.050
6336;19.0;18.0;4.50;0.060
6337;19.0;18.0;4.50;0.070
6338;19.0;18.0;4.50;0.080
6339;19.0;18.0;4.50;0.090
6340;19.0;18.0;4.50;0.100
6341;21.0;18.0;4.50;0.010
6342;21.0;18.0;4.50;0.020
6343;21.0;18.0;4.50;0.030
6344;21.0;18.0;4.50;0.040
6345;21.0;18.0;4.50;0.050
6346;21.0;18.0;4.50;0.060
6347;21.0;18.0;4.50;0.070
6348;21.0;18.0;4.50;0.080
6349;21.0;18.0;4.50;0.090
6350;21.0;18.0;4.50;0.100
6351;23.0;18.0;4.50;0.010
6352;23.0;18.0;4.50;0.020
6353;23.0;18.0;4.50;0.030
6354;23.0;18.0;4.50;0.040
6355;23.0;18.0;4.50;0.050
6356;23.0;18.0;4.50;0.060
6357;23.0;18.0;4.50;0.070
6358;23.0;18.0;4.50;0.080
6359;23.0;18.0;4.50;0.090
6360;23.0;18.0;4.50;0.100
6361;25.0;18.0;4.50;0.010
6362;25.0;18.0;4.50;0.020
6363;25.0;18.0;4.50;0.030
6364;25.0;18.0;4.50;0.040
6365;25.0;18.0;4.50;0.050
6366;25.0;18.0;4.50;0.060
6367;25.0;18.0;4.50;0.070
6368;25.0;18.0;4.50;0.080
6369;25.0;18.0;4.50;0.090
6370;25.0;18.0;4.50;0.100
6371;1.0;20.0;4.50;0.010
6372;1.0;20.0;4.50;0.020
6373;1.0;20.0;4.50;0.030
6374;1.0;20.0;4.50;0.040
6375;1.0;20.0;4.50;0.050
6376;1.0;20.0;4.50;0.060
6377;1.0;20.0;4.50;0.070
6378;1.0;20.0;4.50;0.080
6379;1.0;20.0;4.50;0.090
6380;1.0;20.0;4.50;0.100
6381;3.0;20.0;4.50;0.010
6382;3.0;20.0;4.50;0.020
6383;3.0;20.0;4.50;0.030
6384;3.0;20.0;4.50;0.040
6385;3.0;20.0;4.50;0.050
6386;3.0;20.0;4.50;0.060
6387;3.0;20.0;4.50;0.070
6388;3.0;20.0;4.50;0.080
6389;3.0;20.0;4.50;0.090
6390;3.0;20.0;4.50;0.100
6391;5.0;20.0;4.50;0.010
6392;5.0;20.0;4.50;0.020
6393;5.0;20.0;4.50;0.030
6394;5.0;20.0;4.50;0.040
6395;5.0;20.0;4.50;0.050
6396;5.0;20.0;4.50;0.060
6397;5.0;20.0;4.50;0.070
6398;5.0;20.0;4.50;0.080
6399;5.0;20.0;4.50;0.090
6400;5.0;20.0;4.50;0.100
6401;7.0;20.0;4.50;0.010
6402;7.0;20.0;4.50;0.020
6403;7.0;20.0;4.50;0.030
6404;7.0;20.0;4.50;0.040
6405;7.0;20.0;4.50;0.050
6406;7.0;20.0;4.50;0.060
6407;7.0;20.0;4.50;0.070
6408;7.0;20.0;4.50;0.080
6409;7.0;20.0;4.50;0.090
6410;7.0;20.0;4.50;0.100
6411;9.0;20.0;4.50;0.010
6412;9.0;20.0;4.50;0.020
6413;9.0;20.0;4.50;0.030
6414;9.0;20.0;4.50;0.040
6415;9.0;20.0;4.50;0.050
6416;9.0;20.0;4.50;0.060
6417;9.0;20.0;4.50;0.070
6418;9.0;20.0;4.50;0.080
6419;9.0;20.0;4.50;0.090
6420;9.0;20.0;4.50;0.100
6421;11.0;20.0;4.50;0.010
6422;11.0;20.0;4.50;0.020
6423;11.0;20.0;4.50;0.030
6424;11.0;20.0;4.50;0.040
6425;11.0;20.0;4.50;0.050
6426;11.0;20.0;4.50;0.060
6427;11.0;20.0;4.50;0.070
6428;11.0;20.0;4.50;0.080
6429;11.0;20.0;4.50;0.090
6430;11.0;20.0;4.50;0.100
6431;13.0;20.0;4.50;0.010
6432;13.0;20.0;4.50;0.020
6433;13.0;20.0;4.50;0.030
6434;13.0;20.0;4.50;0.040
6435;13.0;20.0;4.50;0.050
6436;13.0;20.0;4.50;0.060
6437;13.0;20.0;4.50;0.070
6438;13.0;20.0;4.50;0.080
6439;13.0;20.0;4.50;0.090
6440;13.0;20.0;4.50;0.100
6441;15.0;20.0;4.50;0.010
6442;15.0;20.0;4.50;0.020
6443;15.0;20.0;4.50;0.030
6444;15.0;20.0;4.50;0.040
6445;15.0;20.0;4.50;0.050
6446;15.0;20.0;4.50;0.060
6447;15.0;20.0;4.50;0.070
6448;15.0;20.0;4.50;0.080
6449;15.0;20.0;4.50;0.090
6450;15.0;20.0;4.50;0.100
6451;17.0;20.0;4.50;0.010
6452;17.0;20.0;4.50;0.020
6453;17.0;20.0;4.50;0.030
6454;17.0;20.0;4.50;0.040
6455;17.0;20.0;4.50;0.050
6456;17.0;20.0;4.50;0.060
6457;17.0;20.0;4.50;0.070
6458;17.0;20.0;4.50;0.080
6459;17.0;20.0;4.50;0.090
6460;17.0;20.0;4.50;0.100
6461;19.0;20.0;4.50;0.010
6462;19.0;20.0;4.50;0.020
6463;19.0;20.0;4.50;0.030
6464;19.0;20.0;4.50;0.040
6465;19.0;20.0;4.50;0.050
6466;19.0;20.0;4.50;0.060
6467;19.0;20.0;4.50;0.070
6468;19.0;20.0;4.50;0.080
6469;19.0;20.0;4.50;0.090
6470;19.0;20.0;4.50;0.100
6471;21.0;20.0;4.50;0.010
6472;21.0;20.0;4.50;0.020
6473;21.0;20.0;4.50;0.030
6474;21.0;20.0;4.50;0.040
6475;21.0;20.0;4.50;0.050
6476;21.0;20.0;4.50;0.060
6477;21.0;20.0;4.50;0.070
6478;21.0;20.0;4.50;0.080
6479;21.0;20.0;4.50;0.090
6480;21.0;20.0;4.50;0.100
6481;23.0;20.0;4.50;0.010
6482;23.0;20.0;4.50;0.020
6483;23.0;20.0;4.50;0.030
6484;23.0;20.0;4.50;0.040
6485;23.0;20.0;4.50;0.050
6486;23.0;20.0;4.50;0.060
6487;23.0;20.0;4.50;0.070
6488;23.0;20.0;4.50;0.080
6489;23.0;20.0;4.50;0.090
6490;23.0;20.0;4.50;0.100
6491;25.0;20.0;4.50;0.010
6492;25.0;20.0;4.50;0.020
6493;25.0;20.0;4.50;0.030
6494;25.0;20.0;4.50;0.040
6495;25.0;20.0;4.50;0.050
6496;25.0;20.0;4.50;0.060
6497;25.0;20.0;4.50;0.070
6498;25.0;20.0;4.50;0.080
6499;25.0;20.0;4.50;0.090
6500;25.0;20.0;4.50;0.100
6501;1.0;22.0;4.50;0.010
6502;1.0;22.0;4.50;0.020
6503;1.0;22.0;4.50;0.030
6504;1.0;22.0;4.50;0.040
6505;1.0;22.0;4.50;0.050
6506;1.0;22.0;4.50;0.060
6507;1.0;22.0;4.50;0.070
6508;1.0;22.0;4.50;0.080
6509;1.0;22.0;4.50;0.090
6510;1.0;22.0;4.50;0.100
6511;3.0;22.0;4.50;0.010
6512;3.0;22.0;4.50;0.020
6513;3.0;22.0;4.50;0.030
6514;3.0;22.0;4.50;0.040
6515;3.0;22.0;4.50;0.050
6516;3.0;22.0;4.50;0.060
6517;3.0;22.0;4.50;0.070
6518;3.0;22.0;4.50;0.080
6519;3.0;22.0;4.50;0.090
6520;3.0;22.0;4.50;0.100
6521;5.0;22.0;4.50;0.010
6522;5.0;22.0;4.50;0.020
6523;5.0;22.0;4.50;0.030
6524;5.0;22.0;4.50;0.040
6525;5.0;22.0;4.50;0.050
6526;5.0;22.0;4.50;0.060
6527;5.0;22.0;4.50;0.070
6528;5.0;22.0;4.50;0.080
6529;5.0;22.0;4.50;0.090
6530;5.0;22.0;4.50;0.100
6531;7.0;22.0;4.50;0.010
6532;7.0;22.0;4.50;0.020
6533;7.0;22.0;4.50;0.030
6534;7.0;22.0;4.50;0.040
6535;7.0;22.0;4.50;0.050
6536;7.0;22.0;4.50;0.060
6537;7.0;22.0;4.50;0.070
6538;7.0;22.0;4.50;0.080
6539;7.0;22.0;4.50;0.090
6540;7.0;22.0;4.50;0.100
6541;9.0;22.0;4.50;0.010
6542;9.0;22.0;4.50;0.020
6543;9.0;22.0;4.50;0.030
6544;9.0;22.0;4.50;0.040
6545;9.0;22.0;4.50;0.050
6546;9.0;22.0;4.50;0.060
6547;9.0;22.0;4.50;0.070
6548;9.0;22.0;4.50;0.080
6549;9.0;22.0;4.50;0.090
6550;9.0;22.0;4.50;0.100
6551;11.0;22.0;4.50;0.010
6552;11.0;22.0;4.50;0.020
6553;11.0;22.0;4.50;0.030
6554;11.0;22.0;4.50;0.040
6555;11.0;22.0;4.50;0.050
6556;11.0;22.0;4.50;0.060
6557;11.0;22.0;4.50;0.070
6558;11.0;22.0;4.50;0.080
6559;11.0;22.0;4.50;0.090
6560;11.0;22.0;4.50;0.100
6561;13.0;22.0;4.50;0.010
6562;13.0;22.0;4.50;0.020
6563;13.0;22.0;4.50;0.030
6564;13.0;22.0;4.50;0.040
6565;13.0;22.0;4.50;0.050
6566;13.0;22.0;4.50;0.060
6567;13.0;22.0;4.50;0.070
6568;13.0;22.0;4.50;0.080
6569;13.0;22.0;4.50;0.090
6570;13.0;22.0;4.50;0.100
6571;15.0;22.0;4.50;0.010
6572;15.0;22.0;4.50;0.020
6573;15.0;22.0;4.50;0.030
6574;15.0;22.0;4.50;0.040
6575;15.0;22.0;4.50;0.050
6576;15.0;22.0;4.50;0.060
6577;15.0;22.0;4.50;0.070
6578;15.0;22.0;4.50;0.080
6579;15.0;22.0;4.50;0.090
6580;15.0;22.0;4.50;0.100
6581;17.0;22.0;4.50;0.010
6582;17.0;22.0;4.50;0.020
6583;17.0;22.0;4.50;0.030
6584;17.0;22.0;4.50;0.040
6585;17.0;22.0;4.50;0.050
6586;17.0;22.0;4.50;0.060
6587;17.0;22.0;4.50;0.070
6588;17.0;22.0;4.50;0.080
6589;17.0;22.0;4.50;0.090
6590;17.0;22.0;4.50;0.100
6591;19.0;22.0;4.50;0.010
6592;19.0;22.0;4.50;0.020
6593;19.0;22.0;4.50;0.030
6594;19.0;22.0;4.50;0.040
6595;19.0;22.0;4.50;0.050
6596;19.0;22.0;4.50;0.060
6597;19.0;22.0;4.50;0.070
6598;19.0;22.0;4.50;0.080
6599;19.0;22.0;4.50;0.090
6600;19.0;22.0;4.50;0.100
6601;21.0;22.0;4.50;0.010
6602;21.0;22.0;4.50;0.020
6603;21.0;22.0;4.50;0.030
6604;21.0;22.0;4.50;0.040
6605;21.0;22.0;4.50;0.050
6606;21.0;22.0;4.50;0.060
6607;21.0;22.0;4.50;0.070
6608;21.0;22.0;4.50;0.080
6609;21.0;22.0;4.50;0.090
6610;21.0;22.0;4.50;0.100
6611;23.0;22.0;4.50;0.010
6612;23.0;22.0;4.50;0.020
6613;23.0;22.0;4.50;0.030
6614;23.0;22.0;4.50;0.040
6615;23.0;22.0;4.50;0.050
6616;23.0;22.0;4.50;0.060
6617;23.0;22.0;4.50;0.070
6618;23.0;22.0;4.50;0.080
6619;23.0;22.0;4.50;0.090
6620;23.0;22.0;4.50;0.100
6621;25.0;22.0;4.50;0.010
6622;25.0;22.0;4.50;0.020
6623;25.0;22.0;4.50;0.030
6624;25.0;22.0;4.50;0.040
6625;25.0;22.0;4.50;0.050
6626;25.0;22.0;4.50;0.060
6627;25.0;22.0;4.50;0.070
6628;25.0;22.0;4.50;0.080
6629;25.0;22.0;4.50;0.090
6630;25.0;22.0;4.50;0.100
6631;1.0;24.0;4.50;0.010
6632;1.0;24.0;4.50;0.020
6633;1.0;24.0;4.50;0.030
6634;1.0;24.0;4.50;0.040
6635;1.0;24.0;4.50;0.050
6636;1.0;24.0;4.50;0.060
6637;1.0;24.0;4.50;0.070
6638;1.0;24.0;4.50;0.080
6639;1.0;24.0;4.50;0.090
6640;1.0;24.0;4.50;0.100
6641;3.0;24.0;4.50;0.010
6642;3.0;24.0;4.50;0.020
6643;3.0;24.0;4.50;0.030
6644;3.0;24.0;4.50;0.040
6645;3.0;24.0;4.50;0.050
6646;3.0;24.0;4.50;0.060
6647;3.0;24.0;4.50;0.070
6648;3.0;24.0;4.50;0.080
6649;3.0;24.0;4.50;0.090
6650;3.0;24.0;4.50;0.100
6651;5.0;24.0;4.50;0.010
6652;5.0;24.0;4.50;0.020
6653;5.0;24.0;4.50;0.030
6654;5.0;24.0;4.50;0.040
6655;5.0;24.0;4.50;0.050
6656;5.0;24.0;4.50;0.060
6657;5.0;24.0;4.50;0.070
6658;5.0;24.0;4.50;0.080
6659;5.0;24.0;4.50;0.090
6660;5.0;24.0;4.50;0.100
6661;7.0;24.0;4.50;0.010
6662;7.0;24.0;4.50;0.020
6663;7.0;24.0;4.50;0.030
6664;7.0;24.0;4.50;0.040
6665;7.0;24.0;4.50;0.050
6666;7.0;24.0;4.50;0.060
6667;7.0;24.0;4.50;0.070
6668;7.0;24.0;4.50;0.080
6669;7.0;24.0;4.50;0.090
6670;7.0;24.0;4.50;0.100
6671;9.0;24.0;4.50;0.010
6672;9.0;24.0;4.50;0.020
6673;9.0;24.0;4.50;0.030
6674;9.0;24.0;4.50;0.040
6675;9.0;24.0;4.50;0.050
6676;9.0;24.0;4.50;0.060
6677;9.0;24.0;4.50;0.070
6678;9.0;24.0;4.50;0.080
6679;9.0;24.0;4.50;0.090
6680;9.0;24.0;4.50;0.100
6681;11.0;24.0;4.50;0.010
6682;11.0;24.0;4.50;0.020
6683;11.0;24.0;4.50;0.030
6684;11.0;24.0;4.50;0.040
6685;11.0;24.0;4.50;0.050
6686;11.0;24.0;4.50;0.060
6687;11.0;24.0;4.50;0.070
6688;11.0;24.0;4.50;0.080
6689;11.0;24.0;4.50;0.090
6690;11.0;24.0;4.50;0.100
6691;13.0;24.0;4.50;0.010
6692;13.0;24.0;4.50;0.020
6693;13.0;24.0;4.50;0.030
6694;13.0;24.0;4.50;0.040
6695;13.0;24.0;4.50;0.050
6696;13.0;24.0;4.50;0.060
6697;13.0;24.0;4.50;0.070
6698;13.0;24.0;4.50;0.080
6699;13.0;24.0;4.50;0.090
6700;13.0;24.0;4.50;0.100
6701;15.0;24.0;4.50;0.010
6702;15.0;24.0;4.50;0.020
6703;15.0;24.0;4.50;0.030
6704;15.0;24.0;4.50;0.040
6705;15.0;24.0;4.50;0.050
6706;15.0;24.0;4.50;0.060
6707;15.0;24.0;4.50;0.070
6708;15.0;24.0;4.50;0.080
6709;15.0;24.0;4.50;0.090
6710;15.0;24.0;4.50;0.100
6711;17.0;24.0;4.50;0.010
6712;17.0;24.0;4.50;0.020
6713;17.0;24.0;4.50;0.030
6714;17.0;24.0;4.50;0.040
6715;17.0;24.0;4.50;0.050
6716;17.0;24.0;4.50;0.060
6717;17.0;24.0;4.50;0.070
6718;17.0;24.0;4.50;0.080
6719;17.0;24.0;4.50;0.090
6720;17.0;24.0;4.50;0.100
6721;19.0;24.0;4.50;0.010
6722;19.0;24.0;4.50;0.020
6723;19.0;24.0;4.50;0.030
6724;19.0;24.0;4.50;0.040
6725;19.0;24.0;4.50;0.050
6726;19.0;24.0;4.50;0.060
6727;19.0;24.0;4.50;0.070
6728;19.0;24.0;4.50;0.080
6729;19.0;24.0;4.50;0.090
6730;19.0;24.0;4.50;0.100
6731;21.0;24.0;4.50;0.010
6732;21.0;24.0;4.50;0.020
6733;21.0;24.0;4.50;0.030
6734;21.0;24.0;4.50;0.040
6735;21.0;24.0;4.50;0.050
6736;21.0;24.0;4.50;0.060
6737;21.0;24.0;4.50;0.070
6738;21.0;24.0;4.50;0.080
6739;21.0;24.0;4.50;0.090
6740;21.0;24.0;4.50;0.100
6741;23.0;24.0;4.50;0.010
6742;23.0;24.0;4.50;0.020
6743;23.0;24.0;4.50;0.030
6744;23.0;24.0;4.50;0.040
6745;23.0;24.0;4.50;0.050
6746;23.0;24.0;4.50;0.060
6747;23.0;24.0;4.50;0.070
6748;23.0;24.0;4.50;0.080
6749;23.0;24.0;4.50;0.090
6750;23.0;24.0;4.50;0.100
6751;25.0;24.0;4.50;0.010
6752;25.0;24.0;4.50;0.020
6753;25.0;24.0;4.50;0.030
6754;25.0;24.0;4.50;0.040
6755;25.0;24.0;4.50;0.050
6756;25.0;24.0;4.50;0.060
6757;25.0;24.0;4.50;0.070
6758;25.0;24.0;4.50;0.080
6759;25.0;24.0;4.50;0.090
6760;25.0;24.0;4.50;0.100
6761;1.0;26.0;4.50;0.010
6762;1.0;26.0;4.50;0.020
6763;1.0;26.0;4.50;0.030
6764;1.0;26.0;4.50;0.040
6765;1.0;26.0;4.50;0.050
6766;1.0;26.0;4.50;0.060
6767;1.0;26.0;4.50;0.070
6768;1.0;26.0;4.50;0.080
6769;1.0;26.0;4.50;0.090
6770;1.0;26.0;4.50;0.100
6771;3.0;26.0;4.50;0.010
6772;3.0;26.0;4.50;0.020
6773;3.0;26.0;4.50;0.030
6774;3.0;26.0;4.50;0.040
6775;3.0;26.0;4.50;0.050
6776;3.0;26.0;4.50;0.060
6777;3.0;26.0;4.50;0.070
6778;3.0;26.0;4.50;0.080
6779;3.0;26.0;4.50;0.090
6780;3.0;26.0;4.50;0.100
6781;5.0;26.0;4.50;0.010
6782;5.0;26.0;4.50;0.020
6783;5.0;26.0;4.50;0.030
6784;5.0;26.0;4.50;0.040
6785;5.0;26.0;4.50;0.050
6786;5.0;26.0;4.50;0.060
6787;5.0;26.0;4.50;0.070
6788;5.0;26.0;4.50;0.080
6789;5.0;26.0;4.50;0.090
6790;5.0;26.0;4.50;0.100
6791;7.0;26.0;4.50;0.010
6792;7.0;26.0;4.50;0.020
6793;7.0;26.0;4.50;0.030
6794;7.0;26.0;4.50;0.040
6795;7.0;26.0;4.50;0.050
6796;7.0;26.0;4.50;0.060
6797;7.0;26.0;4.50;0.070
6798;7.0;26.0;4.50;0.080
6799;7.0;26.0;4.50;0.090
6800;7.0;26.0;4.50;0.100
6801;9.0;26.0;4.50;0.010
6802;9.0;26.0;4.50;0.020
6803;9.0;26.0;4.50;0.030
6804;9.0;26.0;4.50;0.040
6805;9.0;26.0;4.50;0.050
6806;9.0;26.0;4.50;0.060
6807;9.0;26.0;4.50;0.070
6808;9.0;26.0;4.50;0.080
6809;9.0;26.0;4.50;0.090
6810;9.0;26.0;4.50;0.100
6811;11.0;26.0;4.50;0.010
6812;11.0;26.0;4.50;0.020
6813;11.0;26.0;4.50;0.030
6814;11.0;26.0;4.50;0.040
6815;11.0;26.0;4.50;0.050
6816;11.0;26.0;4.50;0.060
6817;11.0;26.0;4.50;0.070
6818;11.0;26.0;4.50;0.080
6819;11.0;26.0;4.50;0.090
6820;11.0;26.0;4.50;0.100
6821;13.0;26.0;4.50;0.010
6822;13.0;26.0;4.50;0.020
6823;13.0;26.0;4.50;0.030
6824;13.0;26.0;4.50;0.040
6825;13.0;26.0;4.50;0.050
6826;13.0;26.0;4.50;0.060
6827;13.0;26.0;4.50;0.070
6828;13.0;26.0;4.50;0.080
6829;13.0;26.0;4.50;0.090
6830;13.0;26.0;4.50;0.100
6831;15.0;26.0;4.50;0.010
6832;15.0;26.0;4.50;0.020
6833;15.0;26.0;4.50;0.030
6834;15.0;26.0;4.50;0.040
6835;15.0;26.0;4.50;0.050
6836;15.0;26.0;4.50;0.060
6837;15.0;26.0;4.50;0.070
6838;15.0;26.0;4.50;0.080
6839;15.0;26.0;4.50;0.090
6840;15.0;26.0;4.50;0.100
6841;17.0;26.0;4.50;0.010
6842;17.0;26.0;4.50;0.020
6843;17.0;26.0;4.50;0.030
6844;17.0;26.0;4.50;0.040
6845;17.0;26.0;4.50;0.050
6846;17.0;26.0;4.50;0.060
6847;17.0;26.0;4.50;0.070
6848;17.0;26.0;4.50;0.080
6849;17.0;26.0;4.50;0.090
6850;17.0;26.0;4.50;0.100
6851;19.0;26.0;4.50;0.010
6852;19.0;26.0;4.50;0.020
6853;19.0;26.0;4.50;0.030
6854;19.0;26.0;4.50;0.040
6855;19.0;26.0;4.50;0.050
6856;19.0;26.0;4.50;0.060
6857;19.0;26.0;4.50;0.070
6858;19.0;26.0;4.50;0.080
6859;19.0;26.0;4.50;0.090
6860;19.0;26.0;4.50;0.100
6861;21.0;26.0;4.50;0.010
6862;21.0;26.0;4.50;0.020
6863;21.0;26.0;4.50;0.030
6864;21.0;26.0;4.50;0.040
6865;21.0;26.0;4.50;0.050
6866;21.0;26.0;4.50;0.060
6867;21.0;26.0;4.50;0.070
6868;21.0;26.0;4.50;0.080
6869;21.0;26.0;4.50;0.090
6870;21.0;26.0;4.50;0.100
6871;23.0;26.0;4.50;0.010
6872;23.0;26.0;4.50;0.020
6873;23.0;26.0;4.50;0.030
6874;23.0;26.0;4.50;0.040
6875;23.0;26.0;4.50;0.050
6876;23.0;26.0;4.50;0.060
6877;23.0;26.0;4.50;0.070
6878;23.0;26.0;4.50;0.080
6879;23.0;26.0;4.50;0.090
6880;23.0;26.0;4.50;0.100
6881;25.0;26.0;4.50;0.010
6882;25.0;26.0;4.50;0.020
6883;25.0;26.0;4.50;0.030
6884;25.0;26.0;4.50;0.040
6885;25.0;26.0;4.50;0.050
6886;25.0;26.0;4.50;0.060
6887;25.0;26.0;4.50;0.070
6888;25.0;26.0;4.50;0.080
6889;25.0;26.0;4.50;0.090
6890;25.0;26.0;4.50;0.100
6891;1.0;28.0;4.50;0.010
6892;1.0;28.0;4.50;0.020
6893;1.0;28.0;4.50;0.030
6894;1.0;28.0;4.50;0.040
6895;1.0;28.0;4.50;0.050
6896;1.0;28.0;4.50;0.060
6897;1.0;28.0;4.50;0.070
6898;1.0;28.0;4.50;0.080
6899;1.0;28.0;4.50;0.090
6900;1.0;28.0;4.50;0.100
6901;3.0;28.0;4.50;0.010
6902;3.0;28.0;4.50;0.020
6903;3.0;28.0;4.50;0.030
6904;3.0;28.0;4.50;0.040
6905;3.0;28.0;4.50;0.050
6906;3.0;28.0;4.50;0.060
6907;3.0;28.0;4.50;0.070
6908;3.0;28.0;4.50;0.080
6909;3.0;28.0;4.50;0.090
6910;3.0;28.0;4.50;0.100
6911;5.0;28.0;4.50;0.010
6912;5.0;28.0;4.50;0.020
6913;5.0;28.0;4.50;0.030
6914;5.0;28.0;4.50;0.040
6915;5.0;28.0;4.50;0.050
6916;5.0;28.0;4.50;0.060
6917;5.0;28.0;4.50;0.070
6918;5.0;28.0;4.50;0.080
6919;5.0;28.0;4.50;0.090
6920;5.0;28.0;4.50;0.100
6921;7.0;28.0;4.50;0.010
6922;7.0;28.0;4.50;0.020
6923;7.0;28.0;4.50;0.030
6924;7.0;28.0;4.50;0.040
6925;7.0;28.0;4.50;0.050
6926;7.0;28.0;4.50;0.060
6927;7.0;28.0;4.50;0.070
6928;7.0;28.0;4.50;0.080
6929;7.0;28.0;4.50;0.090
6930;7.0;28.0;4.50;0.100
6931;9.0;28.0;4.50;0.010
6932;9.0;28.0;4.50;0.020
6933;9.0;28.0;4.50;0.030
6934;9.0;28.0;4.50;0.040
6935;9.0;28.0;4.50;0.050
6936;9.0;28.0;4.50;0.060
6937;9.0;28.0;4.50;0.070
6938;9.0;28.0;4.50;0.080
6939;9.0;28.0;4.50;0.090
6940;9.0;28.0;4.50;0.100
6941;11.0;28.0;4.50;0.010
6942;11.0;28.0;4.50;0.020
6943;11.0;28.0;4.50;0.030
6944;11.0;28.0;4.50;0.040
6945;11.0;28.0;4.50;0.050
6946;11.0;28.0;4.50;0.060
6947;11.0;28.0;4.50;0.070
6948;11.0;28.0;4.50;0.080
6949;11.0;28.0;4.50;0.090
6950;11.0;28.0;4.50;0.100
6951;13.0;28.0;4.50;0.010
6952;13.0;28.0;4.50;0.020
6953;13.0;28.0;4.50;0.030
6954;13.0;28.0;4.50;0.040
6955;13.0;28.0;4.50;0.050
6956;13.0;28.0;4.50;0.060
6957;13.0;28.0;4.50;0.070
6958;13.0;28.0;4.50;0.080
6959;13.0;28.0;4.50;0.090
6960;13.0;28.0;4.50;0.100
6961;15.0;28.0;4.50;0.010
6962;15.0;28.0;4.50;0.020
6963;15.0;28.0;4.50;0.030
6964;15.0;28.0;4.50;0.040
6965;15.0;28.0;4.50;0.050
6966;15.0;28.0;4.50;0.060
6967;15.0;28.0;4.50;0.070
6968;15.0;28.0;4.50;0.080
6969;15.0;28.0;4.50;0.090
6970;15.0;28.0;4.50;0.100
6971;17.0;28.0;4.50;0.010
6972;17.0;28.0;4.50;0.020
6973;17.0;28.0;4.50;0.030
6974;17.0;28.0;4.50;0.040
6975;17.0;28.0;4.50;0.050
6976;17.0;28.0;4.50;0.060
6977;17.0;28.0;4.50;0.070
6978;17.0;28.0;4.50;0.080
6979;17.0;28.0;4.50;0.090
6980;17.0;28.0;4.50;0.100
6981;19.0;28.0;4.50;0.010
6982;19.0;28.0;4.50;0.020
6983;19.0;28.0;4.50;0.030
6984;19.0;28.0;4.50;0.040
6985;19.0;28.0;4.50;0.050
6986;19.0;28.0;4.50;0.060
6987;19.0;28.0;4.50;0.070
6988;19.0;28.0;4.50;0.080
6989;19.0;28.0;4.50;0.090
6990;19.0;28.0;4.50;0.100
6991;21.0;28.0;4.50;0.010
6992;21.0;28.0;4.50;0.020
6993;21.0;28.0;4.50;0.030
6994;21.0;28.0;4.50;0.040
6995;21.0;28.0;4.50;0.050
6996;21.0;28.0;4.50;0.060
6997;21.0;28.0;4.50;0.070
6998;21.0;28.0;4.50;0.080
6999;21.0;28.0;4.50;0.090
7000;21.0;28.0;4.50;0.100
7001;23.0;28.0;4.50;0.010
7002;23.0;28.0;4.50;0.020
7003;23.0;28.0;4.50;0.030
7004;23.0;28.0;4.50;0.040
7005;23.0;28.0;4.50;0.050
7006;23.0;28.0;4.50;0.060
7007;23.0;28.0;4.50;0.070
7008;23.0;28.0;4.50;0.080
7009;23.0;28.0;4.50;0.090
7010;23.0;28.0;4.50;0.100
7011;25.0;28.0;4.50;0.010
7012;25.0;28.0;4.50;0.020
7013;25.0;28.0;4.50;0.030
7014;25.0;28.0;4.50;0.040
7015;25.0;28.0;4.50;0.050
7016;25.0;28.0;4.50;0.060
7017;25.0;28.0;4.50;0.070
7018;25.0;28.0;4.50;0.080
7019;25.0;28.0;4.50;0.090
7020;25.0;28.0;4.50;0.100
7021;1.0;30.0;4.50;0.010
7022;1.0;30.0;4.50;0.020
7023;1.0;30.0;4.50;0.030
7024;1.0;30.0;4.50;0.040
7025;1.0;30.0;4.50;0.050
7026;1.0;30.0;4.50;0.060
7027;1.0;30.0;4.50;0.070
7028;1.0;30.0;4.50;0.080
7029;1.0;30.0;4.50;0.090
7030;1.0;30.0;4.50;0.100
7031;3.0;30.0;4.50;0.010
7032;3.0;30.0;4.50;0.020
7033;3.0;30.0;4.50;0.030
7034;3.0;30.0;4.50;0.040
7035;3.0;30.0;4.50;0.050
7036;3.0;30.0;4.50;0.060
7037;3.0;30.0;4.50;0.070
7038;3.0;30.0;4.50;0.080
7039;3.0;30.0;4.50;0.090
7040;3.0;30.0;4.50;0.100
7041;5.0;30.0;4.50;0.010
7042;5.0;30.0;4.50;0.020
7043;5.0;30.0;4.50;0.030
7044;5.0;30.0;4.50;0.040
7045;5.0;30.0;4.50;0.050
7046;5.0;30.0;4.50;0.060
7047;5.0;30.0;4.50;0.070
7048;5.0;30.0;4.50;0.080
7049;5.0;30.0;4.50;0.090
7050;5.0;30.0;4.50;0.100
7051;7.0;30.0;4.50;0.010
7052;7.0;30.0;4.50;0.020
7053;7.0;30.0;4.50;0.030
7054;7.0;30.0;4.50;0.040
7055;7.0;30.0;4.50;0.050
7056;7.0;30.0;4.50;0.060
7057;7.0;30.0;4.50;0.070
7058;7.0;30.0;4.50;0.080
7059;7.0;30.0;4.50;0.090
7060;7.0;30.0;4.50;0.100
7061;9.0;30.0;4.50;0.010
7062;9.0;30.0;4.50;0.020
7063;9.0;30.0;4.50;0.030
7064;9.0;30.0;4.50;0.040
7065;9.0;30.0;4.50;0.050
7066;9.0;30.0;4.50;0.060
7067;9.0;30.0;4.50;0.070
7068;9.0;30.0;4.50;0.080
7069;9.0;30.0;4.50;0.090
7070;9.0;30.0;4.50;0.100
7071;11.0;30.0;4.50;0.010
7072;11.0;30.0;4.50;0.020
7073;11.0;30.0;4.50;0.030
7074;11.0;30.0;4.50;0.040
7075;11.0;30.0;4.50;0.050
7076;11.0;30.0;4.50;0.060
7077;11.0;30.0;4.50;0.070
7078;11.0;30.0;4.50;0.080
7079;11.0;30.0;4.50;0.090
7080;11.0;30.0;4.50;0.100
7081;13.0;30.0;4.50;0.010
7082;13.0;30.0;4.50;0.020
7083;13.0;30.0;4.50;0.030
7084;13.0;30.0;4.50;0.040
7085;13.0;30.0;4.50;0.050
7086;13.0;30.0;4.50;0.060
7087;13.0;30.0;4.50;0.070
7088;13.0;30.0;4.50;0.080
7089;13.0;30.0;4.50;0.090
7090;13.0;30.0;4.50;0.100
7091;15.0;30.0;4.50;0.010
7092;15.0;30.0;4.50;0.020
7093;15.0;30.0;4.50;0.030
7094;15.0;30.0;4.50;0.040
7095;15.0;30.0;4.50;0.050
7096;15.0;30.0;4.50;0.060
7097;15.0;30.0;4.50;0.070
7098;15.0;30.0;4.50;0.080
7099;15.0;30.0;4.50;0.090
7100;15.0;30.0;4.50;0.100
7101;17.0;30.0;4.50;0.010
7102;17.0;30.0;4.50;0.020
7103;17.0;30.0;4.50;0.030
7104;17.0;30.0;4.50;0.040
7105;17.0;30.0;4.50;0.050
7106;17.0;30.0;4.50;0.060
7107;17.0;30.0;4.50;0.070
7108;17.0;30.0;4.50;0.080
7109;17.0;30.0;4.50;0.090
7110;17.0;30.0;4.50;0.100
7111;19.0;30.0;4.50;0.010
7112;19.0;30.0;4.50;0.020
7113;19.0;30.0;4.50;0.030
7114;19.0;30.0;4.50;0.040
7115;19.0;30.0;4.50;0.050
7116;19.0;30.0;4.50;0.060
7117;19.0;30.0;4.50;0.070
7118;19.0;30.0;4.50;0.080
7119;19.0;30.0;4.50;0.090
7120;19.0;30.0;4.50;0.100
7121;21.0;30.0;4.50;0.010
7122;21.0;30.0;4.50;0.020
7123;21.0;30.0;4.50;0.030
7124;21.0;30.0;4.50;0.040
7125;21.0;30.0;4.50;0.050
7126;21.0;30.0;4.50;0.060
7127;21.0;30.0;4.50;0.070
7128;21.0;30.0;4.50;0.080
7129;21.0;30.0;4.50;0.090
7130;21.0;30.0;4.50;0.100
7131;23.0;30.0;4.50;0.010
7132;23.0;30.0;4.50;0.020
7133;23.0;30.0;4.50;0.030
7134;23.0;30.0;4.50;0.040
7135;23.0;30.0;4.50;0.050
7136;23.0;30.0;4.50;0.060
7137;23.0;30.0;4.50;0.070
7138;23.0;30.0;4.50;0.080
7139;23.0;30.0;4.50;0.090
7140;23.0;30.0;4.50;0.100
7141;25.0;30.0;4.50;0.010
7142;25.0;30.0;4.50;0.020
7143;25.0;30.0;4.50;0.030
7144;25.0;30.0;4.50;0.040
7145;25.0;30.0;4.50;0.050
7146;25.0;30.0;4.50;0.060
7147;25.0;30.0;4.50;0.070
7148;25.0;30.0;4.50;0.080
7149;25.0;30.0;4.50;0.090
7150;25.0;30.0;4.50;0.100
7151;1.0;10.0;5.50;0.010
7152;1.0;10.0;5.50;0.020
7153;1.0;10.0;5.50;0.030
7154;1.0;10.0;5.50;0.040
7155;1.0;10.0;5.50;0.050
7156;1.0;10.0;5.50;0.060
7157;1.0;10.0;5.50;0.070
7158;1.0;10.0;5.50;0.080
7159;1.0;10.0;5.50;0.090
7160;1.0;10.0;5.50;0.100
7161;3.0;10.0;5.50;0.010
7162;3.0;10.0;5.50;0.020
7163;3.0;10.0;5.50;0.030
7164;3.0;10.0;5.50;0.040
7165;3.0;10.0;5.50;0.050
7166;3.0;10.0;5.50;0.060
7167;3.0;10.0;5.50;0.070
7168;3.0;10.0;5.50;0.080
7169;3.0;10.0;5.50;0.090
7170;3.0;10.0;5.50;0.100
7171;5.0;10.0;5.50;0.010
7172;5.0;10.0;5.50;0.020
7173;5.0;10.0;5.50;0.030
7174;5.0;10.0;5.50;0.040
7175;5.0;10.0;5.50;0.050
7176;5.0;10.0;5.50;0.060
7177;5.0;10.0;5.50;0.070
7178;5.0;10.0;5.50;0.080
7179;5.0;10.0;5.50;0.090
7180;5.0;10.0;5.50;0.100
7181;7.0;10.0;5.50;0.010
7182;7.0;10.0;5.50;0.020
7183;7.0;10.0;5.50;0.030
7184;7.0;10.0;5.50;0.040
7185;7.0;10.0;5.50;0.050
7186;7.0;10.0;5.50;0.060
7187;7.0;10.0;5.50;0.070
7188;7.0;10.0;5.50;0.080
7189;7.0;10.0;5.50;0.090
7190;7.0;10.0;5.50;0.100
7191;9.0;10.0;5.50;0.010
7192;9.0;10.0;5.50;0.020
7193;9.0;10.0;5.50;0.030
7194;9.0;10.0;5.50;0.040
7195;9.0;10.0;5.50;0.050
7196;9.0;10.0;5.50;0.060
7197;9.0;10.0;5.50;0.070
7198;9.0;10.0;5.50;0.080
7199;9.0;10.0;5.50;0.090
7200;9.0;10.0;5.50;0.100
7201;11.0;10.0;5.50;0.010
7202;11.0;10.0;5.50;0.020
7203;11.0;10.0;5.50;0.030
7204;11.0;10.0;5.50;0.040
7205;11.0;10.0;5.50;0.050
7206;11.0;10.0;5.50;0.060
7207;11.0;10.0;5.50;0.070
7208;11.0;10.0;5.50;0.080
7209;11.0;10.0;5.50;0.090
7210;11.0;10.0;5.50;0.100
7211;13.0;10.0;5.50;0.010
7212;13.0;10.0;5.50;0.020
7213;13.0;10.0;5.50;0.030
7214;13.0;10.0;5.50;0.040
7215;13.0;10.0;5.50;0.050
7216;13.0;10.0;5.50;0.060
7217;13.0;10.0;5.50;0.070
7218;13.0;10.0;5.50;0.080
7219;13.0;10.0;5.50;0.090
7220;13.0;10.0;5.50;0.100
7221;15.0;10.0;5.50;0.010
7222;15.0;10.0;5.50;0.020
7223;15.0;10.0;5.50;0.030
7224;15.0;10.0;5.50;0.040
7225;15.0;10.0;5.50;0.050
7226;15.0;10.0;5.50;0.060
7227;15.0;10.0;5.50;0.070
7228;15.0;10.0;5.50;0.080
7229;15.0;10.0;5.50;0.090
7230;15.0;10.0;5.50;0.100
7231;17.0;10.0;5.50;0.010
7232;17.0;10.0;5.50;0.020
7233;17.0;10.0;5.50;0.030
7234;17.0;10.0;5.50;0.040
7235;17.0;10.0;5.50;0.050
7236;17.0;10.0;5.50;0.060
7237;17.0;10.0;5.50;0.070
7238;17.0;10.0;5.50;0.080
7239;17.0;10.0;5.50;0.090
7240;17.0;10.0;5.50;0.100
7241;19.0;10.0;5.50;0.010
7242;19.0;10.0;5.50;0.020
7243;19.0;10.0;5.50;0.030
7244;19.0;10.0;5.50;0.040
7245;19.0;10.0;5.50;0.050
7246;19.0;10.0;5.50;0.060
7247;19.0;10.0;5.50;0.070
7248;19.0;10.0;5.50;0.080
7249;19.0;10.0;5.50;0.090
7250;19.0;10.0;5.50;0.100
7251;21.0;10.0;5.50;0.010
7252;21.0;10.0;5.50;0.020
7253;21.0;10.0;5.50;0.030
7254;21.0;10.0;5.50;0.040
7255;21.0;10.0;5.50;0.050
7256;21.0;10.0;5.50;0.060
7257;21.0;10.0;5.50;0.070
7258;21.0;10.0;5.50;0.080
7259;21.0;10.0;5.50;0.090
7260;21.0;10.0;5.50;0.100
7261;23.0;10.0;5.50;0.010
7262;23.0;10.0;5.50;0.020
7263;23.0;10.0;5.50;0.030
7264;23.0;10.0;5.50;0.040
7265;23.0;10.0;5.50;0.050
7266;23.0;10.0;5.50;0.060
7267;23.0;10.0;5.50;0.070
7268;23.0;10.0;5.50;0.080
7269;23.0;10.0;5.50;0.090
7270;23.0;10.0;5.50;0.100
7271;25.0;10.0;5.50;0.010
7272;25.0;10.0;5.50;0.020
7273;25.0;10.0;5.50;0.030
7274;25.0;10.0;5.50;0.040
7275;25.0;10.0;5.50;0.050
7276;25.0;10.0;5.50;0.060
7277;25.0;10.0;5.50;0.070
7278;25.0;10.0;5.50;0.080
7279;25.0;10.0;5.50;0.090
7280;25.0;10.0;5.50;0.100
7281;1.0;12.0;5.50;0.010
7282;1.0;12.0;5.50;0.020
7283;1.0;12.0;5.50;0.030
7284;1.0;12.0;5.50;0.040
7285;1.0;12.0;5.50;0.050
7286;1.0;12.0;5.50;0.060
7287;1.0;12.0;5.50;0.070
7288;1.0;12.0;5.50;0.080
7289;1.0;12.0;5.50;0.090
7290;1.0;12.0;5.50;0.100
7291;3.0;12.0;5.50;0.010
7292;3.0;12.0;5.50;0.020
7293;3.0;12.0;5.50;0.030
7294;3.0;12.0;5.50;0.040
7295;3.0;12.0;5.50;0.050
7296;3.0;12.0;5.50;0.060
7297;3.0;12.0;5.50;0.070
7298;3.0;12.0;5.50;0.080
7299;3.0;12.0;5.50;0.090
7300;3.0;12.0;5.50;0.100
7301;5.0;12.0;5.50;0.010
7302;5.0;12.0;5.50;0.020
7303;5.0;12.0;5.50;0.030
7304;5.0;12.0;5.50;0.040
7305;5.0;12.0;5.50;0.050
7306;5.0;12.0;5.50;0.060
7307;5.0;12.0;5.50;0.070
7308;5.0;12.0;5.50;0.080
7309;5.0;12.0;5.50;0.090
7310;5.0;12.0;5.50;0.100
7311;7.0;12.0;5.50;0.010
7312;7.0;12.0;5.50;0.020
7313;7.0;12.0;5.50;0.030
7314;7.0;12.0;5.50;0.040
7315;7.0;12.0;5.50;0.050
7316;7.0;12.0;5.50;0.060
7317;7.0;12.0;5.50;0.070
7318;7.0;12.0;5.50;0.080
7319;7.0;12.0;5.50;0.090
7320;7.0;12.0;5.50;0.100
7321;9.0;12.0;5.50;0.010
7322;9.0;12.0;5.50;0.020
7323;9.0;12.0;5.50;0.030
7324;9.0;12.0;5.50;0.040
7325;9.0;12.0;5.50;0.050
7326;9.0;12.0;5.50;0.060
7327;9.0;12.0;5.50;0.070
7328;9.0;12.0;5.50;0.080
7329;9.0;12.0;5.50;0.090
7330;9.0;12.0;5.50;0.100
7331;11.0;12.0;5.50;0.010
7332;11.0;12.0;5.50;0.020
7333;11.0;12.0;5.50;0.030
7334;11.0;12.0;5.50;0.040
7335;11.0;12.0;5.50;0.050
7336;11.0;12.0;5.50;0.060
7337;11.0;12.0;5.50;0.070
7338;11.0;12.0;5.50;0.080
7339;11.0;12.0;5.50;0.090
7340;11.0;12.0;5.50;0.100
7341;13.0;12.0;5.50;0.010
7342;13.0;12.0;5.50;0.020
7343;13.0;12.0;5.50;0.030
7344;13.0;12.0;5.50;0.040
7345;13.0;12.0;5.50;0.050
7346;13.0;12.0;5.50;0.060
7347;13.0;12.0;5.50;0.070
7348;13.0;12.0;5.50;0.080
7349;13.0;12.0;5.50;0.090
7350;13.0;12.0;5.50;0.100
7351;15.0;12.0;5.50;0.010
7352;15.0;12.0;5.50;0.020
7353;15.0;12.0;5.50;0.030
7354;15.0;12.0;5.50;0.040
7355;15.0;12.0;5.50;0.050
7356;15.0;12.0;5.50;0.060
7357;15.0;12.0;5.50;0.070
7358;15.0;12.0;5.50;0.080
7359;15.0;12.0;5.50;0.090
7360;15.0;12.0;5.50;0.100
7361;17.0;12.0;5.50;0.010
7362;17.0;12.0;5.50;0.020
7363;17.0;12.0;5.50;0.030
7364;17.0;12.0;5.50;0.040
7365;17.0;12.0;5.50;0.050
7366;17.0;12.0;5.50;0.060
7367;17.0;12.0;5.50;0.070
7368;17.0;12.0;5.50;0.080
7369;17.0;12.0;5.50;0.090
7370;17.0;12.0;5.50;0.100
7371;19.0;12.0;5.50;0.010
7372;19.0;12.0;5.50;0.020
7373;19.0;12.0;5.50;0.030
7374;19.0;12.0;5.50;0.040
7375;19.0;12.0;5.50;0.050
7376;19.0;12.0;5.50;0.060
7377;19.0;12.0;5.50;0.070
7378;19.0;12.0;5.50;0.080
7379;19.0;12.0;5.50;0.090
7380;19.0;12.0;5.50;0.100
7381;21.0;12.0;5.50;0.010
7382;21.0;12.0;5.50;0.020
7383;21.0;12.0;5.50;0.030
7384;21.0;12.0;5.50;0.040
7385;21.0;12.0;5.50;0.050
7386;21.0;12.0;5.50;0.060
7387;21.0;12.0;5.50;0.070
7388;21.0;12.0;5.50;0.080
7389;21.0;12.0;5.50;0.090
7390;21.0;12.0;5.50;0.100
7391;23.0;12.0;5.50;0.010
7392;23.0;12.0;5.50;0.020
7393;23.0;12.0;5.50;0.030
7394;23.0;12.0;5.50;0.040
7395;23.0;12.0;5.50;0.050
7396;23.0;12.0;5.50;0.060
7397;23.0;12.0;5.50;0.070
7398;23.0;12.0;5.50;0.080
7399;23.0;12.0;5.50;0.090
7400;23.0;12.0;5.50;0.100
7401;25.0;12.0;5.50;0.010
7402;25.0;12.0;5.50;0.020
7403;25.0;12.0;5.50;0.030
7404;25.0;12.0;5.50;0.040
7405;25.0;12.0;5.50;0.050
7406;25.0;12.0;5.50;0.060
7407;25.0;12.0;5.50;0.070
7408;25.0;12.0;5.50;0.080
7409;25.0;12.0;5.50;0.090
7410;25.0;12.0;5.50;0.100
7411;1.0;14.0;5.50;0.010
7412;1.0;14.0;5.50;0.020
7413;1.0;14.0;5.50;0.030
7414;1.0;14.0;5.50;0.040
7415;1.0;14.0;5.50;0.050
7416;1.0;14.0;5.50;0.060
7417;1.0;14.0;5.50;0.070
7418;1.0;14.0;5.50;0.080
7419;1.0;14.0;5.50;0.090
7420;1.0;14.0;5.50;0.100
7421;3.0;14.0;5.50;0.010
7422;3.0;14.0;5.50;0.020
7423;3.0;14.0;5.50;0.030
7424;3.0;14.0;5.50;0.040
7425;3.0;14.0;5.50;0.050
7426;3.0;14.0;5.50;0.060
7427;3.0;14.0;5.50;0.070
7428;3.0;14.0;5.50;0.080
7429;3.0;14.0;5.50;0.090
7430;3.0;14.0;5.50;0.100
7431;5.0;14.0;5.50;0.010
7432;5.0;14.0;5.50;0.020
7433;5.0;14.0;5.50;0.030
7434;5.0;14.0;5.50;0.040
7435;5.0;14.0;5.50;0.050
7436;5.0;14.0;5.50;0.060
7437;5.0;14.0;5.50;0.070
7438;5.0;14.0;5.50;0.080
7439;5.0;14.0;5.50;0.090
7440;5.0;14.0;5.50;0.100
7441;7.0;14.0;5.50;0.010
7442;7.0;14.0;5.50;0.020
7443;7.0;14.0;5.50;0.030
7444;7.0;14.0;5.50;0.040
7445;7.0;14.0;5.50;0.050
7446;7.0;14.0;5.50;0.060
7447;7.0;14.0;5.50;0.070
7448;7.0;14.0;5.50;0.080
7449;7.0;14.0;5.50;0.090
7450;7.0;14.0;5.50;0.100
7451;9.0;14.0;5.50;0.010
7452;9.0;14.0;5.50;0.020
7453;9.0;14.0;5.50;0.030
7454;9.0;14.0;5.50;0.040
7455;9.0;14.0;5.50;0.050
7456;9.0;14.0;5.50;0.060
7457;9.0;14.0;5.50;0.070
7458;9.0;14.0;5.50;0.080
7459;9.0;14.0;5.50;0.090
7460;9.0;14.0;5.50;0.100
7461;11.0;14.0;5.50;0.010
7462;11.0;14.0;5.50;0.020
7463;11.0;14.0;5.50;0.030
7464;11.0;14.0;5.50;0.040
7465;11.0;14.0;5.50;0.050
7466;11.0;14.0;5.50;0.060
7467;11.0;14.0;5.50;0.070
7468;11.0;14.0;5.50;0.080
7469;11.0;14.0;5.50;0.090
7470;11.0;14.0;5.50;0.100
7471;13.0;14.0;5.50;0.010
7472;13.0;14.0;5.50;0.020
7473;13.0;14.0;5.50;0.030
7474;13.0;14.0;5.50;0.040
7475;13.0;14.0;5.50;0.050
7476;13.0;14.0;5.50;0.060
7477;13.0;14.0;5.50;0.070
7478;13.0;14.0;5.50;0.080
7479;13.0;14.0;5.50;0.090
7480;13.0;14.0;5.50;0.100
7481;15.0;14.0;5.50;0.010
7482;15.0;14.0;5.50;0.020
7483;15.0;14.0;5.50;0.030
7484;15.0;14.0;5.50;0.040
7485;15.0;14.0;5.50;0.050
7486;15.0;14.0;5.50;0.060
7487;15.0;14.0;5.50;0.070
7488;15.0;14.0;5.50;0.080
7489;15.0;14.0;5.50;0.090
7490;15.0;14.0;5.50;0.100
7491;17.0;14.0;5.50;0.010
7492;17.0;14.0;5.50;0.020
7493;17.0;14.0;5.50;0.030
7494;17.0;14.0;5.50;0.040
7495;17.0;14.0;5.50;0.050
7496;17.0;14.0;5.50;0.060
7497;17.0;14.0;5.50;0.070
7498;17.0;14.0;5.50;0.080
7499;17.0;14.0;5.50;0.090
7500;17.0;14.0;5.50;0.100
7501;19.0;14.0;5.50;0.010
7502;19.0;14.0;5.50;0.020
7503;19.0;14.0;5.50;0.030
7504;19.0;14.0;5.50;0.040
7505;19.0;14.0;5.50;0.050
7506;19.0;14.0;5.50;0.060
7507;19.0;14.0;5.50;0.070
7508;19.0;14.0;5.50;0.080
7509;19.0;14.0;5.50;0.090
7510;19.0;14.0;5.50;0.100
7511;21.0;14.0;5.50;0.010
7512;21.0;14.0;5.50;0.020
7513;21.0;14.0;5.50;0.030
7514;21.0;14.0;5.50;0.040
7515;21.0;14.0;5.50;0.050
7516;21.0;14.0;5.50;0.060
7517;21.0;14.0;5.50;0.070
7518;21.0;14.0;5.50;0.080
7519;21.0;14.0;5.50;0.090
7520;21.0;14.0;5.50;0.100
7521;23.0;14.0;5.50;0.010
7522;23.0;14.0;5.50;0.020
7523;23.0;14.0;5.50;0.030
7524;23.0;14.0;5.50;0.040
7525;23.0;14.0;5.50;0.050
7526;23.0;14.0;5.50;0.060
7527;23.0;14.0;5.50;0.070
7528;23.0;14.0;5.50;0.080
7529;23.0;14.0;5.50;0.090
7530;23.0;14.0;5.50;0.100
7531;25.0;14.0;5.50;0.010
7532;25.0;14.0;5.50;0.020
7533;25.0;14.0;5.50;0.030
7534;25.0;14.0;5.50;0.040
7535;25.0;14.0;5.50;0.050
7536;25.0;14.0;5.50;0.060
7537;25.0;14.0;5.50;0.070
7538;25.0;14.0;5.50;0.080
7539;25.0;14.0;5.50;0.090
7540;25.0;14.0;5.50;0.100
7541;1.0;16.0;5.50;0.010
7542;1.0;16.0;5.50;0.020
7543;1.0;16.0;5.50;0.030
7544;1.0;16.0;5.50;0.040
7545;1.0;16.0;5.50;0.050
7546;1.0;16.0;5.50;0.060
7547;1.0;16.0;5.50;0.070
7548;1.0;16.0;5.50;0.080
7549;1.0;16.0;5.50;0.090
7550;1.0;16.0;5.50;0.100
7551;3.0;16.0;5.50;0.010
7552;3.0;16.0;5.50;0.020
7553;3.0;16.0;5.50;0.030
7554;3.0;16.0;5.50;0.040
7555;3.0;16.0;5.50;0.050
7556;3.0;16.0;5.50;0.060
7557;3.0;16.0;5.50;0.070
7558;3.0;16.0;5.50;0.080
7559;3.0;16.0;5.50;0.090
7560;3.0;16.0;5.50;0.100
7561;5.0;16.0;5.50;0.010
7562;5.0;16.0;5.50;0.020
7563;5.0;16.0;5.50;0.030
7564;5.0;16.0;5.50;0.040
7565;5.0;16.0;5.50;0.050
7566;5.0;16.0;5.50;0.060
7567;5.0;16.0;5.50;0.070
7568;5.0;16.0;5.50;0.080
7569;5.0;16.0;5.50;0.090
7570;5.0;16.0;5.50;0.100
7571;7.0;16.0;5.50;0.010
7572;7.0;16.0;5.50;0.020
7573;7.0;16.0;5.50;0.030
7574;7.0;16.0;5.50;0.040
7575;7.0;16.0;5.50;0.050
7576;7.0;16.0;5.50;0.060
7577;7.0;16.0;5.50;0.070
7578;7.0;16.0;5.50;0.080
7579;7.0;16.0;5.50;0.090
7580;7.0;16.0;5.50;0.100
7581;9.0;16.0;5.50;0.010
7582;9.0;16.0;5.50;0.020
7583;9.0;16.0;5.50;0.030
7584;9.0;16.0;5.50;0.040
7585;9.0;16.0;5.50;0.050
7586;9.0;16.0;5.50;0.060
7587;9.0;16.0;5.50;0.070
7588;9.0;16.0;5.50;0.080
7589;9.0;16.0;5.50;0.090
7590;9.0;16.0;5.50;0.100
7591;11.0;16.0;5.50;0.010
7592;11.0;16.0;5.50;0.020
7593;11.0;16.0;5.50;0.030
7594;11.0;16.0;5.50;0.040
7595;11.0;16.0;5.50;0.050
7596;11.0;16.0;5.50;0.060
7597;11.0;16.0;5.50;0.070
7598;11.0;16.0;5.50;0.080
7599;11.0;16.0;5.50;0.090
7600;11.0;16.0;5.50;0.100
7601;13.0;16.0;5.50;0.010
7602;13.0;16.0;5.50;0.020
7603;13.0;16.0;5.50;0.030
7604;13.0;16.0;5.50;0.040
7605;13.0;16.0;5.50;0.050
7606;13.0;16.0;5.50;0.060
7607;13.0;16.0;5.50;0.070
7608;13.0;16.0;5.50;0.080
7609;13.0;16.0;5.50;0.090
7610;13.0;16.0;5.50;0.100
7611;15.0;16.0;5.50;0.010
7612;15.0;16.0;5.50;0.020
7613;15.0;16.0;5.50;0.030
7614;15.0;16.0;5.50;0.040
7615;15.0;16.0;5.50;0.050
7616;15.0;16.0;5.50;0.060
7617;15.0;16.0;5.50;0.070
7618;15.0;16.0;5.50;0.080
7619;15.0;16.0;5.50;0.090
7620;15.0;16.0;5.50;0.100
7621;17.0;16.0;5.50;0.010
7622;17.0;16.0;5.50;0.020
7623;17.0;16.0;5.50;0.030
7624;17.0;16.0;5.50;0.040
7625;17.0;16.0;5.50;0.050
7626;17.0;16.0;5.50;0.060
7627;17.0;16.0;5.50;0.070
7628;17.0;16.0;5.50;0.080
7629;17.0;16.0;5.50;0.090
7630;17.0;16.0;5.50;0.100
7631;19.0;16.0;5.50;0.010
7632;19.0;16.0;5.50;0.020
7633;19.0;16.0;5.50;0.030
7634;19.0;16.0;5.50;0.040
7635;19.0;16.0;5.50;0.050
7636;19.0;16.0;5.50;0.060
7637;19.0;16.0;5.50;0.070
7638;19.0;16.0;5.50;0.080
7639;19.0;16.0;5.50;0.090
7640;19.0;16.0;5.50;0.100
7641;21.0;16.0;5.50;0.010
7642;21.0;16.0;5.50;0.020
7643;21.0;16.0;5.50;0.030
7644;21.0;16.0;5.50;0.040
7645;21.0;16.0;5.50;0.050
7646;21.0;16.0;5.50;0.060
7647;21.0;16.0;5.50;0.070
7648;21.0;16.0;5.50;0.080
7649;21.0;16.0;5.50;0.090
7650;21.0;16.0;5.50;0.100
7651;23.0;16.0;5.50;0.010
7652;23.0;16.0;5.50;0.020
7653;23.0;16.0;5.50;0.030
7654;23.0;16.0;5.50;0.040
7655;23.0;16.0;5.50;0.050
7656;23.0;16.0;5.50;0.060
7657;23.0;16.0;5.50;0.070
7658;23.0;16.0;5.50;0.080
7659;23.0;16.0;5.50;0.090
7660;23.0;16.0;5.50;0.100
7661;25.0;16.0;5.50;0.010
7662;25.0;16.0;5.50;0.020
7663;25.0;16.0;5.50;0.030
7664;25.0;16.0;5.50;0.040
7665;25.0;16.0;5.50;0.050
7666;25.0;16.0;5.50;0.060
7667;25.0;16.0;5.50;0.070
7668;25.0;16.0;5.50;0.080
7669;25.0;16.0;5.50;0.090
7670;25.0;16.0;5.50;0.100
7671;1.0;18.0;5.50;0.010
7672;1.0;18.0;5.50;0.020
7673;1.0;18.0;5.50;0.030
7674;1.0;18.0;5.50;0.040
7675;1.0;18.0;5.50;0.050
7676;1.0;18.0;5.50;0.060
7677;1.0;18.0;5.50;0.070
7678;1.0;18.0;5.50;0.080
7679;1.0;18.0;5.50;0.090
7680;1.0;18.0;5.50;0.100
7681;3.0;18.0;5.50;0.010
7682;3.0;18.0;5.50;0.020
7683;3.0;18.0;5.50;0.030
7684;3.0;18.0;5.50;0.040
7685;3.0;18.0;5.50;0.050
7686;3.0;18.0;5.50;0.060
7687;3.0;18.0;5.50;0.070
7688;3.0;18.0;5.50;0.080
7689;3.0;18.0;5.50;0.090
7690;3.0;18.0;5.50;0.100
7691;5.0;18.0;5.50;0.010
7692;5.0;18.0;5.50;0.020
7693;5.0;18.0;5.50;0.030
7694;5.0;18.0;5.50;0.040
7695;5.0;18.0;5.50;0.050
7696;5.0;18.0;5.50;0.060
7697;5.0;18.0;5.50;0.070
7698;5.0;18.0;5.50;0.080
7699;5.0;18.0;5.50;0.090
7700;5.0;18.0;5.50;0.100
7701;7.0;18.0;5.50;0.010
7702;7.0;18.0;5.50;0.020
7703;7.0;18.0;5.50;0.030
7704;7.0;18.0;5.50;0.040
7705;7.0;18.0;5.50;0.050
7706;7.0;18.0;5.50;0.060
7707;7.0;18.0;5.50;0.070
7708;7.0;18.0;5.50;0.080
7709;7.0;18.0;5.50;0.090
7710;7.0;18.0;5.50;0.100
7711;9.0;18.0;5.50;0.010
7712;9.0;18.0;5.50;0.020
7713;9.0;18.0;5.50;0.030
7714;9.0;18.0;5.50;0.040
7715;9.0;18.0;5.50;0.050
7716;9.0;18.0;5.50;0.060
7717;9.0;18.0;5.50;0.070
7718;9.0;18.0;5.50;0.080
7719;9.0;18.0;5.50;0.090
7720;9.0;18.0;5.50;0.100
7721;11.0;18.0;5.50;0.010
7722;11.0;18.0;5.50;0.020
7723;11.0;18.0;5.50;0.030
7724;11.0;18.0;5.50;0.040
7725;11.0;18.0;5.50;0.050
7726;11.0;18.0;5.50;0.060
7727;11.0;18.0;5.50;0.070
7728;11.0;18.0;5.50;0.080
7729;11.0;18.0;5.50;0.090
7730;11.0;18.0;5.50;0.100
7731;13.0;18.0;5.50;0.010
7732;13.0;18.0;5.50;0.020
7733;13.0;18.0;5.50;0.030
7734;13.0;18.0;5.50;0.040
7735;13.0;18.0;5.50;0.050
7736;13.0;18.0;5.50;0.060
7737;13.0;18.0;5.50;0.070
7738;13.0;18.0;5.50;0.080
7739;13.0;18.0;5.50;0.090
7740;13.0;18.0;5.50;0.100
7741;15.0;18.0;5.50;0.010
7742;15.0;18.0;5.50;0.020
7743;15.0;18.0;5.50;0.030
7744;15.0;18.0;5.50;0.040
7745;15.0;18.0;5.50;0.050
7746;15.0;18.0;5.50;0.060
7747;15.0;18.0;5.50;0.070
7748;15.0;18.0;5.50;0.080
7749;15.0;18.0;5.50;0.090
7750;15.0;18.0;5.50;0.100
7751;17.0;18.0;5.50;0.010
7752;17.0;18.0;5.50;0.020
7753;17.0;18.0;5.50;0.030
7754;17.0;18.0;5.50;0.040
7755;17.0;18.0;5.50;0.050
7756;17.0;18.0;5.50;0.060
7757;17.0;18.0;5.50;0.070
7758;17.0;18.0;5.50;0.080
7759;17.0;18.0;5.50;0.090
7760;17.0;18.0;5.50;0.100
7761;19.0;18.0;5.50;0.010
7762;19.0;18.0;5.50;0.020
7763;19.0;18.0;5.50;0.030
7764;19.0;18.0;5.50;0.040
7765;19.0;18.0;5.50;0.050
7766;19.0;18.0;5.50;0.060
7767;19.0;18.0;5.50;0.070
7768;19.0;18.0;5.50;0.080
7769;19.0;18.0;5.50;0.090
7770;19.0;18.0;5.50;0.100
7771;21.0;18.0;5.50;0.010
7772;21.0;18.0;5.50;0.020
7773;21.0;18.0;5.50;0.030
7774;21.0;18.0;5.50;0.040
7775;21.0;18.0;5.50;0.050
7776;21.0;18.0;5.50;0.060
7777;21.0;18.0;5.50;0.070
7778;21.0;18.0;5.50;0.080
7779;21.0;18.0;5.50;0.090
7780;21.0;18.0;5.50;0.100
7781;23.0;18.0;5.50;0.010
7782;23.0;18.0;5.50;0.020
7783;23.0;18.0;5.50;0.030
7784;23.0;18.0;5.50;0.040
7785;23.0;18.0;5.50;0.050
7786;23.0;18.0;5.50;0.060
7787;23.0;18.0;5.50;0.070
7788;23.0;18.0;5.50;0.080
7789;23.0;18.0;5.50;0.090
7790;23.0;18.0;5.50;0.100
7791;25.0;18.0;5.50;0.010
7792;25.0;18.0;5.50;0.020
7793;25.0;18.0;5.50;0.030
7794;25.0;18.0;5.50;0.040
7795;25.0;18.0;5.50;0.050
7796;25.0;18.0;5.50;0.060
7797;25.0;18.0;5.50;0.070
7798;25.0;18.0;5.50;0.080
7799;25.0;18.0;5.50;0.090
7800;25.0;18.0;5.50;0.100
7801;1.0;20.0;5.50;0.010
7802;1.0;20.0;5.50;0.020
7803;1.0;20.0;5.50;0.030
7804;1.0;20.0;5.50;0.040
7805;1.0;20.0;5.50;0.050
7806;1.0;20.0;5.50;0.060
7807;1.0;20.0;5.50;0.070
7808;1.0;20.0;5.50;0.080
7809;1.0;20.0;5.50;0.090
7810;1.0;20.0;5.50;0.100
7811;3.0;20.0;5.50;0.010
7812;3.0;20.0;5.50;0.020
7813;3.0;20.0;5.50;0.030
7814;3.0;20.0;5.50;0.040
7815;3.0;20.0;5.50;0.050
7816;3.0;20.0;5.50;0.060
7817;3.0;20.0;5.50;0.070
7818;3.0;20.0;5.50;0.080
7819;3.0;20.0;5.50;0.090
7820;3.0;20.0;5.50;0.100
7821;5.0;20.0;5.50;0.010
7822;5.0;20.0;5.50;0.020
7823;5.0;20.0;5.50;0.030
7824;5.0;20.0;5.50;0.040
7825;5.0;20.0;5.50;0.050
7826;5.0;20.0;5.50;0.060
7827;5.0;20.0;5.50;0.070
7828;5.0;20.0;5.50;0.080
7829;5.0;20.0;5.50;0.090
7830;5.0;20.0;5.50;0.100
7831;7.0;20.0;5.50;0.010
7832;7.0;20.0;5.50;0.020
7833;7.0;20.0;5.50;0.030
7834;7.0;20.0;5.50;0.040
7835;7.0;20.0;5.50;0.050
7836;7.0;20.0;5.50;0.060
7837;7.0;20.0;5.50;0.070
7838;7.0;20.0;5.50;0.080
7839;7.0;20.0;5.50;0.090
7840;7.0;20.0;5.50;0.100
7841;9.0;20.0;5.50;0.010
7842;9.0;20.0;5.50;0.020
7843;9.0;20.0;5.50;0.030
7844;9.0;20.0;5.50;0.040
7845;9.0;20.0;5.50;0.050
7846;9.0;20.0;5.50;0.060
7847;9.0;20.0;5.50;0.070
7848;9.0;20.0;5.50;0.080
7849;9.0;20.0;5.50;0.090
7850;9.0;20.0;5.50;0.100
7851;11.0;20.0;5.50;0.010
7852;11.0;20.0;5.50;0.020
7853;11.0;20.0;5.50;0.030
7854;11.0;20.0;5.50;0.040
7855;11.0;20.0;5.50;0.050
7856;11.0;20.0;5.50;0.060
7857;11.0;20.0;5.50;0.070
7858;11.0;20.0;5.50;0.080
7859;11.0;20.0;5.50;0.090
7860;11.0;20.0;5.50;0.100
7861;13.0;20.0;5.50;0.010
7862;13.0;20.0;5.50;0.020
7863;13.0;20.0;5.50;0.030
7864;13.0;20.0;5.50;0.040
7865;13.0;20.0;5.50;0.050
7866;13.0;20.0;5.50;0.060
7867;13.0;20.0;5.50;0.070
7868;13.0;20.0;5.50;0.080
7869;13.0;20.0;5.50;0.090
7870;13.0;20.0;5.50;0.100
7871;15.0;20.0;5.50;0.010
7872;15.0;20.0;5.50;0.020
7873;15.0;20.0;5.50;0.030
7874;15.0;20.0;5.50;0.040
7875;15.0;20.0;5.50;0.050
7876;15.0;20.0;5.50;0.060
7877;15.0;20.0;5.50;0.070
7878;15.0;20.0;5.50;0.080
7879;15.0;20.0;5.50;0.090
7880;15.0;20.0;5.50;0.100
7881;17.0;20.0;5.50;0.010
7882;17.0;20.0;5.50;0.020
7883;17.0;20.0;5.50;0.030
7884;17.0;20.0;5.50;0.040
7885;17.0;20.0;5.50;0.050
7886;17.0;20.0;5.50;0.060
7887;17.0;20.0;5.50;0.070
7888;17.0;20.0;5.50;0.080
7889;17.0;20.0;5.50;0.090
7890;17.0;20.0;5.50;0.100
7891;19.0;20.0;5.50;0.010
7892;19.0;20.0;5.50;0.020
7893;19.0;20.0;5.50;0.030
7894;19.0;20.0;5.50;0.040
7895;19.0;20.0;5.50;0.050
7896;19.0;20.0;5.50;0.060
7897;19.0;20.0;5.50;0.070
7898;19.0;20.0;5.50;0.080
7899;19.0;20.0;5.50;0.090
7900;19.0;20.0;5.50;0.100
7901;21.0;20.0;5.50;0.010
7902;21.0;20.0;5.50;0.020
7903;21.0;20.0;5.50;0.030
7904;21.0;20.0;5.50;0.040
7905;21.0;20.0;5.50;0.050
7906;21.0;20.0;5.50;0.060
7907;21.0;20.0;5.50;0.070
7908;21.0;20.0;5.50;0.080
7909;21.0;20.0;5.50;0.090
7910;21.0;20.0;5.50;0.100
7911;23.0;20.0;5.50;0.010
7912;23.0;20.0;5.50;0.020
7913;23.0;20.0;5.50;0.030
7914;23.0;20.0;5.50;0.040
7915;23.0;20.0;5.50;0.050
7916;23.0;20.0;5.50;0.060
7917;23.0;20.0;5.50;0.070
7918;23.0;20.0;5.50;0.080
7919;23.0;20.0;5.50;0.090
7920;23.0;20.0;5.50;0.100
7921;25.0;20.0;5.50;0.010
7922;25.0;20.0;5.50;0.020
7923;25.0;20.0;5.50;0.030
7924;25.0;20.0;5.50;0.040
7925;25.0;20.0;5.50;0.050
7926;25.0;20.0;5.50;0.060
7927;25.0;20.0;5.50;0.070
7928;25.0;20.0;5.50;0.080
7929;25.0;20.0;5.50;0.090
7930;25.0;20.0;5.50;0.100
7931;1.0;22.0;5.50;0.010
7932;1.0;22.0;5.50;0.020
7933;1.0;22.0;5.50;0.030
7934;1.0;22.0;5.50;0.040
7935;1.0;22.0;5.50;0.050
7936;1.0;22.0;5.50;0.060
7937;1.0;22.0;5.50;0.070
7938;1.0;22.0;5.50;0.080
7939;1.0;22.0;5.50;0.090
7940;1.0;22.0;5.50;0.100
7941;3.0;22.0;5.50;0.010
7942;3.0;22.0;5.50;0.020
7943;3.0;22.0;5.50;0.030
7944;3.0;22.0;5.50;0.040
7945;3.0;22.0;5.50;0.050
7946;3.0;22.0;5.50;0.060
7947;3.0;22.0;5.50;0.070
7948;3.0;22.0;5.50;0.080
7949;3.0;22.0;5.50;0.090
7950;3.0;22.0;5.50;0.100
7951;5.0;22.0;5.50;0.010
7952;5.0;22.0;5.50;0.020
7953;5.0;22.0;5.50;0.030
7954;5.0;22.0;5.50;0.040
7955;5.0;22.0;5.50;0.050
7956;5.0;22.0;5.50;0.060
7957;5.0;22.0;5.50;0.070
7958;5.0;22.0;5.50;0.080
7959;5.0;22.0;5.50;0.090
7960;5.0;22.0;5.50;0.100
7961;7.0;22.0;5.50;0.010
7962;7.0;22.0;5.50;0.020
7963;7.0;22.0;5.50;0.030
7964;7.0;22.0;5.50;0.040
7965;7.0;22.0;5.50;0.050
7966;7.0;22.0;5.50;0.060
7967;7.0;22.0;5.50;0.070
7968;7.0;22.0;5.50;0.080
7969;7.0;22.0;5.50;0.090
7970;7.0;22.0;5.50;0.100
7971;9.0;22.0;5.50;0.010
7972;9.0;22.0;5.50;0.020
7973;9.0;22.0;5.50;0.030
7974;9.0;22.0;5.50;0.040
7975;9.0;22.0;5.50;0.050
7976;9.0;22.0;5.50;0.060
7977;9.0;22.0;5.50;0.070
7978;9.0;22.0;5.50;0.080
7979;9.0;22.0;5.50;0.090
7980;9.0;22.0;5.50;0.100
7981;11.0;22.0;5.50;0.010
7982;11.0;22.0;5.50;0.020
7983;11.0;22.0;5.50;0.030
7984;11.0;22.0;5.50;0.040
7985;11.0;22.0;5.50;0.050
7986;11.0;22.0;5.50;0.060
7987;11.0;22.0;5.50;0.070
7988;11.0;22.0;5.50;0.080
7989;11.0;22.0;5.50;0.090
7990;11.0;22.0;5.50;0.100
7991;13.0;22.0;5.50;0.010
7992;13.0;22.0;5.50;0.020
7993;13.0;22.0;5.50;0.030
7994;13.0;22.0;5.50;0.040
7995;13.0;22.0;5.50;0.050
7996;13.0;22.0;5.50;0.060
7997;13.0;22.0;5.50;0.070
7998;13.0;22.0;5.50;0.080
7999;13.0;22.0;5.50;0.090
8000;13.0;22.0;5.50;0.100
8001;15.0;22.0;5.50;0.010
8002;15.0;22.0;5.50;0.020
8003;15.0;22.0;5.50;0.030
8004;15.0;22.0;5.50;0.040
8005;15.0;22.0;5.50;0.050
8006;15.0;22.0;5.50;0.060
8007;15.0;22.0;5.50;0.070
8008;15.0;22.0;5.50;0.080
8009;15.0;22.0;5.50;0.090
8010;15.0;22.0;5.50;0.100
8011;17.0;22.0;5.50;0.010
8012;17.0;22.0;5.50;0.020
8013;17.0;22.0;5.50;0.030
8014;17.0;22.0;5.50;0.040
8015;17.0;22.0;5.50;0.050
8016;17.0;22.0;5.50;0.060
8017;17.0;22.0;5.50;0.070
8018;17.0;22.0;5.50;0.080
8019;17.0;22.0;5.50;0.090
8020;17.0;22.0;5.50;0.100
8021;19.0;22.0;5.50;0.010
8022;19.0;22.0;5.50;0.020
8023;19.0;22.0;5.50;0.030
8024;19.0;22.0;5.50;0.040
8025;19.0;22.0;5.50;0.050
8026;19.0;22.0;5.50;0.060
8027;19.0;22.0;5.50;0.070
8028;19.0;22.0;5.50;0.080
8029;19.0;22.0;5.50;0.090
8030;19.0;22.0;5.50;0.100
8031;21.0;22.0;5.50;0.010
8032;21.0;22.0;5.50;0.020
8033;21.0;22.0;5.50;0.030
8034;21.0;22.0;5.50;0.040
8035;21.0;22.0;5.50;0.050
8036;21.0;22.0;5.50;0.060
8037;21.0;22.0;5.50;0.070
8038;21.0;22.0;5.50;0.080
8039;21.0;22.0;5.50;0.090
8040;21.0;22.0;5.50;0.100
8041;23.0;22.0;5.50;0.010
8042;23.0;22.0;5.50;0.020
8043;23.0;22.0;5.50;0.030
8044;23.0;22.0;5.50;0.040
8045;23.0;22.0;5.50;0.050
8046;23.0;22.0;5.50;0.060
8047;23.0;22.0;5.50;0.070
8048;23.0;22.0;5.50;0.080
8049;23.0;22.0;5.50;0.090
8050;23.0;22.0;5.50;0.100
8051;25.0;22.0;5.50;0.010
8052;25.0;22.0;5.50;0.020
8053;25.0;22.0;5.50;0.030
8054;25.0;22.0;5.50;0.040
8055;25.0;22.0;5.50;0.050
8056;25.0;22.0;5.50;0.060
8057;25.0;22.0;5.50;0.070
8058;25.0;22.0;5.50;0.080
8059;25.0;22.0;5.50;0.090
8060;25.0;22.0;5.50;0.100
8061;1.0;24.0;5.50;0.010
8062;1.0;24.0;5.50;0.020
8063;1.0;24.0;5.50;0.030
8064;1.0;24.0;5.50;0.040
8065;1.0;24.0;5.50;0.050
8066;1.0;24.0;5.50;0.060
8067;1.0;24.0;5.50;0.070
8068;1.0;24.0;5.50;0.080
8069;1.0;24.0;5.50;0.090
8070;1.0;24.0;5.50;0.100
8071;3.0;24.0;5.50;0.010
8072;3.0;24.0;5.50;0.020
8073;3.0;24.0;5.50;0.030
8074;3.0;24.0;5.50;0.040
8075;3.0;24.0;5.50;0.050
8076;3.0;24.0;5.50;0.060
8077;3.0;24.0;5.50;0.070
8078;3.0;24.0;5.50;0.080
8079;3.0;24.0;5.50;0.090
8080;3.0;24.0;5.50;0.100
8081;5.0;24.0;5.50;0.010
8082;5.0;24.0;5.50;0.020
8083;5.0;24.0;5.50;0.030
8084;5.0;24.0;5.50;0.040
8085;5.0;24.0;5.50;0.050
8086;5.0;24.0;5.50;0.060
8087;5.0;24.0;5.50;0.070
8088;5.0;24.0;5.50;0.080
8089;5.0;24.0;5.50;0.090
8090;5.0;24.0;5.50;0.100
8091;7.0;24.0;5.50;0.010
8092;7.0;24.0;5.50;0.020
8093;7.0;24.0;5.50;0.030
8094;7.0;24.0;5.50;0.040
8095;7.0;24.0;5.50;0.050
8096;7.0;24.0;5.50;0.060
8097;7.0;24.0;5.50;0.070
8098;7.0;24.0;5.50;0.080
8099;7.0;24.0;5.50;0.090
8100;7.0;24.0;5.50;0.100
8101;9.0;24.0;5.50;0.010
8102;9.0;24.0;5.50;0.020
8103;9.0;24.0;5.50;0.030
8104;9.0;24.0;5.50;0.040
8105;9.0;24.0;5.50;0.050
8106;9.0;24.0;5.50;0.060
8107;9.0;24.0;5.50;0.070
8108;9.0;24.0;5.50;0.080
8109;9.0;24.0;5.50;0.090
8110;9.0;24.0;5.50;0.100
8111;11.0;24.0;5.50;0.010
8112;11.0;24.0;5.50;0.020
8113;11.0;24.0;5.50;0.030
8114;11.0;24.0;5.50;0.040
8115;11.0;24.0;5.50;0.050
8116;11.0;24.0;5.50;0.060
8117;11.0;24.0;5.50;0.070
8118;11.0;24.0;5.50;0.080
8119;11.0;24.0;5.50;0.090
8120;11.0;24.0;5.50;0.100
8121;13.0;24.0;5.50;0.010
8122;13.0;24.0;5.50;0.020
8123;13.0;24.0;5.50;0.030
8124;13.0;24.0;5.50;0.040
8125;13.0;24.0;5.50;0.050
8126;13.0;24.0;5.50;0.060
8127;13.0;24.0;5.50;0.070
8128;13.0;24.0;5.50;0.080
8129;13.0;24.0;5.50;0.090
8130;13.0;24.0;5.50;0.100
8131;15.0;24.0;5.50;0.010
8132;15.0;24.0;5.50;0.020
8133;15.0;24.0;5.50;0.030
8134;15.0;24.0;5.50;0.040
8135;15.0;24.0;5.50;0.050
8136;15.0;24.0;5.50;0.060
8137;15.0;24.0;5.50;0.070
8138;15.0;24.0;5.50;0.080
8139;15.0;24.0;5.50;0.090
8140;15.0;24.0;5.50;0.100
8141;17.0;24.0;5.50;0.010
8142;17.0;24.0;5.50;0.020
8143;17.0;24.0;5.50;0.030
8144;17.0;24.0;5.50;0.040
8145;17.0;24.0;5.50;0.050
8146;17.0;24.0;5.50;0.060
8147;17.0;24.0;5.50;0.070
8148;17.0;24.0;5.50;0.080
8149;17.0;24.0;5.50;0.090
8150;17.0;24.0;5.50;0.100
8151;19.0;24.0;5.50;0.010
8152;19.0;24.0;5.50;0.020
8153;19.0;24.0;5.50;0.030
8154;19.0;24.0;5.50;0.040
8155;19.0;24.0;5.50;0.050
8156;19.0;24.0;5.50;0.060
8157;19.0;24.0;5.50;0.070
8158;19.0;24.0;5.50;0.080
8159;19.0;24.0;5.50;0.090
8160;19.0;24.0;5.50;0.100
8161;21.0;24.0;5.50;0.010
8162;21.0;24.0;5.50;0.020
8163;21.0;24.0;5.50;0.030
8164;21.0;24.0;5.50;0.040
8165;21.0;24.0;5.50;0.050
8166;21.0;24.0;5.50;0.060
8167;21.0;24.0;5.50;0.070
8168;21.0;24.0;5.50;0.080
8169;21.0;24.0;5.50;0.090
8170;21.0;24.0;5.50;0.100
8171;23.0;24.0;5.50;0.010
8172;23.0;24.0;5.50;0.020
8173;23.0;24.0;5.50;0.030
8174;23.0;24.0;5.50;0.040
8175;23.0;24.0;5.50;0.050
8176;23.0;24.0;5.50;0.060
8177;23.0;24.0;5.50;0.070
8178;23.0;24.0;5.50;0.080
8179;23.0;24.0;5.50;0.090
8180;23.0;24.0;5.50;0.100
8181;25.0;24.0;5.50;0.010
8182;25.0;24.0;5.50;0.020
8183;25.0;24.0;5.50;0.030
8184;25.0;24.0;5.50;0.040
8185;25.0;24.0;5.50;0.050
8186;25.0;24.0;5.50;0.060
8187;25.0;24.0;5.50;0.070
8188;25.0;24.0;5.50;0.080
8189;25.0;24.0;5.50;0.090
8190;25.0;24.0;5.50;0.100
8191;1.0;26.0;5.50;0.010
8192;1.0;26.0;5.50;0.020
8193;1.0;26.0;5.50;0.030
8194;1.0;26.0;5.50;0.040
8195;1.0;26.0;5.50;0.050
8196;1.0;26.0;5.50;0.060
8197;1.0;26.0;5.50;0.070
8198;1.0;26.0;5.50;0.080
8199;1.0;26.0;5.50;0.090
8200;1.0;26.0;5.50;0.100
8201;3.0;26.0;5.50;0.010
8202;3.0;26.0;5.50;0.020
8203;3.0;26.0;5.50;0.030
8204;3.0;26.0;5.50;0.040
8205;3.0;26.0;5.50;0.050
8206;3.0;26.0;5.50;0.060
8207;3.0;26.0;5.50;0.070
8208;3.0;26.0;5.50;0.080
8209;3.0;26.0;5.50;0.090
8210;3.0;26.0;5.50;0.100
8211;5.0;26.0;5.50;0.010
8212;5.0;26.0;5.50;0.020
8213;5.0;26.0;5.50;0.030
8214;5.0;26.0;5.50;0.040
8215;5.0;26.0;5.50;0.050
8216;5.0;26.0;5.50;0.060
8217;5.0;26.0;5.50;0.070
8218;5.0;26.0;5.50;0.080
8219;5.0;26.0;5.50;0.090
8220;5.0;26.0;5.50;0.100
8221;7.0;26.0;5.50;0.010
8222;7.0;26.0;5.50;0.020
8223;7.0;26.0;5.50;0.030
8224;7.0;26.0;5.50;0.040
8225;7.0;26.0;5.50;0.050
8226;7.0;26.0;5.50;0.060
8227;7.0;26.0;5.50;0.070
8228;7.0;26.0;5.50;0.080
8229;7.0;26.0;5.50;0.090
8230;7.0;26.0;5.50;0.100
8231;9.0;26.0;5.50;0.010
8232;9.0;26.0;5.50;0.020
8233;9.0;26.0;5.50;0.030
8234;9.0;26.0;5.50;0.040
8235;9.0;26.0;5.50;0.050
8236;9.0;26.0;5.50;0.060
8237;9.0;26.0;5.50;0.070
8238;9.0;26.0;5.50;0.080
8239;9.0;26.0;5.50;0.090
8240;9.0;26.0;5.50;0.100
8241;11.0;26.0;5.50;0.010
8242;11.0;26.0;5.50;0.020
8243;11.0;26.0;5.50;0.030
8244;11.0;26.0;5.50;0.040
8245;11.0;26.0;5.50;0.050
8246;11.0;26.0;5.50;0.060
8247;11.0;26.0;5.50;0.070
8248;11.0;26.0;5.50;0.080
8249;11.0;26.0;5.50;0.090
8250;11.0;26.0;5.50;0.100
8251;13.0;26.0;5.50;0.010
8252;13.0;26.0;5.50;0.020
8253;13.0;26.0;5.50;0.030
8254;13.0;26.0;5.50;0.040
8255;13.0;26.0;5.50;0.050
8256;13.0;26.0;5.50;0.060
8257;13.0;26.0;5.50;0.070
8258;13.0;26.0;5.50;0.080
8259;13.0;26.0;5.50;0.090
8260;13.0;26.0;5.50;0.100
8261;15.0;26.0;5.50;0.010
8262;15.0;26.0;5.50;0.020
8263;15.0;26.0;5.50;0.030
8264;15.0;26.0;5.50;0.040
8265;15.0;26.0;5.50;0.050
8266;15.0;26.0;5.50;0.060
8267;15.0;26.0;5.50;0.070
8268;15.0;26.0;5.50;0.080
8269;15.0;26.0;5.50;0.090
8270;15.0;26.0;5.50;0.100
8271;17.0;26.0;5.50;0.010
8272;17.0;26.0;5.50;0.020
8273;17.0;26.0;5.50;0.030
8274;17.0;26.0;5.50;0.040
8275;17.0;26.0;5.50;0.050
8276;17.0;26.0;5.50;0.060
8277;17.0;26.0;5.50;0.070
8278;17.0;26.0;5.50;0.080
8279;17.0;26.0;5.50;0.090
8280;17.0;26.0;5.50;0.100
8281;19.0;26.0;5.50;0.010
8282;19.0;26.0;5.50;0.020
8283;19.0;26.0;5.50;0.030
8284;19.0;26.0;5.50;0.040
8285;19.0;26.0;5.50;0.050
8286;19.0;26.0;5.50;0.060
8287;19.0;26.0;5.50;0.070
8288;19.0;26.0;5.50;0.080
8289;19.0;26.0;5.50;0.090
8290;19.0;26.0;5.50;0.100
8291;21.0;26.0;5.50;0.010
8292;21.0;26.0;5.50;0.020
8293;21.0;26.0;5.50;0.030
8294;21.0;26.0;5.50;0.040
8295;21.0;26.0;5.50;0.050
8296;21.0;26.0;5.50;0.060
8297;21.0;26.0;5.50;0.070
8298;21.0;26.0;5.50;0.080
8299;21.0;26.0;5.50;0.090
8300;21.0;26.0;5.50;0.100
8301;23.0;26.0;5.50;0.010
8302;23.0;26.0;5.50;0.020
8303;23.0;26.0;5.50;0.030
8304;23.0;26.0;5.50;0.040
8305;23.0;26.0;5.50;0.050
8306;23.0;26.0;5.50;0.060
8307;23.0;26.0;5.50;0.070
8308;23.0;26.0;5.50;0.080
8309;23.0;26.0;5.50;0.090
8310;23.0;26.0;5.50;0.100
8311;25.0;26.0;5.50;0.010
8312;25.0;26.0;5.50;0.020
8313;25.0;26.0;5.50;0.030
8314;25.0;26.0;5.50;0.040
8315;25.0;26.0;5.50;0.050
8316;25.0;26.0;5.50;0.060
8317;25.0;26.0;5.50;0.070
8318;25.0;26.0;5.50;0.080
8319;25.0;26.0;5.50;0.090
8320;25.0;26.0;5.50;0.100
8321;1.0;28.0;5.50;0.010
8322;1.0;28.0;5.50;0.020
8323;1.0;28.0;5.50;0.030
8324;1.0;28.0;5.50;0.040
8325;1.0;28.0;5.50;0.050
8326;1.0;28.0;5.50;0.060
8327;1.0;28.0;5.50;0.070
8328;1.0;28.0;5.50;0.080
8329;1.0;28.0;5.50;0.090
8330;1.0;28.0;5.50;0.100
8331;3.0;28.0;5.50;0.010
8332;3.0;28.0;5.50;0.020
8333;3.0;28.0;5.50;0.030
8334;3.0;28.0;5.50;0.040
8335;3.0;28.0;5.50;0.050
8336;3.0;28.0;5.50;0.060
8337;3.0;28.0;5.50;0.070
8338;3.0;28.0;5.50;0.080
8339;3.0;28.0;5.50;0.090
8340;3.0;28.0;5.50;0.100
8341;5.0;28.0;5.50;0.010
8342;5.0;28.0;5.50;0.020
8343;5.0;28.0;5.50;0.030
8344;5.0;28.0;5.50;0.040
8345;5.0;28.0;5.50;0.050
8346;5.0;28.0;5.50;0.060
8347;5.0;28.0;5.50;0.070
8348;5.0;28.0;5.50;0.080
8349;5.0;28.0;5.50;0.090
8350;5.0;28.0;5.50;0.100
8351;7.0;28.0;5.50;0.010
8352;7.0;28.0;5.50;0.020
8353;7.0;28.0;5.50;0.030
8354;7.0;28.0;5.50;0.040
8355;7.0;28.0;5.50;0.050
8356;7.0;28.0;5.50;0.060
8357;7.0;28.0;5.50;0.070
8358;7.0;28.0;5.50;0.080
8359;7.0;28.0;5.50;0.090
8360;7.0;28.0;5.50;0.100
8361;9.0;28.0;5.50;0.010
8362;9.0;28.0;5.50;0.020
8363;9.0;28.0;5.50;0.030
8364;9.0;28.0;5.50;0.040
8365;9.0;28.0;5.50;0.050
8366;9.0;28.0;5.50;0.060
8367;9.0;28.0;5.50;0.070
8368;9.0;28.0;5.50;0.080
8369;9.0;28.0;5.50;0.090
8370;9.0;28.0;5.50;0.100
8371;11.0;28.0;5.50;0.010
8372;11.0;28.0;5.50;0.020
8373;11.0;28.0;5.50;0.030
8374;11.0;28.0;5.50;0.040
8375;11.0;28.0;5.50;0.050
8376;11.0;28.0;5.50;0.060
8377;11.0;28.0;5.50;0.070
8378;11.0;28.0;5.50;0.080
8379;11.0;28.0;5.50;0.090
8380;11.0;28.0;5.50;0.100
8381;13.0;28.0;5.50;0.010
8382;13.0;28.0;5.50;0.020
8383;13.0;28.0;5.50;0.030
8384;13.0;28.0;5.50;0.040
8385;13.0;28.0;5.50;0.050
8386;13.0;28.0;5.50;0.060
8387;13.0;28.0;5.50;0.070
8388;13.0;28.0;5.50;0.080
8389;13.0;28.0;5.50;0.090
8390;13.0;28.0;5.50;0.100
8391;15.0;28.0;5.50;0.010
8392;15.0;28.0;5.50;0.020
8393;15.0;28.0;5.50;0.030
8394;15.0;28.0;5.50;0.040
8395;15.0;28.0;5.50;0.050
8396;15.0;28.0;5.50;0.060
8397;15.0;28.0;5.50;0.070
8398;15.0;28.0;5.50;0.080
8399;15.0;28.0;5.50;0.090
8400;15.0;28.0;5.50;0.100
8401;17.0;28.0;5.50;0.010
8402;17.0;28.0;5.50;0.020
8403;17.0;28.0;5.50;0.030
8404;17.0;28.0;5.50;0.040
8405;17.0;28.0;5.50;0.050
8406;17.0;28.0;5.50;0.060
8407;17.0;28.0;5.50;0.070
8408;17.0;28.0;5.50;0.080
8409;17.0;28.0;5.50;0.090
8410;17.0;28.0;5.50;0.100
8411;19.0;28.0;5.50;0.010
8412;19.0;28.0;5.50;0.020
8413;19.0;28.0;5.50;0.030
8414;19.0;28.0;5.50;0.040
8415;19.0;28.0;5.50;0.050
8416;19.0;28.0;5.50;0.060
8417;19.0;28.0;5.50;0.070
8418;19.0;28.0;5.50;0.080
8419;19.0;28.0;5.50;0.090
8420;19.0;28.0;5.50;0.100
8421;21.0;28.0;5.50;0.010
8422;21.0;28.0;5.50;0.020
8423;21.0;28.0;5.50;0.030
8424;21.0;28.0;5.50;0.040
8425;21.0;28.0;5.50;0.050
8426;21.0;28.0;5.50;0.060
8427;21.0;28.0;5.50;0.070
8428;21.0;28.0;5.50;0.080
8429;21.0;28.0;5.50;0.090
8430;21.0;28.0;5.50;0.100
8431;23.0;28.0;5.50;0.010
8432;23.0;28.0;5.50;0.020
8433;23.0;28.0;5.50;0.030
8434;23.0;28.0;5.50;0.040
8435;23.0;28.0;5.50;0.050
8436;23.0;28.0;5.50;0.060
8437;23.0;28.0;5.50;0.070
8438;23.0;28.0;5.50;0.080
8439;23.0;28.0;5.50;0.090
8440;23.0;28.0;5.50;0.100
8441;25.0;28.0;5.50;0.010
8442;25.0;28.0;5.50;0.020
8443;25.0;28.0;5.50;0.030
8444;25.0;28.0;5.50;0.040
8445;25.0;28.0;5.50;0.050
8446;25.0;28.0;5.50;0.060
8447;25.0;28.0;5.50;0.070
8448;25.0;28.0;5.50;0.080
8449;25.0;28.0;5.50;0.090
8450;25.0;28.0;5.50;0.100
8451;1.0;30.0;5.50;0.010
8452;1.0;30.0;5.50;0.020
8453;1.0;30.0;5.50;0.030
8454;1.0;30.0;5.50;0.040
8455;1.0;30.0;5.50;0.050
8456;1.0;30.0;5.50;0.060
8457;1.0;30.0;5.50;0.070
8458;1.0;30.0;5.50;0.080
8459;1.0;30.0;5.50;0.090
8460;1.0;30.0;5.50;0.100
8461;3.0;30.0;5.50;0.010
8462;3.0;30.0;5.50;0.020
8463;3.0;30.0;5.50;0.030
8464;3.0;30.0;5.50;0.040
8465;3.0;30.0;5.50;0.050
8466;3.0;30.0;5.50;0.060
8467;3.0;30.0;5.50;0.070
8468;3.0;30.0;5.50;0.080
8469;3.0;30.0;5.50;0.090
8470;3.0;30.0;5.50;0.100
8471;5.0;30.0;5.50;0.010
8472;5.0;30.0;5.50;0.020
8473;5.0;30.0;5.50;0.030
8474;5.0;30.0;5.50;0.040
8475;5.0;30.0;5.50;0.050
8476;5.0;30.0;5.50;0.060
8477;5.0;30.0;5.50;0.070
8478;5.0;30.0;5.50;0.080
8479;5.0;30.0;5.50;0.090
8480;5.0;30.0;5.50;0.100
8481;7.0;30.0;5.50;0.010
8482;7.0;30.0;5.50;0.020
8483;7.0;30.0;5.50;0.030
8484;7.0;30.0;5.50;0.040
8485;7.0;30.0;5.50;0.050
8486;7.0;30.0;5.50;0.060
8487;7.0;30.0;5.50;0.070
8488;7.0;30.0;5.50;0.080
8489;7.0;30.0;5.50;0.090
8490;7.0;30.0;5.50;0.100
8491;9.0;30.0;5.50;0.010
8492;9.0;30.0;5.50;0.020
8493;9.0;30.0;5.50;0.030
8494;9.0;30.0;5.50;0.040
8495;9.0;30.0;5.50;0.050
8496;9.0;30.0;5.50;0.060
8497;9.0;30.0;5.50;0.070
8498;9.0;30.0;5.50;0.080
8499;9.0;30.0;5.50;0.090
8500;9.0;30.0;5.50;0.100
8501;11.0;30.0;5.50;0.010
8502;11.0;30.0;5.50;0.020
8503;11.0;30.0;5.50;0.030
8504;11.0;30.0;5.50;0.040
8505;11.0;30.0;5.50;0.050
8506;11.0;30.0;5.50;0.060
8507;11.0;30.0;5.50;0.070
8508;11.0;30.0;5.50;0.080
8509;11.0;30.0;5.50;0.090
8510;11.0;30.0;5.50;0.100
8511;13.0;30.0;5.50;0.010
8512;13.0;30.0;5.50;0.020
8513;13.0;30.0;5.50;0.030
8514;13.0;30.0;5.50;0.040
8515;13.0;30.0;5.50;0.050
8516;13.0;30.0;5.50;0.060
8517;13.0;30.0;5.50;0.070
8518;13.0;30.0;5.50;0.080
8519;13.0;30.0;5.50;0.090
8520;13.0;30.0;5.50;0.100
8521;15.0;30.0;5.50;0.010
8522;15.0;30.0;5.50;0.020
8523;15.0;30.0;5.50;0.030
8524;15.0;30.0;5.50;0.040
8525;15.0;30.0;5.50;0.050
8526;15.0;30.0;5.50;0.060
8527;15.0;30.0;5.50;0.070
8528;15.0;30.0;5.50;0.080
8529;15.0;30.0;5.50;0.090
8530;15.0;30.0;5.50;0.100
8531;17.0;30.0;5.50;0.010
8532;17.0;30.0;5.50;0.020
8533;17.0;30.0;5.50;0.030
8534;17.0;30.0;5.50;0.040
8535;17.0;30.0;5.50;0.050
8536;17.0;30.0;5.50;0.060
8537;17.0;30.0;5.50;0.070
8538;17.0;30.0;5.50;0.080
8539;17.0;30.0;5.50;0.090
8540;17.0;30.0;5.50;0.100
8541;19.0;30.0;5.50;0.010
8542;19.0;30.0;5.50;0.020
8543;19.0;30.0;5.50;0.030
8544;19.0;30.0;5.50;0.040
8545;19.0;30.0;5.50;0.050
8546;19.0;30.0;5.50;0.060
8547;19.0;30.0;5.50;0.070
8548;19.0;30.0;5.50;0.080
8549;19.0;30.0;5.50;0.090
8550;19.0;30.0;5.50;0.100
8551;21.0;30.0;5.50;0.010
8552;21.0;30.0;5.50;0.020
8553;21.0;30.0;5.50;0.030
8554;21.0;30.0;5.50;0.040
8555;21.0;30.0;5.50;0.050
8556;21.0;30.0;5.50;0.060
8557;21.0;30.0;5.50;0.070
8558;21.0;30.0;5.50;0.080
8559;21.0;30.0;5.50;0.090
8560;21.0;30.0;5.50;0.100
8561;23.0;30.0;5.50;0.010
8562;23.0;30.0;5.50;0.020
8563;23.0;30.0;5.50;0.030
8564;23.0;30.0;5.50;0.040
8565;23.0;30.0;5.50;0.050
8566;23.0;30.0;5.50;0.060
8567;23.0;30.0;5.50;0.070
8568;23.0;30.0;5.50;0.080
8569;23.0;30.0;5.50;0.090
8570;23.0;30.0;5.50;0.100
8571;25.0;30.0;5.50;0.010
8572;25.0;30.0;5.50;0.020
8573;25.0;30.0;5.50;0.030
8574;25.0;30.0;5.50;0.040
8575;25.0;30.0;5.50;0.050
8576;25.0;30.0;5.50;0.060
8577;25.0;30.0;5.50;0.070
8578;25.0;30.0;5.50;0.080
8579;25.0;30.0;5.50;0.090
8580;25.0;30.0;5.50;0.100
8581;1.0;10.0;6.50;0.010
8582;1.0;10.0;6.50;0.020
8583;1.0;10.0;6.50;0.030
8584;1.0;10.0;6.50;0.040
8585;1.0;10.0;6.50;0.050
8586;1.0;10.0;6.50;0.060
8587;1.0;10.0;6.50;0.070
8588;1.0;10.0;6.50;0.080
8589;1.0;10.0;6.50;0.090
8590;1.0;10.0;6.50;0.100
8591;3.0;10.0;6.50;0.010
8592;3.0;10.0;6.50;0.020
8593;3.0;10.0;6.50;0.030
8594;3.0;10.0;6.50;0.040
8595;3.0;10.0;6.50;0.050
8596;3.0;10.0;6.50;0.060
8597;3.0;10.0;6.50;0.070
8598;3.0;10.0;6.50;0.080
8599;3.0;10.0;6.50;0.090
8600;3.0;10.0;6.50;0.100
8601;5.0;10.0;6.50;0.010
8602;5.0;10.0;6.50;0.020
8603;5.0;10.0;6.50;0.030
8604;5.0;10.0;6.50;0.040
8605;5.0;10.0;6.50;0.050
8606;5.0;10.0;6.50;0.060
8607;5.0;10.0;6.50;0.070
8608;5.0;10.0;6.50;0.080
8609;5.0;10.0;6.50;0.090
8610;5.0;10.0;6.50;0.100
8611;7.0;10.0;6.50;0.010
8612;7.0;10.0;6.50;0.020
8613;7.0;10.0;6.50;0.030
8614;7.0;10.0;6.50;0.040
8615;7.0;10.0;6.50;0.050
8616;7.0;10.0;6.50;0.060
8617;7.0;10.0;6.50;0.070
8618;7.0;10.0;6.50;0.080
8619;7.0;10.0;6.50;0.090
8620;7.0;10.0;6.50;0.100
8621;9.0;10.0;6.50;0.010
8622;9.0;10.0;6.50;0.020
8623;9.0;10.0;6.50;0.030
8624;9.0;10.0;6.50;0.040
8625;9.0;10.0;6.50;0.050
8626;9.0;10.0;6.50;0.060
8627;9.0;10.0;6.50;0.070
8628;9.0;10.0;6.50;0.080
8629;9.0;10.0;6.50;0.090
8630;9.0;10.0;6.50;0.100
8631;11.0;10.0;6.50;0.010
8632;11.0;10.0;6.50;0.020
8633;11.0;10.0;6.50;0.030
8634;11.0;10.0;6.50;0.040
8635;11.0;10.0;6.50;0.050
8636;11.0;10.0;6.50;0.060
8637;11.0;10.0;6.50;0.070
8638;11.0;10.0;6.50;0.080
8639;11.0;10.0;6.50;0.090
8640;11.0;10.0;6.50;0.100
8641;13.0;10.0;6.50;0.010
8642;13.0;10.0;6.50;0.020
8643;13.0;10.0;6.50;0.030
8644;13.0;10.0;6.50;0.040
8645;13.0;10.0;6.50;0.050
8646;13.0;10.0;6.50;0.060
8647;13.0;10.0;6.50;0.070
8648;13.0;10.0;6.50;0.080
8649;13.0;10.0;6.50;0.090
8650;13.0;10.0;6.50;0.100
8651;15.0;10.0;6.50;0.010
8652;15.0;10.0;6.50;0.020
8653;15.0;10.0;6.50;0.030
8654;15.0;10.0;6.50;0.040
8655;15.0;10.0;6.50;0.050
8656;15.0;10.0;6.50;0.060
8657;15.0;10.0;6.50;0.070
8658;15.0;10.0;6.50;0.080
8659;15.0;10.0;6.50;0.090
8660;15.0;10.0;6.50;0.100
8661;17.0;10.0;6.50;0.010
8662;17.0;10.0;6.50;0.020
8663;17.0;10.0;6.50;0.030
8664;17.0;10.0;6.50;0.040
8665;17.0;10.0;6.50;0.050
8666;17.0;10.0;6.50;0.060
8667;17.0;10.0;6.50;0.070
8668;17.0;10.0;6.50;0.080
8669;17.0;10.0;6.50;0.090
8670;17.0;10.0;6.50;0.100
8671;19.0;10.0;6.50;0.010
8672;19.0;10.0;6.50;0.020
8673;19.0;10.0;6.50;0.030
8674;19.0;10.0;6.50;0.040
8675;19.0;10.0;6.50;0.050
8676;19.0;10.0;6.50;0.060
8677;19.0;10.0;6.50;0.070
8678;19.0;10.0;6.50;0.080
8679;19.0;10.0;6.50;0.090
8680;19.0;10.0;6.50;0.100
8681;21.0;10.0;6.50;0.010
8682;21.0;10.0;6.50;0.020
8683;21.0;10.0;6.50;0.030
8684;21.0;10.0;6.50;0.040
8685;21.0;10.0;6.50;0.050
8686;21.0;10.0;6.50;0.060
8687;21.0;10.0;6.50;0.070
8688;21.0;10.0;6.50;0.080
8689;21.0;10.0;6.50;0.090
8690;21.0;10.0;6.50;0.100
8691;23.0;10.0;6.50;0.010
8692;23.0;10.0;6.50;0.020
8693;23.0;10.0;6.50;0.030
8694;23.0;10.0;6.50;0.040
8695;23.0;10.0;6.50;0.050
8696;23.0;10.0;6.50;0.060
8697;23.0;10.0;6.50;0.070
8698;23.0;10.0;6.50;0.080
8699;23.0;10.0;6.50;0.090
8700;23.0;10.0;6.50;0.100
8701;25.0;10.0;6.50;0.010
8702;25.0;10.0;6.50;0.020
8703;25.0;10.0;6.50;0.030
8704;25.0;10.0;6.50;0.040
8705;25.0;10.0;6.50;0.050
8706;25.0;10.0;6.50;0.060
8707;25.0;10.0;6.50;0.070
8708;25.0;10.0;6.50;0.080
8709;25.0;10.0;6.50;0.090
8710;25.0;10.0;6.50;0.100
8711;1.0;12.0;6.50;0.010
8712;1.0;12.0;6.50;0.020
8713;1.0;12.0;6.50;0.030
8714;1.0;12.0;6.50;0.040
8715;1.0;12.0;6.50;0.050
8716;1.0;12.0;6.50;0.060
8717;1.0;12.0;6.50;0.070
8718;1.0;12.0;6.50;0.080
8719;1.0;12.0;6.50;0.090
8720;1.0;12.0;6.50;0.100
8721;3.0;12.0;6.50;0.010
8722;3.0;12.0;6.50;0.020
8723;3.0;12.0;6.50;0.030
8724;3.0;12.0;6.50;0.040
8725;3.0;12.0;6.50;0.050
8726;3.0;12.0;6.50;0.060
8727;3.0;12.0;6.50;0.070
8728;3.0;12.0;6.50;0.080
8729;3.0;12.0;6.50;0.090
8730;3.0;12.0;6.50;0.100
8731;5.0;12.0;6.50;0.010
8732;5.0;12.0;6.50;0.020
8733;5.0;12.0;6.50;0.030
8734;5.0;12.0;6.50;0.040
8735;5.0;12.0;6.50;0.050
8736;5.0;12.0;6.50;0.060
8737;5.0;12.0;6.50;0.070
8738;5.0;12.0;6.50;0.080
8739;5.0;12.0;6.50;0.090
8740;5.0;12.0;6.50;0.100
8741;7.0;12.0;6.50;0.010
8742;7.0;12.0;6.50;0.020
8743;7.0;12.0;6.50;0.030
8744;7.0;12.0;6.50;0.040
8745;7.0;12.0;6.50;0.050
8746;7.0;12.0;6.50;0.060
8747;7.0;12.0;6.50;0.070
8748;7.0;12.0;6.50;0.080
8749;7.0;12.0;6.50;0.090
8750;7.0;12.0;6.50;0.100
8751;9.0;12.0;6.50;0.010
8752;9.0;12.0;6.50;0.020
8753;9.0;12.0;6.50;0.030
8754;9.0;12.0;6.50;0.040
8755;9.0;12.0;6.50;0.050
8756;9.0;12.0;6.50;0.060
8757;9.0;12.0;6.50;0.070
8758;9.0;12.0;6.50;0.080
8759;9.0;12.0;6.50;0.090
8760;9.0;12.0;6.50;0.100
8761;11.0;12.0;6.50;0.010
8762;11.0;12.0;6.50;0.020
8763;11.0;12.0;6.50;0.030
8764;11.0;12.0;6.50;0.040
8765;11.0;12.0;6.50;0.050
8766;11.0;12.0;6.50;0.060
8767;11.0;12.0;6.50;0.070
8768;11.0;12.0;6.50;0.080
8769;11.0;12.0;6.50;0.090
8770;11.0;12.0;6.50;0.100
8771;13.0;12.0;6.50;0.010
8772;13.0;12.0;6.50;0.020
8773;13.0;12.0;6.50;0.030
8774;13.0;12.0;6.50;0.040
8775;13.0;12.0;6.50;0.050
8776;13.0;12.0;6.50;0.060
8777;13.0;12.0;6.50;0.070
8778;13.0;12.0;6.50;0.080
8779;13.0;12.0;6.50;0.090
8780;13.0;12.0;6.50;0.100
8781;15.0;12.0;6.50;0.010
8782;15.0;12.0;6.50;0.020
8783;15.0;12.0;6.50;0.030
8784;15.0;12.0;6.50;0.040
8785;15.0;12.0;6.50;0.050
8786;15.0;12.0;6.50;0.060
8787;15.0;12.0;6.50;0.070
8788;15.0;12.0;6.50;0.080
8789;15.0;12.0;6.50;0.090
8790;15.0;12.0;6.50;0.100
8791;17.0;12.0;6.50;0.010
8792;17.0;12.0;6.50;0.020
8793;17.0;12.0;6.50;0.030
8794;17.0;12.0;6.50;0.040
8795;17.0;12.0;6.50;0.050
8796;17.0;12.0;6.50;0.060
8797;17.0;12.0;6.50;0.070
8798;17.0;12.0;6.50;0.080
8799;17.0;12.0;6.50;0.090
8800;17.0;12.0;6.50;0.100
8801;19.0;12.0;6.50;0.010
8802;19.0;12.0;6.50;0.020
8803;19.0;12.0;6.50;0.030
8804;19.0;12.0;6.50;0.040
8805;19.0;12.0;6.50;0.050
8806;19.0;12.0;6.50;0.060
8807;19.0;12.0;6.50;0.070
8808;19.0;12.0;6.50;0.080
8809;19.0;12.0;6.50;0.090
8810;19.0;12.0;6.50;0.100
8811;21.0;12.0;6.50;0.010
8812;21.0;12.0;6.50;0.020
8813;21.0;12.0;6.50;0.030
8814;21.0;12.0;6.50;0.040
8815;21.0;12.0;6.50;0.050
8816;21.0;12.0;6.50;0.060
8817;21.0;12.0;6.50;0.070
8818;21.0;12.0;6.50;0.080
8819;21.0;12.0;6.50;0.090
8820;21.0;12.0;6.50;0.100
8821;23.0;12.0;6.50;0.010
8822;23.0;12.0;6.50;0.020
8823;23.0;12.0;6.50;0.030
8824;23.0;12.0;6.50;0.040
8825;23.0;12.0;6.50;0.050
8826;23.0;12.0;6.50;0.060
8827;23.0;12.0;6.50;0.070
8828;23.0;12.0;6.50;0.080
8829;23.0;12.0;6.50;0.090
8830;23.0;12.0;6.50;0.100
8831;25.0;12.0;6.50;0.010
8832;25.0;12.0;6.50;0.020
8833;25.0;12.0;6.50;0.030
8834;25.0;12.0;6.50;0.040
8835;25.0;12.0;6.50;0.050
8836;25.0;12.0;6.50;0.060
8837;25.0;12.0;6.50;0.070
8838;25.0;12.0;6.50;0.080
8839;25.0;12.0;6.50;0.090
8840;25.0;12.0;6.50;0.100
8841;1.0;14.0;6.50;0.010
8842;1.0;14.0;6.50;0.020
8843;1.0;14.0;6.50;0.030
8844;1.0;14.0;6.50;0.040
8845;1.0;14.0;6.50;0.050
8846;1.0;14.0;6.50;0.060
8847;1.0;14.0;6.50;0.070
8848;1.0;14.0;6.50;0.080
8849;1.0;14.0;6.50;0.090
8850;1.0;14.0;6.50;0.100
8851;3.0;14.0;6.50;0.010
8852;3.0;14.0;6.50;0.020
8853;3.0;14.0;6.50;0.030
8854;3.0;14.0;6.50;0.040
8855;3.0;14.0;6.50;0.050
8856;3.0;14.0;6.50;0.060
8857;3.0;14.0;6.50;0.070
8858;3.0;14.0;6.50;0.080
8859;3.0;14.0;6.50;0.090
8860;3.0;14.0;6.50;0.100
8861;5.0;14.0;6.50;0.010
8862;5.0;14.0;6.50;0.020
8863;5.0;14.0;6.50;0.030
8864;5.0;14.0;6.50;0.040
8865;5.0;14.0;6.50;0.050
8866;5.0;14.0;6.50;0.060
8867;5.0;14.0;6.50;0.070
8868;5.0;14.0;6.50;0.080
8869;5.0;14.0;6.50;0.090
8870;5.0;14.0;6.50;0.100
8871;7.0;14.0;6.50;0.010
8872;7.0;14.0;6.50;0.020
8873;7.0;14.0;6.50;0.030
8874;7.0;14.0;6.50;0.040
8875;7.0;14.0;6.50;0.050
8876;7.0;14.0;6.50;0.060
8877;7.0;14.0;6.50;0.070
8878;7.0;14.0;6.50;0.080
8879;7.0;14.0;6.50;0.090
8880;7.0;14.0;6.50;0.100
8881;9.0;14.0;6.50;0.010
8882;9.0;14.0;6.50;0.020
8883;9.0;14.0;6.50;0.030
8884;9.0;14.0;6.50;0.040
8885;9.0;14.0;6.50;0.050
8886;9.0;14.0;6.50;0.060
8887;9.0;14.0;6.50;0.070
8888;9.0;14.0;6.50;0.080
8889;9.0;14.0;6.50;0.090
8890;9.0;14.0;6.50;0.100
8891;11.0;14.0;6.50;0.010
8892;11.0;14.0;6.50;0.020
8893;11.0;14.0;6.50;0.030
8894;11.0;14.0;6.50;0.040
8895;11.0;14.0;6.50;0.050
8896;11.0;14.0;6.50;0.060
8897;11.0;14.0;6.50;0.070
8898;11.0;14.0;6.50;0.080
8899;11.0;14.0;6.50;0.090
8900;11.0;14.0;6.50;0.100
8901;13.0;14.0;6.50;0.010
8902;13.0;14.0;6.50;0.020
8903;13.0;14.0;6.50;0.030
8904;13.0;14.0;6.50;0.040
8905;13.0;14.0;6.50;0.050
8906;13.0;14.0;6.50;0.060
8907;13.0;14.0;6.50;0.070
8908;13.0;14.0;6.50;0.080
8909;13.0;14.0;6.50;0.090
8910;13.0;14.0;6.50;0.100
8911;15.0;14.0;6.50;0.010
8912;15.0;14.0;6.50;0.020
8913;15.0;14.0;6.50;0.030
8914;15.0;14.0;6.50;0.040
8915;15.0;14.0;6.50;0.050
8916;15.0;14.0;6.50;0.060
8917;15.0;14.0;6.50;0.070
8918;15.0;14.0;6.50;0.080
8919;15.0;14.0;6.50;0.090
8920;15.0;14.0;6.50;0.100
8921;17.0;14.0;6.50;0.010
8922;17.0;14.0;6.50;0.020
8923;17.0;14.0;6.50;0.030
8924;17.0;14.0;6.50;0.040
8925;17.0;14.0;6.50;0.050
8926;17.0;14.0;6.50;0.060
8927;17.0;14.0;6.50;0.070
8928;17.0;14.0;6.50;0.080
8929;17.0;14.0;6.50;0.090
8930;17.0;14.0;6.50;0.100
8931;19.0;14.0;6.50;0.010
8932;19.0;14.0;6.50;0.020
8933;19.0;14.0;6.50;0.030
8934;19.0;14.0;6.50;0.040
8935;19.0;14.0;6.50;0.050
8936;19.0;14.0;6.50;0.060
8937;19.0;14.0;6.50;0.070
8938;19.0;14.0;6.50;0.080
8939;19.0;14.0;6.50;0.090
8940;19.0;14.0;6.50;0.100
8941;21.0;14.0;6.50;0.010
8942;21.0;14.0;6.50;0.020
8943;21.0;14.0;6.50;0.030
8944;21.0;14.0;6.50;0.040
8945;21.0;14.0;6.50;0.050
8946;21.0;14.0;6.50;0.060
8947;21.0;14.0;6.50;0.070
8948;21.0;14.0;6.50;0.080
8949;21.0;14.0;6.50;0.090
8950;21.0;14.0;6.50;0.100
8951;23.0;14.0;6.50;0.010
8952;23.0;14.0;6.50;0.020
8953;23.0;14.0;6.50;0.030
8954;23.0;14.0;6.50;0.040
8955;23.0;14.0;6.50;0.050
8956;23.0;14.0;6.50;0.060
8957;23.0;14.0;6.50;0.070
8958;23.0;14.0;6.50;0.080
8959;23.0;14.0;6.50;0.090
8960;23.0;14.0;6.50;0.100
8961;25.0;14.0;6.50;0.010
8962;25.0;14.0;6.50;0.020
8963;25.0;14.0;6.50;0.030
8964;25.0;14.0;6.50;0.040
8965;25.0;14.0;6.50;0.050
8966;25.0;14.0;6.50;0.060
8967;25.0;14.0;6.50;0.070
8968;25.0;14.0;6.50;0.080
8969;25.0;14.0;6.50;0.090
8970;25.0;14.0;6.50;0.100
8971;1.0;16.0;6.50;0.010
8972;1.0;16.0;6.50;0.020
8973;1.0;16.0;6.50;0.030
8974;1.0;16.0;6.50;0.040
8975;1.0;16.0;6.50;0.050
8976;1.0;16.0;6.50;0.060
8977;1.0;16.0;6.50;0.070
8978;1.0;16.0;6.50;0.080
8979;1.0;16.0;6.50;0.090
8980;1.0;16.0;6.50;0.100
8981;3.0;16.0;6.50;0.010
8982;3.0;16.0;6.50;0.020
8983;3.0;16.0;6.50;0.030
8984;3.0;16.0;6.50;0.040
8985;3.0;16.0;6.50;0.050
8986;3.0;16.0;6.50;0.060
8987;3.0;16.0;6.50;0.070
8988;3.0;16.0;6.50;0.080
8989;3.0;16.0;6.50;0.090
8990;3.0;16.0;6.50;0.100
8991;5.0;16.0;6.50;0.010
8992;5.0;16.0;6.50;0.020
8993;5.0;16.0;6.50;0.030
8994;5.0;16.0;6.50;0.040
8995;5.0;16.0;6.50;0.050
8996;5.0;16.0;6.50;0.060
8997;5.0;16.0;6.50;0.070
8998;5.0;16.0;6.50;0.080
8999;5.0;16.0;6.50;0.090
9000;5.0;16.0;6.50;0.100
9001;7.0;16.0;6.50;0.010
9002;7.0;16.0;6.50;0.020
9003;7.0;16.0;6.50;0.030
9004;7.0;16.0;6.50;0.040
9005;7.0;16.0;6.50;0.050
9006;7.0;16.0;6.50;0.060
9007;7.0;16.0;6.50;0.070
9008;7.0;16.0;6.50;0.080
9009;7.0;16.0;6.50;0.090
9010;7.0;16.0;6.50;0.100
9011;9.0;16.0;6.50;0.010
9012;9.0;16.0;6.50;0.020
9013;9.0;16.0;6.50;0.030
9014;9.0;16.0;6.50;0.040
9015;9.0;16.0;6.50;0.050
9016;9.0;16.0;6.50;0.060
9017;9.0;16.0;6.50;0.070
9018;9.0;16.0;6.50;0.080
9019;9.0;16.0;6.50;0.090
9020;9.0;16.0;6.50;0.100
9021;11.0;16.0;6.50;0.010
9022;11.0;16.0;6.50;0.020
9023;11.0;16.0;6.50;0.030
9024;11.0;16.0;6.50;0.040
9025;11.0;16.0;6.50;0.050
9026;11.0;16.0;6.50;0.060
9027;11.0;16.0;6.50;0.070
9028;11.0;16.0;6.50;0.080
9029;11.0;16.0;6.50;0.090
9030;11.0;16.0;6.50;0.100
9031;13.0;16.0;6.50;0.010
9032;13.0;16.0;6.50;0.020
9033;13.0;16.0;6.50;0.030
9034;13.0;16.0;6.50;0.040
9035;13.0;16.0;6.50;0.050
9036;13.0;16.0;6.50;0.060
9037;13.0;16.0;6.50;0.070
9038;13.0;16.0;6.50;0.080
9039;13.0;16.0;6.50;0.090
9040;13.0;16.0;6.50;0.100
9041;15.0;16.0;6.50;0.010
9042;15.0;16.0;6.50;0.020
9043;15.0;16.0;6.50;0.030
9044;15.0;16.0;6.50;0.040
9045;15.0;16.0;6.50;0.050
9046;15.0;16.0;6.50;0.060
9047;15.0;16.0;6.50;0.070
9048;15.0;16.0;6.50;0.080
9049;15.0;16.0;6.50;0.090
9050;15.0;16.0;6.50;0.100
9051;17.0;16.0;6.50;0.010
9052;17.0;16.0;6.50;0.020
9053;17.0;16.0;6.50;0.030
9054;17.0;16.0;6.50;0.040
9055;17.0;16.0;6.50;0.050
9056;17.0;16.0;6.50;0.060
9057;17.0;16.0;6.50;0.070
9058;17.0;16.0;6.50;0.080
9059;17.0;16.0;6.50;0.090
9060;17.0;16.0;6.50;0.100
9061;19.0;16.0;6.50;0.010
9062;19.0;16.0;6.50;0.020
9063;19.0;16.0;6.50;0.030
9064;19.0;16.0;6.50;0.040
9065;19.0;16.0;6.50;0.050
9066;19.0;16.0;6.50;0.060
9067;19.0;16.0;6.50;0.070
9068;19.0;16.0;6.50;0.080
9069;19.0;16.0;6.50;0.090
9070;19.0;16.0;6.50;0.100
9071;21.0;16.0;6.50;0.010
9072;21.0;16.0;6.50;0.020
9073;21.0;16.0;6.50;0.030
9074;21.0;16.0;6.50;0.040
9075;21.0;16.0;6.50;0.050
9076;21.0;16.0;6.50;0.060
9077;21.0;16.0;6.50;0.070
9078;21.0;16.0;6.50;0.080
9079;21.0;16.0;6.50;0.090
9080;21.0;16.0;6.50;0.100
9081;23.0;16.0;6.50;0.010
9082;23.0;16.0;6.50;0.020
9083;23.0;16.0;6.50;0.030
9084;23.0;16.0;6.50;0.040
9085;23.0;16.0;6.50;0.050
9086;23.0;16.0;6.50;0.060
9087;23.0;16.0;6.50;0.070
9088;23.0;16.0;6.50;0.080
9089;23.0;16.0;6.50;0.090
9090;23.0;16.0;6.50;0.100
9091;25.0;16.0;6.50;0.010
9092;25.0;16.0;6.50;0.020
9093;25.0;16.0;6.50;0.030
9094;25.0;16.0;6.50;0.040
9095;25.0;16.0;6.50;0.050
9096;25.0;16.0;6.50;0.060
9097;25.0;16.0;6.50;0.070
9098;25.0;16.0;6.50;0.080
9099;25.0;16.0;6.50;0.090
9100;25.0;16.0;6.50;0.100
9101;1.0;18.0;6.50;0.010
9102;1.0;18.0;6.50;0.020
9103;1.0;18.0;6.50;0.030
9104;1.0;18.0;6.50;0.040
9105;1.0;18.0;6.50;0.050
9106;1.0;18.0;6.50;0.060
9107;1.0;18.0;6.50;0.070
9108;1.0;18.0;6.50;0.080
9109;1.0;18.0;6.50;0.090
9110;1.0;18.0;6.50;0.100
9111;3.0;18.0;6.50;0.010
9112;3.0;18.0;6.50;0.020
9113;3.0;18.0;6.50;0.030
9114;3.0;18.0;6.50;0.040
9115;3.0;18.0;6.50;0.050
9116;3.0;18.0;6.50;0.060
9117;3.0;18.0;6.50;0.070
9118;3.0;18.0;6.50;0.080
9119;3.0;18.0;6.50;0.090
9120;3.0;18.0;6.50;0.100
9121;5.0;18.0;6.50;0.010
9122;5.0;18.0;6.50;0.020
9123;5.0;18.0;6.50;0.030
9124;5.0;18.0;6.50;0.040
9125;5.0;18.0;6.50;0.050
9126;5.0;18.0;6.50;0.060
9127;5.0;18.0;6.50;0.070
9128;5.0;18.0;6.50;0.080
9129;5.0;18.0;6.50;0.090
9130;5.0;18.0;6.50;0.100
9131;7.0;18.0;6.50;0.010
9132;7.0;18.0;6.50;0.020
9133;7.0;18.0;6.50;0.030
9134;7.0;18.0;6.50;0.040
9135;7.0;18.0;6.50;0.050
9136;7.0;18.0;6.50;0.060
9137;7.0;18.0;6.50;0.070
9138;7.0;18.0;6.50;0.080
9139;7.0;18.0;6.50;0.090
9140;7.0;18.0;6.50;0.100
9141;9.0;18.0;6.50;0.010
9142;9.0;18.0;6.50;0.020
9143;9.0;18.0;6.50;0.030
9144;9.0;18.0;6.50;0.040
9145;9.0;18.0;6.50;0.050
9146;9.0;18.0;6.50;0.060
9147;9.0;18.0;6.50;0.070
9148;9.0;18.0;6.50;0.080
9149;9.0;18.0;6.50;0.090
9150;9.0;18.0;6.50;0.100
9151;11.0;18.0;6.50;0.010
9152;11.0;18.0;6.50;0.020
9153;11.0;18.0;6.50;0.030
9154;11.0;18.0;6.50;0.040
9155;11.0;18.0;6.50;0.050
9156;11.0;18.0;6.50;0.060
9157;11.0;18.0;6.50;0.070
9158;11.0;18.0;6.50;0.080
9159;11.0;18.0;6.50;0.090
9160;11.0;18.0;6.50;0.100
9161;13.0;18.0;6.50;0.010
9162;13.0;18.0;6.50;0.020
9163;13.0;18.0;6.50;0.030
9164;13.0;18.0;6.50;0.040
9165;13.0;18.0;6.50;0.050
9166;13.0;18.0;6.50;0.060
9167;13.0;18.0;6.50;0.070
9168;13.0;18.0;6.50;0.080
9169;13.0;18.0;6.50;0.090
9170;13.0;18.0;6.50;0.100
9171;15.0;18.0;6.50;0.010
9172;15.0;18.0;6.50;0.020
9173;15.0;18.0;6.50;0.030
9174;15.0;18.0;6.50;0.040
9175;15.0;18.0;6.50;0.050
9176;15.0;18.0;6.50;0.060
9177;15.0;18.0;6.50;0.070
9178;15.0;18.0;6.50;0.080
9179;15.0;18.0;6.50;0.090
9180;15.0;18.0;6.50;0.100
9181;17.0;18.0;6.50;0.010
9182;17.0;18.0;6.50;0.020
9183;17.0;18.0;6.50;0.030
9184;17.0;18.0;6.50;0.040
9185;17.0;18.0;6.50;0.050
9186;17.0;18.0;6.50;0.060
9187;17.0;18.0;6.50;0.070
9188;17.0;18.0;6.50;0.080
9189;17.0;18.0;6.50;0.090
9190;17.0;18.0;6.50;0.100
9191;19.0;18.0;6.50;0.010
9192;19.0;18.0;6.50;0.020
9193;19.0;18.0;6.50;0.030
9194;19.0;18.0;6.50;0.040
9195;19.0;18.0;6.50;0.050
9196;19.0;18.0;6.50;0.060
9197;19.0;18.0;6.50;0.070
9198;19.0;18.0;6.50;0.080
9199;19.0;18.0;6.50;0.090
9200;19.0;18.0;6.50;0.100
9201;21.0;18.0;6.50;0.010
9202;21.0;18.0;6.50;0.020
9203;21.0;18.0;6.50;0.030
9204;21.0;18.0;6.50;0.040
9205;21.0;18.0;6.50;0.050
9206;21.0;18.0;6.50;0.060
9207;21.0;18.0;6.50;0.070
9208;21.0;18.0;6.50;0.080
9209;21.0;18.0;6.50;0.090
9210;21.0;18.0;6.50;0.100
9211;23.0;18.0;6.50;0.010
9212;23.0;18.0;6.50;0.020
9213;23.0;18.0;6.50;0.030
9214;23.0;18.0;6.50;0.040
9215;23.0;18.0;6.50;0.050
9216;23.0;18.0;6.50;0.060
9217;23.0;18.0;6.50;0.070
9218;23.0;18.0;6.50;0.080
9219;23.0;18.0;6.50;0.090
9220;23.0;18.0;6.50;0.100
9221;25.0;18.0;6.50;0.010
9222;25.0;18.0;6.50;0.020
9223;25.0;18.0;6.50;0.030
9224;25.0;18.0;6.50;0.040
9225;25.0;18.0;6.50;0.050
9226;25.0;18.0;6.50;0.060
9227;25.0;18.0;6.50;0.070
9228;25.0;18.0;6.50;0.080
9229;25.0;18.0;6.50;0.090
9230;25.0;18.0;6.50;0.100
9231;1.0;20.0;6.50;0.010
9232;1.0;20.0;6.50;0.020
9233;1.0;20.0;6.50;0.030
9234;1.0;20.0;6.50;0.040
9235;1.0;20.0;6.50;0.050
9236;1.0;20.0;6.50;0.060
9237;1.0;20.0;6.50;0.070
9238;1.0;20.0;6.50;0.080
9239;1.0;20.0;6.50;0.090
9240;1.0;20.0;6.50;0.100
9241;3.0;20.0;6.50;0.010
9242;3.0;20.0;6.50;0.020
9243;3.0;20.0;6.50;0.030
9244;3.0;20.0;6.50;0.040
9245;3.0;20.0;6.50;0.050
9246;3.0;20.0;6.50;0.060
9247;3.0;20.0;6.50;0.070
9248;3.0;20.0;6.50;0.080
9249;3.0;20.0;6.50;0.090
9250;3.0;20.0;6.50;0.100
9251;5.0;20.0;6.50;0.010
9252;5.0;20.0;6.50;0.020
9253;5.0;20.0;6.50;0.030
9254;5.0;20.0;6.50;0.040
9255;5.0;20.0;6.50;0.050
9256;5.0;20.0;6.50;0.060
9257;5.0;20.0;6.50;0.070
9258;5.0;20.0;6.50;0.080
9259;5.0;20.0;6.50;0.090
9260;5.0;20.0;6.50;0.100
9261;7.0;20.0;6.50;0.010
9262;7.0;20.0;6.50;0.020
9263;7.0;20.0;6.50;0.030
9264;7.0;20.0;6.50;0.040
9265;7.0;20.0;6.50;0.050
9266;7.0;20.0;6.50;0.060
9267;7.0;20.0;6.50;0.070
9268;7.0;20.0;6.50;0.080
9269;7.0;20.0;6.50;0.090
9270;7.0;20.0;6.50;0.100
9271;9.0;20.0;6.50;0.010
9272;9.0;20.0;6.50;0.020
9273;9.0;20.0;6.50;0.030
9274;9.0;20.0;6.50;0.040
9275;9.0;20.0;6.50;0.050
9276;9.0;20.0;6.50;0.060
9277;9.0;20.0;6.50;0.070
9278;9.0;20.0;6.50;0.080
9279;9.0;20.0;6.50;0.090
9280;9.0;20.0;6.50;0.100
9281;11.0;20.0;6.50;0.010
9282;11.0;20.0;6.50;0.020
9283;11.0;20.0;6.50;0.030
9284;11.0;20.0;6.50;0.040
9285;11.0;20.0;6.50;0.050
9286;11.0;20.0;6.50;0.060
9287;11.0;20.0;6.50;0.070
9288;11.0;20.0;6.50;0.080
9289;11.0;20.0;6.50;0.090
9290;11.0;20.0;6.50;0.100
9291;13.0;20.0;6.50;0.010
9292;13.0;20.0;6.50;0.020
9293;13.0;20.0;6.50;0.030
9294;13.0;20.0;6.50;0.040
9295;13.0;20.0;6.50;0.050
9296;13.0;20.0;6.50;0.060
9297;13.0;20.0;6.50;0.070
9298;13.0;20.0;6.50;0.080
9299;13.0;20.0;6.50;0.090
9300;13.0;20.0;6.50;0.100
9301;15.0;20.0;6.50;0.010
9302;15.0;20.0;6.50;0.020
9303;15.0;20.0;6.50;0.030
9304;15.0;20.0;6.50;0.040
9305;15.0;20.0;6.50;0.050
9306;15.0;20.0;6.50;0.060
9307;15.0;20.0;6.50;0.070
9308;15.0;20.0;6.50;0.080
9309;15.0;20.0;6.50;0.090
9310;15.0;20.0;6.50;0.100
9311;17.0;20.0;6.50;0.010
9312;17.0;20.0;6.50;0.020
9313;17.0;20.0;6.50;0.030
9314;17.0;20.0;6.50;0.040
9315;17.0;20.0;6.50;0.050
9316;17.0;20.0;6.50;0.060
9317;17.0;20.0;6.50;0.070
9318;17.0;20.0;6.50;0.080
9319;17.0;20.0;6.50;0.090
9320;17.0;20.0;6.50;0.100
9321;19.0;20.0;6.50;0.010
9322;19.0;20.0;6.50;0.020
9323;19.0;20.0;6.50;0.030
9324;19.0;20.0;6.50;0.040
9325;19.0;20.0;6.50;0.050
9326;19.0;20.0;6.50;0.060
9327;19.0;20.0;6.50;0.070
9328;19.0;20.0;6.50;0.080
9329;19.0;20.0;6.50;0.090
9330;19.0;20.0;6.50;0.100
9331;21.0;20.0;6.50;0.010
9332;21.0;20.0;6.50;0.020
9333;21.0;20.0;6.50;0.030
9334;21.0;20.0;6.50;0.040
9335;21.0;20.0;6.50;0.050
9336;21.0;20.0;6.50;0.060
9337;21.0;20.0;6.50;0.070
9338;21.0;20.0;6.50;0.080
9339;21.0;20.0;6.50;0.090
9340;21.0;20.0;6.50;0.100
9341;23.0;20.0;6.50;0.010
9342;23.0;20.0;6.50;0.020
9343;23.0;20.0;6.50;0.030
9344;23.0;20.0;6.50;0.040
9345;23.0;20.0;6.50;0.050
9346;23.0;20.0;6.50;0.060
9347;23.0;20.0;6.50;0.070
9348;23.0;20.0;6.50;0.080
9349;23.0;20.0;6.50;0.090
9350;23.0;20.0;6.50;0.100
9351;25.0;20.0;6.50;0.010
9352;25.0;20.0;6.50;0.020
9353;25.0;20.0;6.50;0.030
9354;25.0;20.0;6.50;0.040
9355;25.0;20.0;6.50;0.050
9356;25.0;20.0;6.50;0.060
9357;25.0;20.0;6.50;0.070
9358;25.0;20.0;6.50;0.080
9359;25.0;20.0;6.50;0.090
9360;25.0;20.0;6.50;0.100
9361;1.0;22.0;6.50;0.010
9362;1.0;22.0;6.50;0.020
9363;1.0;22.0;6.50;0.030
9364;1.0;22.0;6.50;0.040
9365;1.0;22.0;6.50;0.050
9366;1.0;22.0;6.50;0.060
9367;1.0;22.0;6.50;0.070
9368;1.0;22.0;6.50;0.080
9369;1.0;22.0;6.50;0.090
9370;1.0;22.0;6.50;0.100
9371;3.0;22.0;6.50;0.010
9372;3.0;22.0;6.50;0.020
9373;3.0;22.0;6.50;0.030
9374;3.0;22.0;6.50;0.040
9375;3.0;22.0;6.50;0.050
9376;3.0;22.0;6.50;0.060
9377;3.0;22.0;6.50;0.070
9378;3.0;22.0;6.50;0.080
9379;3.0;22.0;6.50;0.090
9380;3.0;22.0;6.50;0.100
9381;5.0;22.0;6.50;0.010
9382;5.0;22.0;6.50;0.020
9383;5.0;22.0;6.50;0.030
9384;5.0;22.0;6.50;0.040
9385;5.0;22.0;6.50;0.050
9386;5.0;22.0;6.50;0.060
9387;5.0;22.0;6.50;0.070
9388;5.0;22.0;6.50;0.080
9389;5.0;22.0;6.50;0.090
9390;5.0;22.0;6.50;0.100
9391;7.0;22.0;6.50;0.010
9392;7.0;22.0;6.50;0.020
9393;7.0;22.0;6.50;0.030
9394;7.0;22.0;6.50;0.040
9395;7.0;22.0;6.50;0.050
9396;7.0;22.0;6.50;0.060
9397;7.0;22.0;6.50;0.070
9398;7.0;22.0;6.50;0.080
9399;7.0;22.0;6.50;0.090
9400;7.0;22.0;6.50;0.100
9401;9.0;22.0;6.50;0.010
9402;9.0;22.0;6.50;0.020
9403;9.0;22.0;6.50;0.030
9404;9.0;22.0;6.50;0.040
9405;9.0;22.0;6.50;0.050
9406;9.0;22.0;6.50;0.060
9407;9.0;22.0;6.50;0.070
9408;9.0;22.0;6.50;0.080
9409;9.0;22.0;6.50;0.090
9410;9.0;22.0;6.50;0.100
9411;11.0;22.0;6.50;0.010
9412;11.0;22.0;6.50;0.020
9413;11.0;22.0;6.50;0.030
9414;11.0;22.0;6.50;0.040
9415;11.0;22.0;6.50;0.050
9416;11.0;22.0;6.50;0.060
9417;11.0;22.0;6.50;0.070
9418;11.0;22.0;6.50;0.080
9419;11.0;22.0;6.50;0.090
9420;11.0;22.0;6.50;0.100
9421;13.0;22.0;6.50;0.010
9422;13.0;22.0;6.50;0.020
9423;13.0;22.0;6.50;0.030
9424;13.0;22.0;6.50;0.040
9425;13.0;22.0;6.50;0.050
9426;13.0;22.0;6.50;0.060
9427;13.0;22.0;6.50;0.070
9428;13.0;22.0;6.50;0.080
9429;13.0;22.0;6.50;0.090
9430;13.0;22.0;6.50;0.100
9431;15.0;22.0;6.50;0.010
9432;15.0;22.0;6.50;0.020
9433;15.0;22.0;6.50;0.030
9434;15.0;22.0;6.50;0.040
9435;15.0;22.0;6.50;0.050
9436;15.0;22.0;6.50;0.060
9437;15.0;22.0;6.50;0.070
9438;15.0;22.0;6.50;0.080
9439;15.0;22.0;6.50;0.090
9440;15.0;22.0;6.50;0.100
9441;17.0;22.0;6.50;0.010
9442;17.0;22.0;6.50;0.020
9443;17.0;22.0;6.50;0.030
9444;17.0;22.0;6.50;0.040
9445;17.0;22.0;6.50;0.050
9446;17.0;22.0;6.50;0.060
9447;17.0;22.0;6.50;0.070
9448;17.0;22.0;6.50;0.080
9449;17.0;22.0;6.50;0.090
9450;17.0;22.0;6.50;0.100
9451;19.0;22.0;6.50;0.010
9452;19.0;22.0;6.50;0.020
9453;19.0;22.0;6.50;0.030
9454;19.0;22.0;6.50;0.040
9455;19.0;22.0;6.50;0.050
9456;19.0;22.0;6.50;0.060
9457;19.0;22.0;6.50;0.070
9458;19.0;22.0;6.50;0.080
9459;19.0;22.0;6.50;0.090
9460;19.0;22.0;6.50;0.100
9461;21.0;22.0;6.50;0.010
9462;21.0;22.0;6.50;0.020
9463;21.0;22.0;6.50;0.030
9464;21.0;22.0;6.50;0.040
9465;21.0;22.0;6.50;0.050
9466;21.0;22.0;6.50;0.060
9467;21.0;22.0;6.50;0.070
9468;21.0;22.0;6.50;0.080
9469;21.0;22.0;6.50;0.090
9470;21.0;22.0;6.50;0.100
9471;23.0;22.0;6.50;0.010
9472;23.0;22.0;6.50;0.020
9473;23.0;22.0;6.50;0.030
9474;23.0;22.0;6.50;0.040
9475;23.0;22.0;6.50;0.050
9476;23.0;22.0;6.50;0.060
9477;23.0;22.0;6.50;0.070
9478;23.0;22.0;6.50;0.080
9479;23.0;22.0;6.50;0.090
9480;23.0;22.0;6.50;0.100
9481;25.0;22.0;6.50;0.010
9482;25.0;22.0;6.50;0.020
9483;25.0;22.0;6.50;0.030
9484;25.0;22.0;6.50;0.040
9485;25.0;22.0;6.50;0.050
9486;25.0;22.0;6.50;0.060
9487;25.0;22.0;6.50;0.070
9488;25.0;22.0;6.50;0.080
9489;25.0;22.0;6.50;0.090
9490;25.0;22.0;6.50;0.100
9491;1.0;24.0;6.50;0.010
9492;1.0;24.0;6.50;0.020
9493;1.0;24.0;6.50;0.030
9494;1.0;24.0;6.50;0.040
9495;1.0;24.0;6.50;0.050
9496;1.0;24.0;6.50;0.060
9497;1.0;24.0;6.50;0.070
9498;1.0;24.0;6.50;0.080
9499;1.0;24.0;6.50;0.090
9500;1.0;24.0;6.50;0.100
9501;3.0;24.0;6.50;0.010
9502;3.0;24.0;6.50;0.020
9503;3.0;24.0;6.50;0.030
9504;3.0;24.0;6.50;0.040
9505;3.0;24.0;6.50;0.050
9506;3.0;24.0;6.50;0.060
9507;3.0;24.0;6.50;0.070
9508;3.0;24.0;6.50;0.080
9509;3.0;24.0;6.50;0.090
9510;3.0;24.0;6.50;0.100
9511;5.0;24.0;6.50;0.010
9512;5.0;24.0;6.50;0.020
9513;5.0;24.0;6.50;0.030
9514;5.0;24.0;6.50;0.040
9515;5.0;24.0;6.50;0.050
9516;5.0;24.0;6.50;0.060
9517;5.0;24.0;6.50;0.070
9518;5.0;24.0;6.50;0.080
9519;5.0;24.0;6.50;0.090
9520;5.0;24.0;6.50;0.100
9521;7.0;24.0;6.50;0.010
9522;7.0;24.0;6.50;0.020
9523;7.0;24.0;6.50;0.030
9524;7.0;24.0;6.50;0.040
9525;7.0;24.0;6.50;0.050
9526;7.0;24.0;6.50;0.060
9527;7.0;24.0;6.50;0.070
9528;7.0;24.0;6.50;0.080
9529;7.0;24.0;6.50;0.090
9530;7.0;24.0;6.50;0.100
9531;9.0;24.0;6.50;0.010
9532;9.0;24.0;6.50;0.020
9533;9.0;24.0;6.50;0.030
9534;9.0;24.0;6.50;0.040
9535;9.0;24.0;6.50;0.050
9536;9.0;24.0;6.50;0.060
9537;9.0;24.0;6.50;0.070
9538;9.0;24.0;6.50;0.080
9539;9.0;24.0;6.50;0.090
9540;9.0;24.0;6.50;0.100
9541;11.0;24.0;6.50;0.010
9542;11.0;24.0;6.50;0.020
9543;11.0;24.0;6.50;0.030
9544;11.0;24.0;6.50;0.040
9545;11.0;24.0;6.50;0.050
9546;11.0;24.0;6.50;0.060
9547;11.0;24.0;6.50;0.070
9548;11.0;24.0;6.50;0.080
9549;11.0;24.0;6.50;0.090
9550;11.0;24.0;6.50;0.100
9551;13.0;24.0;6.50;0.010
9552;13.0;24.0;6.50;0.020
9553;13.0;24.0;6.50;0.030
9554;13.0;24.0;6.50;0.040
9555;13.0;24.0;6.50;0.050
9556;13.0;24.0;6.50;0.060
9557;13.0;24.0;6.50;0.070
9558;13.0;24.0;6.50;0.080
9559;13.0;24.0;6.50;0.090
9560;13.0;24.0;6.50;0.100
9561;15.0;24.0;6.50;0.010
9562;15.0;24.0;6.50;0.020
9563;15.0;24.0;6.50;0.030
9564;15.0;24.0;6.50;0.040
9565;15.0;24.0;6.50;0.050
9566;15.0;24.0;6.50;0.060
9567;15.0;24.0;6.50;0.070
9568;15.0;24.0;6.50;0.080
9569;15.0;24.0;6.50;0.090
9570;15.0;24.0;6.50;0.100
9571;17.0;24.0;6.50;0.010
9572;17.0;24.0;6.50;0.020
9573;17.0;24.0;6.50;0.030
9574;17.0;24.0;6.50;0.040
9575;17.0;24.0;6.50;0.050
9576;17.0;24.0;6.50;0.060
9577;17.0;24.0;6.50;0.070
9578;17.0;24.0;6.50;0.080
9579;17.0;24.0;6.50;0.090
9580;17.0;24.0;6.50;0.100
9581;19.0;24.0;6.50;0.010
9582;19.0;24.0;6.50;0.020
9583;19.0;24.0;6.50;0.030
9584;19.0;24.0;6.50;0.040
9585;19.0;24.0;6.50;0.050
9586;19.0;24.0;6.50;0.060
9587;19.0;24.0;6.50;0.070
9588;19.0;24.0;6.50;0.080
9589;19.0;24.0;6.50;0.090
9590;19.0;24.0;6.50;0.100
9591;21.0;24.0;6.50;0.010
9592;21.0;24.0;6.50;0.020
9593;21.0;24.0;6.50;0.030
9594;21.0;24.0;6.50;0.040
9595;21.0;24.0;6.50;0.050
9596;21.0;24.0;6.50;0.060
9597;21.0;24.0;6.50;0.070
9598;21.0;24.0;6.50;0.080
9599;21.0;24.0;6.50;0.090
9600;21.0;24.0;6.50;0.100
9601;23.0;24.0;6.50;0.010
9602;23.0;24.0;6.50;0.020
9603;23.0;24.0;6.50;0.030
9604;23.0;24.0;6.50;0.040
9605;23.0;24.0;6.50;0.050
9606;23.0;24.0;6.50;0.060
9607;23.0;24.0;6.50;0.070
9608;23.0;24.0;6.50;0.080
9609;23.0;24.0;6.50;0.090
9610;23.0;24.0;6.50;0.100
9611;25.0;24.0;6.50;0.010
9612;25.0;24.0;6.50;0.020
9613;25.0;24.0;6.50;0.030
9614;25.0;24.0;6.50;0.040
9615;25.0;24.0;6.50;0.050
9616;25.0;24.0;6.50;0.060
9617;25.0;24.0;6.50;0.070
9618;25.0;24.0;6.50;0.080
9619;25.0;24.0;6.50;0.090
9620;25.0;24.0;6.50;0.100
9621;1.0;26.0;6.50;0.010
9622;1.0;26.0;6.50;0.020
9623;1.0;26.0;6.50;0.030
9624;1.0;26.0;6.50;0.040
9625;1.0;26.0;6.50;0.050
9626;1.0;26.0;6.50;0.060
9627;1.0;26.0;6.50;0.070
9628;1.0;26.0;6.50;0.080
9629;1.0;26.0;6.50;0.090
9630;1.0;26.0;6.50;0.100
9631;3.0;26.0;6.50;0.010
9632;3.0;26.0;6.50;0.020
9633;3.0;26.0;6.50;0.030
9634;3.0;26.0;6.50;0.040
9635;3.0;26.0;6.50;0.050
9636;3.0;26.0;6.50;0.060
9637;3.0;26.0;6.50;0.070
9638;3.0;26.0;6.50;0.080
9639;3.0;26.0;6.50;0.090
9640;3.0;26.0;6.50;0.100
9641;5.0;26.0;6.50;0.010
9642;5.0;26.0;6.50;0.020
9643;5.0;26.0;6.50;0.030
9644;5.0;26.0;6.50;0.040
9645;5.0;26.0;6.50;0.050
9646;5.0;26.0;6.50;0.060
9647;5.0;26.0;6.50;0.070
9648;5.0;26.0;6.50;0.080
9649;5.0;26.0;6.50;0.090
9650;5.0;26.0;6.50;0.100
9651;7.0;26.0;6.50;0.010
9652;7.0;26.0;6.50;0.020
9653;7.0;26.0;6.50;0.030
9654;7.0;26.0;6.50;0.040
9655;7.0;26.0;6.50;0.050
9656;7.0;26.0;6.50;0.060
9657;7.0;26.0;6.50;0.070
9658;7.0;26.0;6.50;0.080
9659;7.0;26.0;6.50;0.090
9660;7.0;26.0;6.50;0.100
9661;9.0;26.0;6.50;0.010
9662;9.0;26.0;6.50;0.020
9663;9.0;26.0;6.50;0.030
9664;9.0;26.0;6.50;0.040
9665;9.0;26.0;6.50;0.050
9666;9.0;26.0;6.50;0.060
9667;9.0;26.0;6.50;0.070
9668;9.0;26.0;6.50;0.080
9669;9.0;26.0;6.50;0.090
9670;9.0;26.0;6.50;0.100
9671;11.0;26.0;6.50;0.010
9672;11.0;26.0;6.50;0.020
9673;11.0;26.0;6.50;0.030
9674;11.0;26.0;6.50;0.040
9675;11.0;26.0;6.50;0.050
9676;11.0;26.0;6.50;0.060
9677;11.0;26.0;6.50;0.070
9678;11.0;26.0;6.50;0.080
9679;11.0;26.0;6.50;0.090
9680;11.0;26.0;6.50;0.100
9681;13.0;26.0;6.50;0.010
9682;13.0;26.0;6.50;0.020
9683;13.0;26.0;6.50;0.030
9684;13.0;26.0;6.50;0.040
9685;13.0;26.0;6.50;0.050
9686;13.0;26.0;6.50;0.060
9687;13.0;26.0;6.50;0.070
9688;13.0;26.0;6.50;0.080
9689;13.0;26.0;6.50;0.090
9690;13.0;26.0;6.50;0.100
9691;15.0;26.0;6.50;0.010
9692;15.0;26.0;6.50;0.020
9693;15.0;26.0;6.50;0.030
9694;15.0;26.0;6.50;0.040
9695;15.0;26.0;6.50;0.050
9696;15.0;26.0;6.50;0.060
9697;15.0;26.0;6.50;0.070
9698;15.0;26.0;6.50;0.080
9699;15.0;26.0;6.50;0.090
9700;15.0;26.0;6.50;0.100
9701;17.0;26.0;6.50;0.010
9702;17.0;26.0;6.50;0.020
9703;17.0;26.0;6.50;0.030
9704;17.0;26.0;6.50;0.040
9705;17.0;26.0;6.50;0.050
9706;17.0;26.0;6.50;0.060
9707;17.0;26.0;6.50;0.070
9708;17.0;26.0;6.50;0.080
9709;17.0;26.0;6.50;0.090
9710;17.0;26.0;6.50;0.100
9711;19.0;26.0;6.50;0.010
9712;19.0;26.0;6.50;0.020
9713;19.0;26.0;6.50;0.030
9714;19.0;26.0;6.50;0.040
9715;19.0;26.0;6.50;0.050
9716;19.0;26.0;6.50;0.060
9717;19.0;26.0;6.50;0.070
9718;19.0;26.0;6.50;0.080
9719;19.0;26.0;6.50;0.090
9720;19.0;26.0;6.50;0.100
9721;21.0;26.0;6.50;0.010
9722;21.0;26.0;6.50;0.020
9723;21.0;26.0;6.50;0.030
9724;21.0;26.0;6.50;0.040
9725;21.0;26.0;6.50;0.050
9726;21.0;26.0;6.50;0.060
9727;21.0;26.0;6.50;0.070
9728;21.0;26.0;6.50;0.080
9729;21.0;26.0;6.50;0.090
9730;21.0;26.0;6.50;0.100
9731;23.0;26.0;6.50;0.010
9732;23.0;26.0;6.50;0.020
9733;23.0;26.0;6.50;0.030
9734;23.0;26.0;6.50;0.040
9735;23.0;26.0;6.50;0.050
9736;23.0;26.0;6.50;0.060
9737;23.0;26.0;6.50;0.070
9738;23.0;26.0;6.50;0.080
9739;23.0;26.0;6.50;0.090
9740;23.0;26.0;6.50;0.100
9741;25.0;26.0;6.50;0.010
9742;25.0;26.0;6.50;0.020
9743;25.0;26.0;6.50;0.030
9744;25.0;26.0;6.50;0.040
9745;25.0;26.0;6.50;0.050
9746;25.0;26.0;6.50;0.060
9747;25.0;26.0;6.50;0.070
9748;25.0;26.0;6.50;0.080
9749;25.0;26.0;6.50;0.090
9750;25.0;26.0;6.50;0.100
9751;1.0;28.0;6.50;0.010
9752;1.0;28.0;6.50;0.020
9753;1.0;28.0;6.50;0.030
9754;1.0;28.0;6.50;0.040
9755;1.0;28.0;6.50;0.050
9756;1.0;28.0;6.50;0.060
9757;1.0;28.0;6.50;0.070
9758;1.0;28.0;6.50;0.080
9759;1.0;28.0;6.50;0.090
9760;1.0;28.0;6.50;0.100
9761;3.0;28.0;6.50;0.010
9762;3.0;28.0;6.50;0.020
9763;3.0;28.0;6.50;0.030
9764;3.0;28.0;6.50;0.040
9765;3.0;28.0;6.50;0.050
9766;3.0;28.0;6.50;0.060
9767;3.0;28.0;6.50;0.070
9768;3.0;28.0;6.50;0.080
9769;3.0;28.0;6.50;0.090
9770;3.0;28.0;6.50;0.100
9771;5.0;28.0;6.50;0.010
9772;5.0;28.0;6.50;0.020
9773;5.0;28.0;6.50;0.030
9774;5.0;28.0;6.50;0.040
9775;5.0;28.0;6.50;0.050
9776;5.0;28.0;6.50;0.060
9777;5.0;28.0;6.50;0.070
9778;5.0;28.0;6.50;0.080
9779;5.0;28.0;6.50;0.090
9780;5.0;28.0;6.50;0.100
9781;7.0;28.0;6.50;0.010
9782;7.0;28.0;6.50;0.020
9783;7.0;28.0;6.50;0.030
9784;7.0;28.0;6.50;0.040
9785;7.0;28.0;6.50;0.050
9786;7.0;28.0;6.50;0.060
9787;7.0;28.0;6.50;0.070
9788;7.0;28.0;6.50;0.080
9789;7.0;28.0;6.50;0.090
9790;7.0;28.0;6.50;0.100
9791;9.0;28.0;6.50;0.010
9792;9.0;28.0;6.50;0.020
9793;9.0;28.0;6.50;0.030
9794;9.0;28.0;6.50;0.040
9795;9.0;28.0;6.50;0.050
9796;9.0;28.0;6.50;0.060
9797;9.0;28.0;6.50;0.070
9798;9.0;28.0;6.50;0.080
9799;9.0;28.0;6.50;0.090
9800;9.0;28.0;6.50;0.100
9801;11.0;28.0;6.50;0.010
9802;11.0;28.0;6.50;0.020
9803;11.0;28.0;6.50;0.030
9804;11.0;28.0;6.50;0.040
9805;11.0;28.0;6.50;0.050
9806;11.0;28.0;6.50;0.060
9807;11.0;28.0;6.50;0.070
9808;11.0;28.0;6.50;0.080
9809;11.0;28.0;6.50;0.090
9810;11.0;28.0;6.50;0.100
9811;13.0;28.0;6.50;0.010
9812;13.0;28.0;6.50;0.020
9813;13.0;28.0;6.50;0.030
9814;13.0;28.0;6.50;0.040
9815;13.0;28.0;6.50;0.050
9816;13.0;28.0;6.50;0.060
9817;13.0;28.0;6.50;0.070
9818;13.0;28.0;6.50;0.080
9819;13.0;28.0;6.50;0.090
9820;13.0;28.0;6.50;0.100
9821;15.0;28.0;6.50;0.010
9822;15.0;28.0;6.50;0.020
9823;15.0;28.0;6.50;0.030
9824;15.0;28.0;6.50;0.040
9825;15.0;28.0;6.50;0.050
9826;15.0;28.0;6.50;0.060
9827;15.0;28.0;6.50;0.070
9828;15.0;28.0;6.50;0.080
9829;15.0;28.0;6.50;0.090
9830;15.0;28.0;6.50;0.100
9831;17.0;28.0;6.50;0.010
9832;17.0;28.0;6.50;0.020
9833;17.0;28.0;6.50;0.030
9834;17.0;28.0;6.50;0.040
9835;17.0;28.0;6.50;0.050
9836;17.0;28.0;6.50;0.060
9837;17.0;28.0;6.50;0.070
9838;17.0;28.0;6.50;0.080
9839;17.0;28.0;6.50;0.090
9840;17.0;28.0;6.50;0.100
9841;19.0;28.0;6.50;0.010
9842;19.0;28.0;6.50;0.020
9843;19.0;28.0;6.50;0.030
9844;19.0;28.0;6.50;0.040
9845;19.0;28.0;6.50;0.050
9846;19.0;28.0;6.50;0.060
9847;19.0;28.0;6.50;0.070
9848;19.0;28.0;6.50;0.080
9849;19.0;28.0;6.50;0.090
9850;19.0;28.0;6.50;0.100
9851;21.0;28.0;6.50;0.010
9852;21.0;28.0;6.50;0.020
9853;21.0;28.0;6.50;0.030
9854;21.0;28.0;6.50;0.040
9855;21.0;28.0;6.50;0.050
9856;21.0;28.0;6.50;0.060
9857;21.0;28.0;6.50;0.070
9858;21.0;28.0;6.50;0.080
9859;21.0;28.0;6.50;0.090
9860;21.0;28.0;6.50;0.100
9861;23.0;28.0;6.50;0.010
9862;23.0;28.0;6.50;0.020
9863;23.0;28.0;6.50;0.030
9864;23.0;28.0;6.50;0.040
9865;23.0;28.0;6.50;0.050
9866;23.0;28.0;6.50;0.060
9867;23.0;28.0;6.50;0.070
9868;23.0;28.0;6.50;0.080
9869;23.0;28.0;6.50;0.090
9870;23.0;28.0;6.50;0.100
9871;25.0;28.0;6.50;0.010
9872;25.0;28.0;6.50;0.020
9873;25.0;28.0;6.50;0.030
9874;25.0;28.0;6.50;0.040
9875;25.0;28.0;6.50;0.050
9876;25.0;28.0;6.50;0.060
9877;25.0;28.0;6.50;0.070
9878;25.0;28.0;6.50;0.080
9879;25.0;28.0;6.50;0.090
9880;25.0;28.0;6.50;0.100
9881;1.0;30.0;6.50;0.010
9882;1.0;30.0;6.50;0.020
9883;1.0;30.0;6.50;0.030
9884;1.0;30.0;6.50;0.040
9885;1.0;30.0;6.50;0.050
9886;1.0;30.0;6.50;0.060
9887;1.0;30.0;6.50;0.070
9888;1.0;30.0;6.50;0.080
9889;1.0;30.0;6.50;0.090
9890;1.0;30.0;6.50;0.100
9891;3.0;30.0;6.50;0.010
9892;3.0;30.0;6.50;0.020
9893;3.0;30.0;6.50;0.030
9894;3.0;30.0;6.50;0.040
9895;3.0;30.0;6.50;0.050
9896;3.0;30.0;6.50;0.060
9897;3.0;30.0;6.50;0.070
9898;3.0;30.0;6.50;0.080
9899;3.0;30.0;6.50;0.090
9900;3.0;30.0;6.50;0.100
9901;5.0;30.0;6.50;0.010
9902;5.0;30.0;6.50;0.020
9903;5.0;30.0;6.50;0.030
9904;5.0;30.0;6.50;0.040
9905;5.0;30.0;6.50;0.050
9906;5.0;30.0;6.50;0.060
9907;5.0;30.0;6.50;0.070
9908;5.0;30.0;6.50;0.080
9909;5.0;30.0;6.50;0.090
9910;5.0;30.0;6.50;0.100
9911;7.0;30.0;6.50;0.010
9912;7.0;30.0;6.50;0.020
9913;7.0;30.0;6.50;0.030
9914;7.0;30.0;6.50;0.040
9915;7.0;30.0;6.50;0.050
9916;7.0;30.0;6.50;0.060
9917;7.0;30.0;6.50;0.070
9918;7.0;30.0;6.50;0.080
9919;7.0;30.0;6.50;0.090
9920;7.0;30.0;6.50;0.100
9921;9.0;30.0;6.50;0.010
9922;9.0;30.0;6.50;0.020
9923;9.0;30.0;6.50;0.030
9924;9.0;30.0;6.50;0.040
9925;9.0;30.0;6.50;0.050
9926;9.0;30.0;6.50;0.060
9927;9.0;30.0;6.50;0.070
9928;9.0;30.0;6.50;0.080
9929;9.0;30.0;6.50;0.090
9930;9.0;30.0;6.50;0.100
9931;11.0;30.0;6.50;0.010
9932;11.0;30.0;6.50;0.020
9933;11.0;30.0;6.50;0.030
9934;11.0;30.0;6.50;0.040
9935;11.0;30.0;6.50;0.050
9936;11.0;30.0;6.50;0.060
9937;11.0;30.0;6.50;0.070
9938;11.0;30.0;6.50;0.080
9939;11.0;30.0;6.50;0.090
9940;11.0;30.0;6.50;0.100
9941;13.0;30.0;6.50;0.010
9942;13.0;30.0;6.50;0.020
9943;13.0;30.0;6.50;0.030
9944;13.0;30.0;6.50;0.040
9945;13.0;30.0;6.50;0.050
9946;13.0;30.0;6.50;0.060
9947;13.0;30.0;6.50;0.070
9948;13.0;30.0;6.50;0.080
9949;13.0;30.0;6.50;0.090
9950;13.0;30.0;6.50;0.100
9951;15.0;30.0;6.50;0.010
9952;15.0;30.0;6.50;0.020
9953;15.0;30.0;6.50;0.030
9954;15.0;30.0;6.50;0.040
9955;15.0;30.0;6.50;0.050
9956;15.0;30.0;6.50;0.060
9957;15.0;30.0;6.50;0.070
9958;15.0;30.0;6.50;0.080
9959;15.0;30.0;6.50;0.090
9960;15.0;30.0;6.50;0.100
9961;17.0;30.0;6.50;0.010
9962;17.0;30.0;6.50;0.020
9963;17.0;30.0;6.50;0.030
9964;17.0;30.0;6.50;0.040
9965;17.0;30.0;6.50;0.050
9966;17.0;30.0;6.50;0.060
9967;17.0;30.0;6.50;0.070
9968;17.0;30.0;6.50;0.080
9969;17.0;30.0;6.50;0.090
9970;17.0;30.0;6.50;0.100
9971;19.0;30.0;6.50;0.010
9972;19.0;30.0;6.50;0.020
9973;19.0;30.0;6.50;0.030
9974;19.0;30.0;6.50;0.040
9975;19.0;30.0;6.50;0.050
9976;19.0;30.0;6.50;0.060
9977;19.0;30.0;6.50;0.070
9978;19.0;30.0;6.50;0.080
9979;19.0;30.0;6.50;0.090
9980;19.0;30.0;6.50;0.100
9981;21.0;30.0;6.50;0.010
9982;21.0;30.0;6.50;0.020
9983;21.0;30.0;6.50;0.030
9984;21.0;30.0;6.50;0.040
9985;21.0;30.0;6.50;0.050
9986;21.0;30.0;6.50;0.060
9987;21.0;30.0;6.50;0.070
9988;21.0;30.0;6.50;0.080
9989;21.0;30.0;6.50;0.090
9990;21.0;30.0;6.50;0.100
9991;23.0;30.0;6.50;0.010
9992;23.0;30.0;6.50;0.020
9993;23.0;30.0;6.50;0.030
9994;23.0;30.0;6.50;0.040
9995;23.0;30.0;6.50;0.050
9996;23.0;30.0;6.50;0.060
9997;23.0;30.0;6.50;0.070
9998;23.0;30.0;6.50;0.080
9999;23.0;30.0;6.50;0.090
10000;23.0;30.0;6.50;0.100
10001;25.0;30.0;6.50;0.010
10002;25.0;30.0;6.50;0.020
10003;25.0;30.0;6.50;0.030
10004;25.0;30.0;6.50;0.040
10005;25.0;30.0;6.50;0.050
10006;25.0;30.0;6.50;0.060
10007;25.0;30.0;6.50;0.070
10008;25.0;30.0;6.50;0.080
10009;25.0;30.0;6.50;0.090
10010;25.0;30.0;6.50;0.100
10011;1.0;10.0;7.50;0.010
10012;1.0;10.0;7.50;0.020
10013;1.0;10.0;7.50;0.030
10014;1.0;10.0;7.50;0.040
10015;1.0;10.0;7.50;0.050
10016;1.0;10.0;7.50;0.060
10017;1.0;10.0;7.50;0.070
10018;1.0;10.0;7.50;0.080
10019;1.0;10.0;7.50;0.090
10020;1.0;10.0;7.50;0.100
10021;3.0;10.0;7.50;0.010
10022;3.0;10.0;7.50;0.020
10023;3.0;10.0;7.50;0.030
10024;3.0;10.0;7.50;0.040
10025;3.0;10.0;7.50;0.050
10026;3.0;10.0;7.50;0.060
10027;3.0;10.0;7.50;0.070
10028;3.0;10.0;7.50;0.080
10029;3.0;10.0;7.50;0.090
10030;3.0;10.0;7.50;0.100
10031;5.0;10.0;7.50;0.010
10032;5.0;10.0;7.50;0.020
10033;5.0;10.0;7.50;0.030
10034;5.0;10.0;7.50;0.040
10035;5.0;10.0;7.50;0.050
10036;5.0;10.0;7.50;0.060
10037;5.0;10.0;7.50;0.070
10038;5.0;10.0;7.50;0.080
10039;5.0;10.0;7.50;0.090
10040;5.0;10.0;7.50;0.100
10041;7.0;10.0;7.50;0.010
10042;7.0;10.0;7.50;0.020
10043;7.0;10.0;7.50;0.030
10044;7.0;10.0;7.50;0.040
10045;7.0;10.0;7.50;0.050
10046;7.0;10.0;7.50;0.060
10047;7.0;10.0;7.50;0.070
10048;7.0;10.0;7.50;0.080
10049;7.0;10.0;7.50;0.090
10050;7.0;10.0;7.50;0.100
10051;9.0;10.0;7.50;0.010
10052;9.0;10.0;7.50;0.020
10053;9.0;10.0;7.50;0.030
10054;9.0;10.0;7.50;0.040
10055;9.0;10.0;7.50;0.050
10056;9.0;10.0;7.50;0.060
10057;9.0;10.0;7.50;0.070
10058;9.0;10.0;7.50;0.080
10059;9.0;10.0;7.50;0.090
10060;9.0;10.0;7.50;0.100
10061;11.0;10.0;7.50;0.010
10062;11.0;10.0;7.50;0.020
10063;11.0;10.0;7.50;0.030
10064;11.0;10.0;7.50;0.040
10065;11.0;10.0;7.50;0.050
10066;11.0;10.0;7.50;0.060
10067;11.0;10.0;7.50;0.070
10068;11.0;10.0;7.50;0.080
10069;11.0;10.0;7.50;0.090
10070;11.0;10.0;7.50;0.100
10071;13.0;10.0;7.50;0.010
10072;13.0;10.0;7.50;0.020
10073;13.0;10.0;7.50;0.030
10074;13.0;10.0;7.50;0.040
10075;13.0;10.0;7.50;0.050
10076;13.0;10.0;7.50;0.060
10077;13.0;10.0;7.50;0.070
10078;13.0;10.0;7.50;0.080
10079;13.0;10.0;7.50;0.090
10080;13.0;10.0;7.50;0.100
10081;15.0;10.0;7.50;0.010
10082;15.0;10.0;7.50;0.020
10083;15.0;10.0;7.50;0.030
10084;15.0;10.0;7.50;0.040
10085;15.0;10.0;7.50;0.050
10086;15.0;10.0;7.50;0.060
10087;15.0;10.0;7.50;0.070
10088;15.0;10.0;7.50;0.080
10089;15.0;10.0;7.50;0.090
10090;15.0;10.0;7.50;0.100
10091;17.0;10.0;7.50;0.010
10092;17.0;10.0;7.50;0.020
10093;17.0;10.0;7.50;0.030
10094;17.0;10.0;7.50;0.040
10095;17.0;10.0;7.50;0.050
10096;17.0;10.0;7.50;0.060
10097;17.0;10.0;7.50;0.070
10098;17.0;10.0;7.50;0.080
10099;17.0;10.0;7.50;0.090
10100;17.0;10.0;7.50;0.100
10101;19.0;10.0;7.50;0.010
10102;19.0;10.0;7.50;0.020
10103;19.0;10.0;7.50;0.030
10104;19.0;10.0;7.50;0.040
10105;19.0;10.0;7.50;0.050
10106;19.0;10.0;7.50;0.060
10107;19.0;10.0;7.50;0.070
10108;19.0;10.0;7.50;0.080
10109;19.0;10.0;7.50;0.090
10110;19.0;10.0;7.50;0.100
10111;21.0;10.0;7.50;0.010
10112;21.0;10.0;7.50;0.020
10113;21.0;10.0;7.50;0.030
10114;21.0;10.0;7.50;0.040
10115;21.0;10.0;7.50;0.050
10116;21.0;10.0;7.50;0.060
10117;21.0;10.0;7.50;0.070
10118;21.0;10.0;7.50;0.080
10119;21.0;10.0;7.50;0.090
10120;21.0;10.0;7.50;0.100
10121;23.0;10.0;7.50;0.010
10122;23.0;10.0;7.50;0.020
10123;23.0;10.0;7.50;0.030
10124;23.0;10.0;7.50;0.040
10125;23.0;10.0;7.50;0.050
10126;23.0;10.0;7.50;0.060
10127;23.0;10.0;7.50;0.070
10128;23.0;10.0;7.50;0.080
10129;23.0;10.0;7.50;0.090
10130;23.0;10.0;7.50;0.100
10131;25.0;10.0;7.50;0.010
10132;25.0;10.0;7.50;0.020
10133;25.0;10.0;7.50;0.030
10134;25.0;10.0;7.50;0.040
10135;25.0;10.0;7.50;0.050
10136;25.0;10.0;7.50;0.060
10137;25.0;10.0;7.50;0.070
10138;25.0;10.0;7.50;0.080
10139;25.0;10.0;7.50;0.090
10140;25.0;10.0;7.50;0.100
10141;1.0;12.0;7.50;0.010
10142;1.0;12.0;7.50;0.020
10143;1.0;12.0;7.50;0.030
10144;1.0;12.0;7.50;0.040
10145;1.0;12.0;7.50;0.050
10146;1.0;12.0;7.50;0.060
10147;1.0;12.0;7.50;0.070
10148;1.0;12.0;7.50;0.080
10149;1.0;12.0;7.50;0.090
10150;1.0;12.0;7.50;0.100
10151;3.0;12.0;7.50;0.010
10152;3.0;12.0;7.50;0.020
10153;3.0;12.0;7.50;0.030
10154;3.0;12.0;7.50;0.040
10155;3.0;12.0;7.50;0.050
10156;3.0;12.0;7.50;0.060
10157;3.0;12.0;7.50;0.070
10158;3.0;12.0;7.50;0.080
10159;3.0;12.0;7.50;0.090
10160;3.0;12.0;7.50;0.100
10161;5.0;12.0;7.50;0.010
10162;5.0;12.0;7.50;0.020
10163;5.0;12.0;7.50;0.030
10164;5.0;12.0;7.50;0.040
10165;5.0;12.0;7.50;0.050
10166;5.0;12.0;7.50;0.060
10167;5.0;12.0;7.50;0.070
10168;5.0;12.0;7.50;0.080
10169;5.0;12.0;7.50;0.090
10170;5.0;12.0;7.50;0.100
10171;7.0;12.0;7.50;0.010
10172;7.0;12.0;7.50;0.020
10173;7.0;12.0;7.50;0.030
10174;7.0;12.0;7.50;0.040
10175;7.0;12.0;7.50;0.050
10176;7.0;12.0;7.50;0.060
10177;7.0;12.0;7.50;0.070
10178;7.0;12.0;7.50;0.080
10179;7.0;12.0;7.50;0.090
10180;7.0;12.0;7.50;0.100
10181;9.0;12.0;7.50;0.010
10182;9.0;12.0;7.50;0.020
10183;9.0;12.0;7.50;0.030
10184;9.0;12.0;7.50;0.040
10185;9.0;12.0;7.50;0.050
10186;9.0;12.0;7.50;0.060
10187;9.0;12.0;7.50;0.070
10188;9.0;12.0;7.50;0.080
10189;9.0;12.0;7.50;0.090
10190;9.0;12.0;7.50;0.100
10191;11.0;12.0;7.50;0.010
10192;11.0;12.0;7.50;0.020
10193;11.0;12.0;7.50;0.030
10194;11.0;12.0;7.50;0.040
10195;11.0;12.0;7.50;0.050
10196;11.0;12.0;7.50;0.060
10197;11.0;12.0;7.50;0.070
10198;11.0;12.0;7.50;0.080
10199;11.0;12.0;7.50;0.090
10200;11.0;12.0;7.50;0.100
10201;13.0;12.0;7.50;0.010
10202;13.0;12.0;7.50;0.020
10203;13.0;12.0;7.50;0.030
10204;13.0;12.0;7.50;0.040
10205;13.0;12.0;7.50;0.050
10206;13.0;12.0;7.50;0.060
10207;13.0;12.0;7.50;0.070
10208;13.0;12.0;7.50;0.080
10209;13.0;12.0;7.50;0.090
10210;13.0;12.0;7.50;0.100
10211;15.0;12.0;7.50;0.010
10212;15.0;12.0;7.50;0.020
10213;15.0;12.0;7.50;0.030
10214;15.0;12.0;7.50;0.040
10215;15.0;12.0;7.50;0.050
10216;15.0;12.0;7.50;0.060
10217;15.0;12.0;7.50;0.070
10218;15.0;12.0;7.50;0.080
10219;15.0;12.0;7.50;0.090
10220;15.0;12.0;7.50;0.100
10221;17.0;12.0;7.50;0.010
10222;17.0;12.0;7.50;0.020
10223;17.0;12.0;7.50;0.030
10224;17.0;12.0;7.50;0.040
10225;17.0;12.0;7.50;0.050
10226;17.0;12.0;7.50;0.060
10227;17.0;12.0;7.50;0.070
10228;17.0;12.0;7.50;0.080
10229;17.0;12.0;7.50;0.090
10230;17.0;12.0;7.50;0.100
10231;19.0;12.0;7.50;0.010
10232;19.0;12.0;7.50;0.020
10233;19.0;12.0;7.50;0.030
10234;19.0;12.0;7.50;0.040
10235;19.0;12.0;7.50;0.050
10236;19.0;12.0;7.50;0.060
10237;19.0;12.0;7.50;0.070
10238;19.0;12.0;7.50;0.080
10239;19.0;12.0;7.50;0.090
10240;19.0;12.0;7.50;0.100
10241;21.0;12.0;7.50;0.010
10242;21.0;12.0;7.50;0.020
10243;21.0;12.0;7.50;0.030
10244;21.0;12.0;7.50;0.040
10245;21.0;12.0;7.50;0.050
10246;21.0;12.0;7.50;0.060
10247;21.0;12.0;7.50;0.070
10248;21.0;12.0;7.50;0.080
10249;21.0;12.0;7.50;0.090
10250;21.0;12.0;7.50;0.100
10251;23.0;12.0;7.50;0.010
10252;23.0;12.0;7.50;0.020
10253;23.0;12.0;7.50;0.030
10254;23.0;12.0;7.50;0.040
10255;23.0;12.0;7.50;0.050
10256;23.0;12.0;7.50;0.060
10257;23.0;12.0;7.50;0.070
10258;23.0;12.0;7.50;0.080
10259;23.0;12.0;7.50;0.090
10260;23.0;12.0;7.50;0.100
10261;25.0;12.0;7.50;0.010
10262;25.0;12.0;7.50;0.020
10263;25.0;12.0;7.50;0.030
10264;25.0;12.0;7.50;0.040
10265;25.0;12.0;7.50;0.050
10266;25.0;12.0;7.50;0.060
10267;25.0;12.0;7.50;0.070
10268;25.0;12.0;7.50;0.080
10269;25.0;12.0;7.50;0.090
10270;25.0;12.0;7.50;0.100
10271;1.0;14.0;7.50;0.010
10272;1.0;14.0;7.50;0.020
10273;1.0;14.0;7.50;0.030
10274;1.0;14.0;7.50;0.040
10275;1.0;14.0;7.50;0.050
10276;1.0;14.0;7.50;0.060
10277;1.0;14.0;7.50;0.070
10278;1.0;14.0;7.50;0.080
10279;1.0;14.0;7.50;0.090
10280;1.0;14.0;7.50;0.100
10281;3.0;14.0;7.50;0.010
10282;3.0;14.0;7.50;0.020
10283;3.0;14.0;7.50;0.030
10284;3.0;14.0;7.50;0.040
10285;3.0;14.0;7.50;0.050
10286;3.0;14.0;7.50;0.060
10287;3.0;14.0;7.50;0.070
10288;3.0;14.0;7.50;0.080
10289;3.0;14.0;7.50;0.090
10290;3.0;14.0;7.50;0.100
10291;5.0;14.0;7.50;0.010
10292;5.0;14.0;7.50;0.020
10293;5.0;14.0;7.50;0.030
10294;5.0;14.0;7.50;0.040
10295;5.0;14.0;7.50;0.050
10296;5.0;14.0;7.50;0.060
10297;5.0;14.0;7.50;0.070
10298;5.0;14.0;7.50;0.080
10299;5.0;14.0;7.50;0.090
10300;5.0;14.0;7.50;0.100
10301;7.0;14.0;7.50;0.010
10302;7.0;14.0;7.50;0.020
10303;7.0;14.0;7.50;0.030
10304;7.0;14.0;7.50;0.040
10305;7.0;14.0;7.50;0.050
10306;7.0;14.0;7.50;0.060
10307;7.0;14.0;7.50;0.070
10308;7.0;14.0;7.50;0.080
10309;7.0;14.0;7.50;0.090
10310;7.0;14.0;7.50;0.100
10311;9.0;14.0;7.50;0.010
10312;9.0;14.0;7.50;0.020
10313;9.0;14.0;7.50;0.030
10314;9.0;14.0;7.50;0.040
10315;9.0;14.0;7.50;0.050
10316;9.0;14.0;7.50;0.060
10317;9.0;14.0;7.50;0.070
10318;9.0;14.0;7.50;0.080
10319;9.0;14.0;7.50;0.090
10320;9.0;14.0;7.50;0.100
10321;11.0;14.0;7.50;0.010
10322;11.0;14.0;7.50;0.020
10323;11.0;14.0;7.50;0.030
10324;11.0;14.0;7.50;0.040
10325;11.0;14.0;7.50;0.050
10326;11.0;14.0;7.50;0.060
10327;11.0;14.0;7.50;0.070
10328;11.0;14.0;7.50;0.080
10329;11.0;14.0;7.50;0.090
10330;11.0;14.0;7.50;0.100
10331;13.0;14.0;7.50;0.010
10332;13.0;14.0;7.50;0.020
10333;13.0;14.0;7.50;0.030
10334;13.0;14.0;7.50;0.040
10335;13.0;14.0;7.50;0.050
10336;13.0;14.0;7.50;0.060
10337;13.0;14.0;7.50;0.070
10338;13.0;14.0;7.50;0.080
10339;13.0;14.0;7.50;0.090
10340;13.0;14.0;7.50;0.100
10341;15.0;14.0;7.50;0.010
10342;15.0;14.0;7.50;0.020
10343;15.0;14.0;7.50;0.030
10344;15.0;14.0;7.50;0.040
10345;15.0;14.0;7.50;0.050
10346;15.0;14.0;7.50;0.060
10347;15.0;14.0;7.50;0.070
10348;15.0;14.0;7.50;0.080
10349;15.0;14.0;7.50;0.090
10350;15.0;14.0;7.50;0.100
10351;17.0;14.0;7.50;0.010
10352;17.0;14.0;7.50;0.020
10353;17.0;14.0;7.50;0.030
10354;17.0;14.0;7.50;0.040
10355;17.0;14.0;7.50;0.050
10356;17.0;14.0;7.50;0.060
10357;17.0;14.0;7.50;0.070
10358;17.0;14.0;7.50;0.080
10359;17.0;14.0;7.50;0.090
10360;17.0;14.0;7.50;0.100
10361;19.0;14.0;7.50;0.010
10362;19.0;14.0;7.50;0.020
10363;19.0;14.0;7.50;0.030
10364;19.0;14.0;7.50;0.040
10365;19.0;14.0;7.50;0.050
10366;19.0;14.0;7.50;0.060
10367;19.0;14.0;7.50;0.070
10368;19.0;14.0;7.50;0.080
10369;19.0;14.0;7.50;0.090
10370;19.0;14.0;7.50;0.100
10371;21.0;14.0;7.50;0.010
10372;21.0;14.0;7.50;0.020
10373;21.0;14.0;7.50;0.030
10374;21.0;14.0;7.50;0.040
10375;21.0;14.0;7.50;0.050
10376;21.0;14.0;7.50;0.060
10377;21.0;14.0;7.50;0.070
10378;21.0;14.0;7.50;0.080
10379;21.0;14.0;7.50;0.090
10380;21.0;14.0;7.50;0.100
10381;23.0;14.0;7.50;0.010
10382;23.0;14.0;7.50;0.020
10383;23.0;14.0;7.50;0.030
10384;23.0;14.0;7.50;0.040
10385;23.0;14.0;7.50;0.050
10386;23.0;14.0;7.50;0.060
10387;23.0;14.0;7.50;0.070
10388;23.0;14.0;7.50;0.080
10389;23.0;14.0;7.50;0.090
10390;23.0;14.0;7.50;0.100
10391;25.0;14.0;7.50;0.010
10392;25.0;14.0;7.50;0.020
10393;25.0;14.0;7.50;0.030
10394;25.0;14.0;7.50;0.040
10395;25.0;14.0;7.50;0.050
10396;25.0;14.0;7.50;0.060
10397;25.0;14.0;7.50;0.070
10398;25.0;14.0;7.50;0.080
10399;25.0;14.0;7.50;0.090
10400;25.0;14.0;7.50;0.100
10401;1.0;16.0;7.50;0.010
10402;1.0;16.0;7.50;0.020
10403;1.0;16.0;7.50;0.030
10404;1.0;16.0;7.50;0.040
10405;1.0;16.0;7.50;0.050
10406;1.0;16.0;7.50;0.060
10407;1.0;16.0;7.50;0.070
10408;1.0;16.0;7.50;0.080
10409;1.0;16.0;7.50;0.090
10410;1.0;16.0;7.50;0.100
10411;3.0;16.0;7.50;0.010
10412;3.0;16.0;7.50;0.020
10413;3.0;16.0;7.50;0.030
10414;3.0;16.0;7.50;0.040
10415;3.0;16.0;7.50;0.050
10416;3.0;16.0;7.50;0.060
10417;3.0;16.0;7.50;0.070
10418;3.0;16.0;7.50;0.080
10419;3.0;16.0;7.50;0.090
10420;3.0;16.0;7.50;0.100
10421;5.0;16.0;7.50;0.010
10422;5.0;16.0;7.50;0.020
10423;5.0;16.0;7.50;0.030
10424;5.0;16.0;7.50;0.040
10425;5.0;16.0;7.50;0.050
10426;5.0;16.0;7.50;0.060
10427;5.0;16.0;7.50;0.070
10428;5.0;16.0;7.50;0.080
10429;5.0;16.0;7.50;0.090
10430;5.0;16.0;7.50;0.100
10431;7.0;16.0;7.50;0.010
10432;7.0;16.0;7.50;0.020
10433;7.0;16.0;7.50;0.030
10434;7.0;16.0;7.50;0.040
10435;7.0;16.0;7.50;0.050
10436;7.0;16.0;7.50;0.060
10437;7.0;16.0;7.50;0.070
10438;7.0;16.0;7.50;0.080
10439;7.0;16.0;7.50;0.090
10440;7.0;16.0;7.50;0.100
10441;9.0;16.0;7.50;0.010
10442;9.0;16.0;7.50;0.020
10443;9.0;16.0;7.50;0.030
10444;9.0;16.0;7.50;0.040
10445;9.0;16.0;7.50;0.050
10446;9.0;16.0;7.50;0.060
10447;9.0;16.0;7.50;0.070
10448;9.0;16.0;7.50;0.080
10449;9.0;16.0;7.50;0.090
10450;9.0;16.0;7.50;0.100
10451;11.0;16.0;7.50;0.010
10452;11.0;16.0;7.50;0.020
10453;11.0;16.0;7.50;0.030
10454;11.0;16.0;7.50;0.040
10455;11.0;16.0;7.50;0.050
10456;11.0;16.0;7.50;0.060
10457;11.0;16.0;7.50;0.070
10458;11.0;16.0;7.50;0.080
10459;11.0;16.0;7.50;0.090
10460;11.0;16.0;7.50;0.100
10461;13.0;16.0;7.50;0.010
10462;13.0;16.0;7.50;0.020
10463;13.0;16.0;7.50;0.030
10464;13.0;16.0;7.50;0.040
10465;13.0;16.0;7.50;0.050
10466;13.0;16.0;7.50;0.060
10467;13.0;16.0;7.50;0.070
10468;13.0;16.0;7.50;0.080
10469;13.0;16.0;7.50;0.090
10470;13.0;16.0;7.50;0.100
10471;15.0;16.0;7.50;0.010
10472;15.0;16.0;7.50;0.020
10473;15.0;16.0;7.50;0.030
10474;15.0;16.0;7.50;0.040
10475;15.0;16.0;7.50;0.050
10476;15.0;16.0;7.50;0.060
10477;15.0;16.0;7.50;0.070
10478;15.0;16.0;7.50;0.080
10479;15.0;16.0;7.50;0.090
10480;15.0;16.0;7.50;0.100
10481;17.0;16.0;7.50;0.010
10482;17.0;16.0;7.50;0.020
10483;17.0;16.0;7.50;0.030
10484;17.0;16.0;7.50;0.040
10485;17.0;16.0;7.50;0.050
10486;17.0;16.0;7.50;0.060
10487;17.0;16.0;7.50;0.070
10488;17.0;16.0;7.50;0.080
10489;17.0;16.0;7.50;0.090
10490;17.0;16.0;7.50;0.100
10491;19.0;16.0;7.50;0.010
10492;19.0;16.0;7.50;0.020
10493;19.0;16.0;7.50;0.030
10494;19.0;16.0;7.50;0.040
10495;19.0;16.0;7.50;0.050
10496;19.0;16.0;7.50;0.060
10497;19.0;16.0;7.50;0.070
10498;19.0;16.0;7.50;0.080
10499;19.0;16.0;7.50;0.090
10500;19.0;16.0;7.50;0.100
10501;21.0;16.0;7.50;0.010
10502;21.0;16.0;7.50;0.020
10503;21.0;16.0;7.50;0.030
10504;21.0;16.0;7.50;0.040
10505;21.0;16.0;7.50;0.050
10506;21.0;16.0;7.50;0.060
10507;21.0;16.0;7.50;0.070
10508;21.0;16.0;7.50;0.080
10509;21.0;16.0;7.50;0.090
10510;21.0;16.0;7.50;0.100
10511;23.0;16.0;7.50;0.010
10512;23.0;16.0;7.50;0.020
10513;23.0;16.0;7.50;0.030
10514;23.0;16.0;7.50;0.040
10515;23.0;16.0;7.50;0.050
10516;23.0;16.0;7.50;0.060
10517;23.0;16.0;7.50;0.070
10518;23.0;16.0;7.50;0.080
10519;23.0;16.0;7.50;0.090
10520;23.0;16.0;7.50;0.100
10521;25.0;16.0;7.50;0.010
10522;25.0;16.0;7.50;0.020
10523;25.0;16.0;7.50;0.030
10524;25.0;16.0;7.50;0.040
10525;25.0;16.0;7.50;0.050
10526;25.0;16.0;7.50;0.060
10527;25.0;16.0;7.50;0.070
10528;25.0;16.0;7.50;0.080
10529;25.0;16.0;7.50;0.090
10530;25.0;16.0;7.50;0.100
10531;1.0;18.0;7.50;0.010
10532;1.0;18.0;7.50;0.020
10533;1.0;18.0;7.50;0.030
10534;1.0;18.0;7.50;0.040
10535;1.0;18.0;7.50;0.050
10536;1.0;18.0;7.50;0.060
10537;1.0;18.0;7.50;0.070
10538;1.0;18.0;7.50;0.080
10539;1.0;18.0;7.50;0.090
10540;1.0;18.0;7.50;0.100
10541;3.0;18.0;7.50;0.010
10542;3.0;18.0;7.50;0.020
10543;3.0;18.0;7.50;0.030
10544;3.0;18.0;7.50;0.040
10545;3.0;18.0;7.50;0.050
10546;3.0;18.0;7.50;0.060
10547;3.0;18.0;7.50;0.070
10548;3.0;18.0;7.50;0.080
10549;3.0;18.0;7.50;0.090
10550;3.0;18.0;7.50;0.100
10551;5.0;18.0;7.50;0.010
10552;5.0;18.0;7.50;0.020
10553;5.0;18.0;7.50;0.030
10554;5.0;18.0;7.50;0.040
10555;5.0;18.0;7.50;0.050
10556;5.0;18.0;7.50;0.060
10557;5.0;18.0;7.50;0.070
10558;5.0;18.0;7.50;0.080
10559;5.0;18.0;7.50;0.090
10560;5.0;18.0;7.50;0.100
10561;7.0;18.0;7.50;0.010
10562;7.0;18.0;7.50;0.020
10563;7.0;18.0;7.50;0.030
10564;7.0;18.0;7.50;0.040
10565;7.0;18.0;7.50;0.050
10566;7.0;18.0;7.50;0.060
10567;7.0;18.0;7.50;0.070
10568;7.0;18.0;7.50;0.080
10569;7.0;18.0;7.50;0.090
10570;7.0;18.0;7.50;0.100
10571;9.0;18.0;7.50;0.010
10572;9.0;18.0;7.50;0.020
10573;9.0;18.0;7.50;0.030
10574;9.0;18.0;7.50;0.040
10575;9.0;18.0;7.50;0.050
10576;9.0;18.0;7.50;0.060
10577;9.0;18.0;7.50;0.070
10578;9.0;18.0;7.50;0.080
10579;9.0;18.0;7.50;0.090
10580;9.0;18.0;7.50;0.100
10581;11.0;18.0;7.50;0.010
10582;11.0;18.0;7.50;0.020
10583;11.0;18.0;7.50;0.030
10584;11.0;18.0;7.50;0.040
10585;11.0;18.0;7.50;0.050
10586;11.0;18.0;7.50;0.060
10587;11.0;18.0;7.50;0.070
10588;11.0;18.0;7.50;0.080
10589;11.0;18.0;7.50;0.090
10590;11.0;18.0;7.50;0.100
10591;13.0;18.0;7.50;0.010
10592;13.0;18.0;7.50;0.020
10593;13.0;18.0;7.50;0.030
10594;13.0;18.0;7.50;0.040
10595;13.0;18.0;7.50;0.050
10596;13.0;18.0;7.50;0.060
10597;13.0;18.0;7.50;0.070
10598;13.0;18.0;7.50;0.080
10599;13.0;18.0;7.50;0.090
10600;13.0;18.0;7.50;0.100
10601;15.0;18.0;7.50;0.010
10602;15.0;18.0;7.50;0.020
10603;15.0;18.0;7.50;0.030
10604;15.0;18.0;7.50;0.040
10605;15.0;18.0;7.50;0.050
10606;15.0;18.0;7.50;0.060
10607;15.0;18.0;7.50;0.070
10608;15.0;18.0;7.50;0.080
10609;15.0;18.0;7.50;0.090
10610;15.0;18.0;7.50;0.100
10611;17.0;18.0;7.50;0.010
10612;17.0;18.0;7.50;0.020
10613;17.0;18.0;7.50;0.030
10614;17.0;18.0;7.50;0.040
10615;17.0;18.0;7.50;0.050
10616;17.0;18.0;7.50;0.060
10617;17.0;18.0;7.50;0.070
10618;17.0;18.0;7.50;0.080
10619;17.0;18.0;7.50;0.090
10620;17.0;18.0;7.50;0.100
10621;19.0;18.0;7.50;0.010
10622;19.0;18.0;7.50;0.020
10623;19.0;18.0;7.50;0.030
10624;19.0;18.0;7.50;0.040
10625;19.0;18.0;7.50;0.050
10626;19.0;18.0;7.50;0.060
10627;19.0;18.0;7.50;0.070
10628;19.0;18.0;7.50;0.080
10629;19.0;18.0;7.50;0.090
10630;19.0;18.0;7.50;0.100
10631;21.0;18.0;7.50;0.010
10632;21.0;18.0;7.50;0.020
10633;21.0;18.0;7.50;0.030
10634;21.0;18.0;7.50;0.040
10635;21.0;18.0;7.50;0.050
10636;21.0;18.0;7.50;0.060
10637;21.0;18.0;7.50;0.070
10638;21.0;18.0;7.50;0.080
10639;21.0;18.0;7.50;0.090
10640;21.0;18.0;7.50;0.100
10641;23.0;18.0;7.50;0.010
10642;23.0;18.0;7.50;0.020
10643;23.0;18.0;7.50;0.030
10644;23.0;18.0;7.50;0.040
10645;23.0;18.0;7.50;0.050
10646;23.0;18.0;7.50;0.060
10647;23.0;18.0;7.50;0.070
10648;23.0;18.0;7.50;0.080
10649;23.0;18.0;7.50;0.090
10650;23.0;18.0;7.50;0.100
10651;25.0;18.0;7.50;0.010
10652;25.0;18.0;7.50;0.020
10653;25.0;18.0;7.50;0.030
10654;25.0;18.0;7.50;0.040
10655;25.0;18.0;7.50;0.050
10656;25.0;18.0;7.50;0.060
10657;25.0;18.0;7.50;0.070
10658;25.0;18.0;7.50;0.080
10659;25.0;18.0;7.50;0.090
10660;25.0;18.0;7.50;0.100
10661;1.0;20.0;7.50;0.010
10662;1.0;20.0;7.50;0.020
10663;1.0;20.0;7.50;0.030
10664;1.0;20.0;7.50;0.040
10665;1.0;20.0;7.50;0.050
10666;1.0;20.0;7.50;0.060
10667;1.0;20.0;7.50;0.070
10668;1.0;20.0;7.50;0.080
10669;1.0;20.0;7.50;0.090
10670;1.0;20.0;7.50;0.100
10671;3.0;20.0;7.50;0.010
10672;3.0;20.0;7.50;0.020
10673;3.0;20.0;7.50;0.030
10674;3.0;20.0;7.50;0.040
10675;3.0;20.0;7.50;0.050
10676;3.0;20.0;7.50;0.060
10677;3.0;20.0;7.50;0.070
10678;3.0;20.0;7.50;0.080
10679;3.0;20.0;7.50;0.090
10680;3.0;20.0;7.50;0.100
10681;5.0;20.0;7.50;0.010
10682;5.0;20.0;7.50;0.020
10683;5.0;20.0;7.50;0.030
10684;5.0;20.0;7.50;0.040
10685;5.0;20.0;7.50;0.050
10686;5.0;20.0;7.50;0.060
10687;5.0;20.0;7.50;0.070
10688;5.0;20.0;7.50;0.080
10689;5.0;20.0;7.50;0.090
10690;5.0;20.0;7.50;0.100
10691;7.0;20.0;7.50;0.010
10692;7.0;20.0;7.50;0.020
10693;7.0;20.0;7.50;0.030
10694;7.0;20.0;7.50;0.040
10695;7.0;20.0;7.50;0.050
10696;7.0;20.0;7.50;0.060
10697;7.0;20.0;7.50;0.070
10698;7.0;20.0;7.50;0.080
10699;7.0;20.0;7.50;0.090
10700;7.0;20.0;7.50;0.100
10701;9.0;20.0;7.50;0.010
10702;9.0;20.0;7.50;0.020
10703;9.0;20.0;7.50;0.030
10704;9.0;20.0;7.50;0.040
10705;9.0;20.0;7.50;0.050
10706;9.0;20.0;7.50;0.060
10707;9.0;20.0;7.50;0.070
10708;9.0;20.0;7.50;0.080
10709;9.0;20.0;7.50;0.090
10710;9.0;20.0;7.50;0.100
10711;11.0;20.0;7.50;0.010
10712;11.0;20.0;7.50;0.020
10713;11.0;20.0;7.50;0.030
10714;11.0;20.0;7.50;0.040
10715;11.0;20.0;7.50;0.050
10716;11.0;20.0;7.50;0.060
10717;11.0;20.0;7.50;0.070
10718;11.0;20.0;7.50;0.080
10719;11.0;20.0;7.50;0.090
10720;11.0;20.0;7.50;0.100
10721;13.0;20.0;7.50;0.010
10722;13.0;20.0;7.50;0.020
10723;13.0;20.0;7.50;0.030
10724;13.0;20.0;7.50;0.040
10725;13.0;20.0;7.50;0.050
10726;13.0;20.0;7.50;0.060
10727;13.0;20.0;7.50;0.070
10728;13.0;20.0;7.50;0.080
10729;13.0;20.0;7.50;0.090
10730;13.0;20.0;7.50;0.100
10731;15.0;20.0;7.50;0.010
10732;15.0;20.0;7.50;0.020
10733;15.0;20.0;7.50;0.030
10734;15.0;20.0;7.50;0.040
10735;15.0;20.0;7.50;0.050
10736;15.0;20.0;7.50;0.060
10737;15.0;20.0;7.50;0.070
10738;15.0;20.0;7.50;0.080
10739;15.0;20.0;7.50;0.090
10740;15.0;20.0;7.50;0.100
10741;17.0;20.0;7.50;0.010
10742;17.0;20.0;7.50;0.020
10743;17.0;20.0;7.50;0.030
10744;17.0;20.0;7.50;0.040
10745;17.0;20.0;7.50;0.050
10746;17.0;20.0;7.50;0.060
10747;17.0;20.0;7.50;0.070
10748;17.0;20.0;7.50;0.080
10749;17.0;20.0;7.50;0.090
10750;17.0;20.0;7.50;0.100
10751;19.0;20.0;7.50;0.010
10752;19.0;20.0;7.50;0.020
10753;19.0;20.0;7.50;0.030
10754;19.0;20.0;7.50;0.040
10755;19.0;20.0;7.50;0.050
10756;19.0;20.0;7.50;0.060
10757;19.0;20.0;7.50;0.070
10758;19.0;20.0;7.50;0.080
10759;19.0;20.0;7.50;0.090
10760;19.0;20.0;7.50;0.100
10761;21.0;20.0;7.50;0.010
10762;21.0;20.0;7.50;0.020
10763;21.0;20.0;7.50;0.030
10764;21.0;20.0;7.50;0.040
10765;21.0;20.0;7.50;0.050
10766;21.0;20.0;7.50;0.060
10767;21.0;20.0;7.50;0.070
10768;21.0;20.0;7.50;0.080
10769;21.0;20.0;7.50;0.090
10770;21.0;20.0;7.50;0.100
10771;23.0;20.0;7.50;0.010
10772;23.0;20.0;7.50;0.020
10773;23.0;20.0;7.50;0.030
10774;23.0;20.0;7.50;0.040
10775;23.0;20.0;7.50;0.050
10776;23.0;20.0;7.50;0.060
10777;23.0;20.0;7.50;0.070
10778;23.0;20.0;7.50;0.080
10779;23.0;20.0;7.50;0.090
10780;23.0;20.0;7.50;0.100
10781;25.0;20.0;7.50;0.010
10782;25.0;20.0;7.50;0.020
10783;25.0;20.0;7.50;0.030
10784;25.0;20.0;7.50;0.040
10785;25.0;20.0;7.50;0.050
10786;25.0;20.0;7.50;0.060
10787;25.0;20.0;7.50;0.070
10788;25.0;20.0;7.50;0.080
10789;25.0;20.0;7.50;0.090
10790;25.0;20.0;7.50;0.100
10791;1.0;22.0;7.50;0.010
10792;1.0;22.0;7.50;0.020
10793;1.0;22.0;7.50;0.030
10794;1.0;22.0;7.50;0.040
10795;1.0;22.0;7.50;0.050
10796;1.0;22.0;7.50;0.060
10797;1.0;22.0;7.50;0.070
10798;1.0;22.0;7.50;0.080
10799;1.0;22.0;7.50;0.090
10800;1.0;22.0;7.50;0.100
10801;3.0;22.0;7.50;0.010
10802;3.0;22.0;7.50;0.020
10803;3.0;22.0;7.50;0.030
10804;3.0;22.0;7.50;0.040
10805;3.0;22.0;7.50;0.050
10806;3.0;22.0;7.50;0.060
10807;3.0;22.0;7.50;0.070
10808;3.0;22.0;7.50;0.080
10809;3.0;22.0;7.50;0.090
10810;3.0;22.0;7.50;0.100
10811;5.0;22.0;7.50;0.010
10812;5.0;22.0;7.50;0.020
10813;5.0;22.0;7.50;0.030
10814;5.0;22.0;7.50;0.040
10815;5.0;22.0;7.50;0.050
10816;5.0;22.0;7.50;0.060
10817;5.0;22.0;7.50;0.070
10818;5.0;22.0;7.50;0.080
10819;5.0;22.0;7.50;0.090
10820;5.0;22.0;7.50;0.100
10821;7.0;22.0;7.50;0.010
10822;7.0;22.0;7.50;0.020
10823;7.0;22.0;7.50;0.030
10824;7.0;22.0;7.50;0.040
10825;7.0;22.0;7.50;0.050
10826;7.0;22.0;7.50;0.060
10827;7.0;22.0;7.50;0.070
10828;7.0;22.0;7.50;0.080
10829;7.0;22.0;7.50;0.090
10830;7.0;22.0;7.50;0.100
10831;9.0;22.0;7.50;0.010
10832;9.0;22.0;7.50;0.020
10833;9.0;22.0;7.50;0.030
10834;9.0;22.0;7.50;0.040
10835;9.0;22.0;7.50;0.050
10836;9.0;22.0;7.50;0.060
10837;9.0;22.0;7.50;0.070
10838;9.0;22.0;7.50;0.080
10839;9.0;22.0;7.50;0.090
10840;9.0;22.0;7.50;0.100
10841;11.0;22.0;7.50;0.010
10842;11.0;22.0;7.50;0.020
10843;11.0;22.0;7.50;0.030
10844;11.0;22.0;7.50;0.040
10845;11.0;22.0;7.50;0.050
10846;11.0;22.0;7.50;0.060
10847;11.0;22.0;7.50;0.070
10848;11.0;22.0;7.50;0.080
10849;11.0;22.0;7.50;0.090
10850;11.0;22.0;7.50;0.100
10851;13.0;22.0;7.50;0.010
10852;13.0;22.0;7.50;0.020
10853;13.0;22.0;7.50;0.030
10854;13.0;22.0;7.50;0.040
10855;13.0;22.0;7.50;0.050
10856;13.0;22.0;7.50;0.060
10857;13.0;22.0;7.50;0.070
10858;13.0;22.0;7.50;0.080
10859;13.0;22.0;7.50;0.090
10860;13.0;22.0;7.50;0.100
10861;15.0;22.0;7.50;0.010
10862;15.0;22.0;7.50;0.020
10863;15.0;22.0;7.50;0.030
10864;15.0;22.0;7.50;0.040
10865;15.0;22.0;7.50;0.050
10866;15.0;22.0;7.50;0.060
10867;15.0;22.0;7.50;0.070
10868;15.0;22.0;7.50;0.080
10869;15.0;22.0;7.50;0.090
10870;15.0;22.0;7.50;0.100
10871;17.0;22.0;7.50;0.010
10872;17.0;22.0;7.50;0.020
10873;17.0;22.0;7.50;0.030
10874;17.0;22.0;7.50;0.040
10875;17.0;22.0;7.50;0.050
10876;17.0;22.0;7.50;0.060
10877;17.0;22.0;7.50;0.070
10878;17.0;22.0;7.50;0.080
10879;17.0;22.0;7.50;0.090
10880;17.0;22.0;7.50;0.100
10881;19.0;22.0;7.50;0.010
10882;19.0;22.0;7.50;0.020
10883;19.0;22.0;7.50;0.030
10884;19.0;22.0;7.50;0.040
10885;19.0;22.0;7.50;0.050
10886;19.0;22.0;7.50;0.060
10887;19.0;22.0;7.50;0.070
10888;19.0;22.0;7.50;0.080
10889;19.0;22.0;7.50;0.090
10890;19.0;22.0;7.50;0.100
10891;21.0;22.0;7.50;0.010
10892;21.0;22.0;7.50;0.020
10893;21.0;22.0;7.50;0.030
10894;21.0;22.0;7.50;0.040
10895;21.0;22.0;7.50;0.050
10896;21.0;22.0;7.50;0.060
10897;21.0;22.0;7.50;0.070
10898;21.0;22.0;7.50;0.080
10899;21.0;22.0;7.50;0.090
10900;21.0;22.0;7.50;0.100
10901;23.0;22.0;7.50;0.010
10902;23.0;22.0;7.50;0.020
10903;23.0;22.0;7.50;0.030
10904;23.0;22.0;7.50;0.040
10905;23.0;22.0;7.50;0.050
10906;23.0;22.0;7.50;0.060
10907;23.0;22.0;7.50;0.070
10908;23.0;22.0;7.50;0.080
10909;23.0;22.0;7.50;0.090
10910;23.0;22.0;7.50;0.100
10911;25.0;22.0;7.50;0.010
10912;25.0;22.0;7.50;0.020
10913;25.0;22.0;7.50;0.030
10914;25.0;22.0;7.50;0.040
10915;25.0;22.0;7.50;0.050
10916;25.0;22.0;7.50;0.060
10917;25.0;22.0;7.50;0.070
10918;25.0;22.0;7.50;0.080
10919;25.0;22.0;7.50;0.090
10920;25.0;22.0;7.50;0.100
10921;1.0;24.0;7.50;0.010
10922;1.0;24.0;7.50;0.020
10923;1.0;24.0;7.50;0.030
10924;1.0;24.0;7.50;0.040
10925;1.0;24.0;7.50;0.050
10926;1.0;24.0;7.50;0.060
10927;1.0;24.0;7.50;0.070
10928;1.0;24.0;7.50;0.080
10929;1.0;24.0;7.50;0.090
10930;1.0;24.0;7.50;0.100
10931;3.0;24.0;7.50;0.010
10932;3.0;24.0;7.50;0.020
10933;3.0;24.0;7.50;0.030
10934;3.0;24.0;7.50;0.040
10935;3.0;24.0;7.50;0.050
10936;3.0;24.0;7.50;0.060
10937;3.0;24.0;7.50;0.070
10938;3.0;24.0;7.50;0.080
10939;3.0;24.0;7.50;0.090
10940;3.0;24.0;7.50;0.100
10941;5.0;24.0;7.50;0.010
10942;5.0;24.0;7.50;0.020
10943;5.0;24.0;7.50;0.030
10944;5.0;24.0;7.50;0.040
10945;5.0;24.0;7.50;0.050
10946;5.0;24.0;7.50;0.060
10947;5.0;24.0;7.50;0.070
10948;5.0;24.0;7.50;0.080
10949;5.0;24.0;7.50;0.090
10950;5.0;24.0;7.50;0.100
10951;7.0;24.0;7.50;0.010
10952;7.0;24.0;7.50;0.020
10953;7.0;24.0;7.50;0.030
10954;7.0;24.0;7.50;0.040
10955;7.0;24.0;7.50;0.050
10956;7.0;24.0;7.50;0.060
10957;7.0;24.0;7.50;0.070
10958;7.0;24.0;7.50;0.080
10959;7.0;24.0;7.50;0.090
10960;7.0;24.0;7.50;0.100
10961;9.0;24.0;7.50;0.010
10962;9.0;24.0;7.50;0.020
10963;9.0;24.0;7.50;0.030
10964;9.0;24.0;7.50;0.040
10965;9.0;24.0;7.50;0.050
10966;9.0;24.0;7.50;0.060
10967;9.0;24.0;7.50;0.070
10968;9.0;24.0;7.50;0.080
10969;9.0;24.0;7.50;0.090
10970;9.0;24.0;7.50;0.100
10971;11.0;24.0;7.50;0.010
10972;11.0;24.0;7.50;0.020
10973;11.0;24.0;7.50;0.030
10974;11.0;24.0;7.50;0.040
10975;11.0;24.0;7.50;0.050
10976;11.0;24.0;7.50;0.060
10977;11.0;24.0;7.50;0.070
10978;11.0;24.0;7.50;0.080
10979;11.0;24.0;7.50;0.090
10980;11.0;24.0;7.50;0.100
10981;13.0;24.0;7.50;0.010
10982;13.0;24.0;7.50;0.020
10983;13.0;24.0;7.50;0.030
10984;13.0;24.0;7.50;0.040
10985;13.0;24.0;7.50;0.050
10986;13.0;24.0;7.50;0.060
10987;13.0;24.0;7.50;0.070
10988;13.0;24.0;7.50;0.080
10989;13.0;24.0;7.50;0.090
10990;13.0;24.0;7.50;0.100
10991;15.0;24.0;7.50;0.010
10992;15.0;24.0;7.50;0.020
10993;15.0;24.0;7.50;0.030
10994;15.0;24.0;7.50;0.040
10995;15.0;24.0;7.50;0.050
10996;15.0;24.0;7.50;0.060
10997;15.0;24.0;7.50;0.070
10998;15.0;24.0;7.50;0.080
10999;15.0;24.0;7.50;0.090
11000;15.0;24.0;7.50;0.100
11001;17.0;24.0;7.50;0.010
11002;17.0;24.0;7.50;0.020
11003;17.0;24.0;7.50;0.030
11004;17.0;24.0;7.50;0.040
11005;17.0;24.0;7.50;0.050
11006;17.0;24.0;7.50;0.060
11007;17.0;24.0;7.50;0.070
11008;17.0;24.0;7.50;0.080
11009;17.0;24.0;7.50;0.090
11010;17.0;24.0;7.50;0.100
11011;19.0;24.0;7.50;0.010
11012;19.0;24.0;7.50;0.020
11013;19.0;24.0;7.50;0.030
11014;19.0;24.0;7.50;0.040
11015;19.0;24.0;7.50;0.050
11016;19.0;24.0;7.50;0.060
11017;19.0;24.0;7.50;0.070
11018;19.0;24.0;7.50;0.080
11019;19.0;24.0;7.50;0.090
11020;19.0;24.0;7.50;0.100
11021;21.0;24.0;7.50;0.010
11022;21.0;24.0;7.50;0.020
11023;21.0;24.0;7.50;0.030
11024;21.0;24.0;7.50;0.040
11025;21.0;24.0;7.50;0.050
11026;21.0;24.0;7.50;0.060
11027;21.0;24.0;7.50;0.070
11028;21.0;24.0;7.50;0.080
11029;21.0;24.0;7.50;0.090
11030;21.0;24.0;7.50;0.100
11031;23.0;24.0;7.50;0.010
11032;23.0;24.0;7.50;0.020
11033;23.0;24.0;7.50;0.030
11034;23.0;24.0;7.50;0.040
11035;23.0;24.0;7.50;0.050
11036;23.0;24.0;7.50;0.060
11037;23.0;24.0;7.50;0.070
11038;23.0;24.0;7.50;0.080
11039;23.0;24.0;7.50;0.090
11040;23.0;24.0;7.50;0.100
11041;25.0;24.0;7.50;0.010
11042;25.0;24.0;7.50;0.020
11043;25.0;24.0;7.50;0.030
11044;25.0;24.0;7.50;0.040
11045;25.0;24.0;7.50;0.050
11046;25.0;24.0;7.50;0.060
11047;25.0;24.0;7.50;0.070
11048;25.0;24.0;7.50;0.080
11049;25.0;24.0;7.50;0.090
11050;25.0;24.0;7.50;0.100
11051;1.0;26.0;7.50;0.010
11052;1.0;26.0;7.50;0.020
11053;1.0;26.0;7.50;0.030
11054;1.0;26.0;7.50;0.040
11055;1.0;26.0;7.50;0.050
11056;1.0;26.0;7.50;0.060
11057;1.0;26.0;7.50;0.070
11058;1.0;26.0;7.50;0.080
11059;1.0;26.0;7.50;0.090
11060;1.0;26.0;7.50;0.100
11061;3.0;26.0;7.50;0.010
11062;3.0;26.0;7.50;0.020
11063;3.0;26.0;7.50;0.030
11064;3.0;26.0;7.50;0.040
11065;3.0;26.0;7.50;0.050
11066;3.0;26.0;7.50;0.060
11067;3.0;26.0;7.50;0.070
11068;3.0;26.0;7.50;0.080
11069;3.0;26.0;7.50;0.090
11070;3.0;26.0;7.50;0.100
11071;5.0;26.0;7.50;0.010
11072;5.0;26.0;7.50;0.020
11073;5.0;26.0;7.50;0.030
11074;5.0;26.0;7.50;0.040
11075;5.0;26.0;7.50;0.050
11076;5.0;26.0;7.50;0.060
11077;5.0;26.0;7.50;0.070
11078;5.0;26.0;7.50;0.080
11079;5.0;26.0;7.50;0.090
11080;5.0;26.0;7.50;0.100
11081;7.0;26.0;7.50;0.010
11082;7.0;26.0;7.50;0.020
11083;7.0;26.0;7.50;0.030
11084;7.0;26.0;7.50;0.040
11085;7.0;26.0;7.50;0.050
11086;7.0;26.0;7.50;0.060
11087;7.0;26.0;7.50;0.070
11088;7.0;26.0;7.50;0.080
11089;7.0;26.0;7.50;0.090
11090;7.0;26.0;7.50;0.100
11091;9.0;26.0;7.50;0.010
11092;9.0;26.0;7.50;0.020
11093;9.0;26.0;7.50;0.030
11094;9.0;26.0;7.50;0.040
11095;9.0;26.0;7.50;0.050
11096;9.0;26.0;7.50;0.060
11097;9.0;26.0;7.50;0.070
11098;9.0;26.0;7.50;0.080
11099;9.0;26.0;7.50;0.090
11100;9.0;26.0;7.50;0.100
11101;11.0;26.0;7.50;0.010
11102;11.0;26.0;7.50;0.020
11103;11.0;26.0;7.50;0.030
11104;11.0;26.0;7.50;0.040
11105;11.0;26.0;7.50;0.050
11106;11.0;26.0;7.50;0.060
11107;11.0;26.0;7.50;0.070
11108;11.0;26.0;7.50;0.080
11109;11.0;26.0;7.50;0.090
11110;11.0;26.0;7.50;0.100
11111;13.0;26.0;7.50;0.010
11112;13.0;26.0;7.50;0.020
11113;13.0;26.0;7.50;0.030
11114;13.0;26.0;7.50;0.040
11115;13.0;26.0;7.50;0.050
11116;13.0;26.0;7.50;0.060
11117;13.0;26.0;7.50;0.070
11118;13.0;26.0;7.50;0.080
11119;13.0;26.0;7.50;0.090
11120;13.0;26.0;7.50;0.100
11121;15.0;26.0;7.50;0.010
11122;15.0;26.0;7.50;0.020
11123;15.0;26.0;7.50;0.030
11124;15.0;26.0;7.50;0.040
11125;15.0;26.0;7.50;0.050
11126;15.0;26.0;7.50;0.060
11127;15.0;26.0;7.50;0.070
11128;15.0;26.0;7.50;0.080
11129;15.0;26.0;7.50;0.090
11130;15.0;26.0;7.50;0.100
11131;17.0;26.0;7.50;0.010
11132;17.0;26.0;7.50;0.020
11133;17.0;26.0;7.50;0.030
11134;17.0;26.0;7.50;0.040
11135;17.0;26.0;7.50;0.050
11136;17.0;26.0;7.50;0.060
11137;17.0;26.0;7.50;0.070
11138;17.0;26.0;7.50;0.080
11139;17.0;26.0;7.50;0.090
11140;17.0;26.0;7.50;0.100
11141;19.0;26.0;7.50;0.010
11142;19.0;26.0;7.50;0.020
11143;19.0;26.0;7.50;0.030
11144;19.0;26.0;7.50;0.040
11145;19.0;26.0;7.50;0.050
11146;19.0;26.0;7.50;0.060
11147;19.0;26.0;7.50;0.070
11148;19.0;26.0;7.50;0.080
11149;19.0;26.0;7.50;0.090
11150;19.0;26.0;7.50;0.100
11151;21.0;26.0;7.50;0.010
11152;21.0;26.0;7.50;0.020
11153;21.0;26.0;7.50;0.030
11154;21.0;26.0;7.50;0.040
11155;21.0;26.0;7.50;0.050
11156;21.0;26.0;7.50;0.060
11157;21.0;26.0;7.50;0.070
11158;21.0;26.0;7.50;0.080
11159;21.0;26.0;7.50;0.090
11160;21.0;26.0;7.50;0.100
11161;23.0;26.0;7.50;0.010
11162;23.0;26.0;7.50;0.020
11163;23.0;26.0;7.50;0.030
11164;23.0;26.0;7.50;0.040
11165;23.0;26.0;7.50;0.050
11166;23.0;26.0;7.50;0.060
11167;23.0;26.0;7.50;0.070
11168;23.0;26.0;7.50;0.080
11169;23.0;26.0;7.50;0.090
11170;23.0;26.0;7.50;0.100
11171;25.0;26.0;7.50;0.010
11172;25.0;26.0;7.50;0.020
11173;25.0;26.0;7.50;0.030
11174;25.0;26.0;7.50;0.040
11175;25.0;26.0;7.50;0.050
11176;25.0;26.0;7.50;0.060
11177;25.0;26.0;7.50;0.070
11178;25.0;26.0;7.50;0.080
11179;25.0;26.0;7.50;0.090
11180;25.0;26.0;7.50;0.100
11181;1.0;28.0;7.50;0.010
11182;1.0;28.0;7.50;0.020
11183;1.0;28.0;7.50;0.030
11184;1.0;28.0;7.50;0.040
11185;1.0;28.0;7.50;0.050
11186;1.0;28.0;7.50;0.060
11187;1.0;28.0;7.50;0.070
11188;1.0;28.0;7.50;0.080
11189;1.0;28.0;7.50;0.090
11190;1.0;28.0;7.50;0.100
11191;3.0;28.0;7.50;0.010
11192;3.0;28.0;7.50;0.020
11193;3.0;28.0;7.50;0.030
11194;3.0;28.0;7.50;0.040
11195;3.0;28.0;7.50;0.050
11196;3.0;28.0;7.50;0.060
11197;3.0;28.0;7.50;0.070
11198;3.0;28.0;7.50;0.080
11199;3.0;28.0;7.50;0.090
11200;3.0;28.0;7.50;0.100
11201;5.0;28.0;7.50;0.010
11202;5.0;28.0;7.50;0.020
11203;5.0;28.0;7.50;0.030
11204;5.0;28.0;7.50;0.040
11205;5.0;28.0;7.50;0.050
11206;5.0;28.0;7.50;0.060
11207;5.0;28.0;7.50;0.070
11208;5.0;28.0;7.50;0.080
11209;5.0;28.0;7.50;0.090
11210;5.0;28.0;7.50;0.100
11211;7.0;28.0;7.50;0.010
11212;7.0;28.0;7.50;0.020
11213;7.0;28.0;7.50;0.030
11214;7.0;28.0;7.50;0.040
11215;7.0;28.0;7.50;0.050
11216;7.0;28.0;7.50;0.060
11217;7.0;28.0;7.50;0.070
11218;7.0;28.0;7.50;0.080
11219;7.0;28.0;7.50;0.090
11220;7.0;28.0;7.50;0.100
11221;9.0;28.0;7.50;0.010
11222;9.0;28.0;7.50;0.020
11223;9.0;28.0;7.50;0.030
11224;9.0;28.0;7.50;0.040
11225;9.0;28.0;7.50;0.050
11226;9.0;28.0;7.50;0.060
11227;9.0;28.0;7.50;0.070
11228;9.0;28.0;7.50;0.080
11229;9.0;28.0;7.50;0.090
11230;9.0;28.0;7.50;0.100
11231;11.0;28.0;7.50;0.010
11232;11.0;28.0;7.50;0.020
11233;11.0;28.0;7.50;0.030
11234;11.0;28.0;7.50;0.040
11235;11.0;28.0;7.50;0.050
11236;11.0;28.0;7.50;0.060
11237;11.0;28.0;7.50;0.070
11238;11.0;28.0;7.50;0.080
11239;11.0;28.0;7.50;0.090
11240;11.0;28.0;7.50;0.100
11241;13.0;28.0;7.50;0.010
11242;13.0;28.0;7.50;0.020
11243;13.0;28.0;7.50;0.030
11244;13.0;28.0;7.50;0.040
11245;13.0;28.0;7.50;0.050
11246;13.0;28.0;7.50;0.060
11247;13.0;28.0;7.50;0.070
11248;13.0;28.0;7.50;0.080
11249;13.0;28.0;7.50;0.090
11250;13.0;28.0;7.50;0.100
11251;15.0;28.0;7.50;0.010
11252;15.0;28.0;7.50;0.020
11253;15.0;28.0;7.50;0.030
11254;15.0;28.0;7.50;0.040
11255;15.0;28.0;7.50;0.050
11256;15.0;28.0;7.50;0.060
11257;15.0;28.0;7.50;0.070
11258;15.0;28.0;7.50;0.080
11259;15.0;28.0;7.50;0.090
11260;15.0;28.0;7.50;0.100
11261;17.0;28.0;7.50;0.010
11262;17.0;28.0;7.50;0.020
11263;17.0;28.0;7.50;0.030
11264;17.0;28.0;7.50;0.040
11265;17.0;28.0;7.50;0.050
11266;17.0;28.0;7.50;0.060
11267;17.0;28.0;7.50;0.070
11268;17.0;28.0;7.50;0.080
11269;17.0;28.0;7.50;0.090
11270;17.0;28.0;7.50;0.100
11271;19.0;28.0;7.50;0.010
11272;19.0;28.0;7.50;0.020
11273;19.0;28.0;7.50;0.030
11274;19.0;28.0;7.50;0.040
11275;19.0;28.0;7.50;0.050
11276;19.0;28.0;7.50;0.060
11277;19.0;28.0;7.50;0.070
11278;19.0;28.0;7.50;0.080
11279;19.0;28.0;7.50;0.090
11280;19.0;28.0;7.50;0.100
11281;21.0;28.0;7.50;0.010
11282;21.0;28.0;7.50;0.020
11283;21.0;28.0;7.50;0.030
11284;21.0;28.0;7.50;0.040
11285;21.0;28.0;7.50;0.050
11286;21.0;28.0;7.50;0.060
11287;21.0;28.0;7.50;0.070
11288;21.0;28.0;7.50;0.080
11289;21.0;28.0;7.50;0.090
11290;21.0;28.0;7.50;0.100
11291;23.0;28.0;7.50;0.010
11292;23.0;28.0;7.50;0.020
11293;23.0;28.0;7.50;0.030
11294;23.0;28.0;7.50;0.040
11295;23.0;28.0;7.50;0.050
11296;23.0;28.0;7.50;0.060
11297;23.0;28.0;7.50;0.070
11298;23.0;28.0;7.50;0.080
11299;23.0;28.0;7.50;0.090
11300;23.0;28.0;7.50;0.100
11301;25.0;28.0;7.50;0.010
11302;25.0;28.0;7.50;0.020
11303;25.0;28.0;7.50;0.030
11304;25.0;28.0;7.50;0.040
11305;25.0;28.0;7.50;0.050
11306;25.0;28.0;7.50;0.060
11307;25.0;28.0;7.50;0.070
11308;25.0;28.0;7.50;0.080
11309;25.0;28.0;7.50;0.090
11310;25.0;28.0;7.50;0.100
11311;1.0;30.0;7.50;0.010
11312;1.0;30.0;7.50;0.020
11313;1.0;30.0;7.50;0.030
11314;1.0;30.0;7.50;0.040
11315;1.0;30.0;7.50;0.050
11316;1.0;30.0;7.50;0.060
11317;1.0;30.0;7.50;0.070
11318;1.0;30.0;7.50;0.080
11319;1.0;30.0;7.50;0.090
11320;1.0;30.0;7.50;0.100
11321;3.0;30.0;7.50;0.010
11322;3.0;30.0;7.50;0.020
11323;3.0;30.0;7.50;0.030
11324;3.0;30.0;7.50;0.040
11325;3.0;30.0;7.50;0.050
11326;3.0;30.0;7.50;0.060
11327;3.0;30.0;7.50;0.070
11328;3.0;30.0;7.50;0.080
11329;3.0;30.0;7.50;0.090
11330;3.0;30.0;7.50;0.100
11331;5.0;30.0;7.50;0.010
11332;5.0;30.0;7.50;0.020
11333;5.0;30.0;7.50;0.030
11334;5.0;30.0;7.50;0.040
11335;5.0;30.0;7.50;0.050
11336;5.0;30.0;7.50;0.060
11337;5.0;30.0;7.50;0.070
11338;5.0;30.0;7.50;0.080
11339;5.0;30.0;7.50;0.090
11340;5.0;30.0;7.50;0.100
11341;7.0;30.0;7.50;0.010
11342;7.0;30.0;7.50;0.020
11343;7.0;30.0;7.50;0.030
11344;7.0;30.0;7.50;0.040
11345;7.0;30.0;7.50;0.050
11346;7.0;30.0;7.50;0.060
11347;7.0;30.0;7.50;0.070
11348;7.0;30.0;7.50;0.080
11349;7.0;30.0;7.50;0.090
11350;7.0;30.0;7.50;0.100
11351;9.0;30.0;7.50;0.010
11352;9.0;30.0;7.50;0.020
11353;9.0;30.0;7.50;0.030
11354;9.0;30.0;7.50;0.040
11355;9.0;30.0;7.50;0.050
11356;9.0;30.0;7.50;0.060
11357;9.0;30.0;7.50;0.070
11358;9.0;30.0;7.50;0.080
11359;9.0;30.0;7.50;0.090
11360;9.0;30.0;7.50;0.100
11361;11.0;30.0;7.50;0.010
11362;11.0;30.0;7.50;0.020
11363;11.0;30.0;7.50;0.030
11364;11.0;30.0;7.50;0.040
11365;11.0;30.0;7.50;0.050
11366;11.0;30.0;7.50;0.060
11367;11.0;30.0;7.50;0.070
11368;11.0;30.0;7.50;0.080
11369;11.0;30.0;7.50;0.090
11370;11.0;30.0;7.50;0.100
11371;13.0;30.0;7.50;0.010
11372;13.0;30.0;7.50;0.020
11373;13.0;30.0;7.50;0.030
11374;13.0;30.0;7.50;0.040
11375;13.0;30.0;7.50;0.050
11376;13.0;30.0;7.50;0.060
11377;13.0;30.0;7.50;0.070
11378;13.0;30.0;7.50;0.080
11379;13.0;30.0;7.50;0.090
11380;13.0;30.0;7.50;0.100
11381;15.0;30.0;7.50;0.010
11382;15.0;30.0;7.50;0.020
11383;15.0;30.0;7.50;0.030
11384;15.0;30.0;7.50;0.040
11385;15.0;30.0;7.50;0.050
11386;15.0;30.0;7.50;0.060
11387;15.0;30.0;7.50;0.070
11388;15.0;30.0;7.50;0.080
11389;15.0;30.0;7.50;0.090
11390;15.0;30.0;7.50;0.100
11391;17.0;30.0;7.50;0.010
11392;17.0;30.0;7.50;0.020
11393;17.0;30.0;7.50;0.030
11394;17.0;30.0;7.50;0.040
11395;17.0;30.0;7.50;0.050
11396;17.0;30.0;7.50;0.060
11397;17.0;30.0;7.50;0.070
11398;17.0;30.0;7.50;0.080
11399;17.0;30.0;7.50;0.090
11400;17.0;30.0;7.50;0.100
11401;19.0;30.0;7.50;0.010
11402;19.0;30.0;7.50;0.020
11403;19.0;30.0;7.50;0.030
11404;19.0;30.0;7.50;0.040
11405;19.0;30.0;7.50;0.050
11406;19.0;30.0;7.50;0.060
11407;19.0;30.0;7.50;0.070
11408;19.0;30.0;7.50;0.080
11409;19.0;30.0;7.50;0.090
11410;19.0;30.0;7.50;0.100
11411;21.0;30.0;7.50;0.010
11412;21.0;30.0;7.50;0.020
11413;21.0;30.0;7.50;0.030
11414;21.0;30.0;7.50;0.040
11415;21.0;30.0;7.50;0.050
11416;21.0;30.0;7.50;0.060
11417;21.0;30.0;7.50;0.070
11418;21.0;30.0;7.50;0.080
11419;21.0;30.0;7.50;0.090
11420;21.0;30.0;7.50;0.100
11421;23.0;30.0;7.50;0.010
11422;23.0;30.0;7.50;0.020
11423;23.0;30.0;7.50;0.030
11424;23.0;30.0;7.50;0.040
11425;23.0;30.0;7.50;0.050
11426;23.0;30.0;7.50;0.060
11427;23.0;30.0;7.50;0.070
11428;23.0;30.0;7.50;0.080
11429;23.0;30.0;7.50;0.090
11430;23.0;30.0;7.50;0.100
11431;25.0;30.0;7.50;0.010
11432;25.0;30.0;7.50;0.020
11433;25.0;30.0;7.50;0.030
11434;25.0;30.0;7.50;0.040
11435;25.0;30.0;7.50;0.050
11436;25.0;30.0;7.50;0.060
11437;25.0;30.0;7.50;0.070
11438;25.0;30.0;7.50;0.080
11439;25.0;30.0;7.50;0.090
11440;25.0;30.0;7.50;0.100
11441;1.0;10.0;8.50;0.010
11442;1.0;10.0;8.50;0.020
11443;1.0;10.0;8.50;0.030
11444;1.0;10.0;8.50;0.040
11445;1.0;10.0;8.50;0.050
11446;1.0;10.0;8.50;0.060
11447;1.0;10.0;8.50;0.070
11448;1.0;10.0;8.50;0.080
11449;1.0;10.0;8.50;0.090
11450;1.0;10.0;8.50;0.100
11451;3.0;10.0;8.50;0.010
11452;3.0;10.0;8.50;0.020
11453;3.0;10.0;8.50;0.030
11454;3.0;10.0;8.50;0.040
11455;3.0;10.0;8.50;0.050
11456;3.0;10.0;8.50;0.060
11457;3.0;10.0;8.50;0.070
11458;3.0;10.0;8.50;0.080
11459;3.0;10.0;8.50;0.090
11460;3.0;10.0;8.50;0.100
11461;5.0;10.0;8.50;0.010
11462;5.0;10.0;8.50;0.020
11463;5.0;10.0;8.50;0.030
11464;5.0;10.0;8.50;0.040
11465;5.0;10.0;8.50;0.050
11466;5.0;10.0;8.50;0.060
11467;5.0;10.0;8.50;0.070
11468;5.0;10.0;8.50;0.080
11469;5.0;10.0;8.50;0.090
11470;5.0;10.0;8.50;0.100
11471;7.0;10.0;8.50;0.010
11472;7.0;10.0;8.50;0.020
11473;7.0;10.0;8.50;0.030
11474;7.0;10.0;8.50;0.040
11475;7.0;10.0;8.50;0.050
11476;7.0;10.0;8.50;0.060
11477;7.0;10.0;8.50;0.070
11478;7.0;10.0;8.50;0.080
11479;7.0;10.0;8.50;0.090
11480;7.0;10.0;8.50;0.100
11481;9.0;10.0;8.50;0.010
11482;9.0;10.0;8.50;0.020
11483;9.0;10.0;8.50;0.030
11484;9.0;10.0;8.50;0.040
11485;9.0;10.0;8.50;0.050
11486;9.0;10.0;8.50;0.060
11487;9.0;10.0;8.50;0.070
11488;9.0;10.0;8.50;0.080
11489;9.0;10.0;8.50;0.090
11490;9.0;10.0;8.50;0.100
11491;11.0;10.0;8.50;0.010
11492;11.0;10.0;8.50;0.020
11493;11.0;10.0;8.50;0.030
11494;11.0;10.0;8.50;0.040
11495;11.0;10.0;8.50;0.050
11496;11.0;10.0;8.50;0.060
11497;11.0;10.0;8.50;0.070
11498;11.0;10.0;8.50;0.080
11499;11.0;10.0;8.50;0.090
11500;11.0;10.0;8.50;0.100
11501;13.0;10.0;8.50;0.010
11502;13.0;10.0;8.50;0.020
11503;13.0;10.0;8.50;0.030
11504;13.0;10.0;8.50;0.040
11505;13.0;10.0;8.50;0.050
11506;13.0;10.0;8.50;0.060
11507;13.0;10.0;8.50;0.070
11508;13.0;10.0;8.50;0.080
11509;13.0;10.0;8.50;0.090
11510;13.0;10.0;8.50;0.100
11511;15.0;10.0;8.50;0.010
11512;15.0;10.0;8.50;0.020
11513;15.0;10.0;8.50;0.030
11514;15.0;10.0;8.50;0.040
11515;15.0;10.0;8.50;0.050
11516;15.0;10.0;8.50;0.060
11517;15.0;10.0;8.50;0.070
11518;15.0;10.0;8.50;0.080
11519;15.0;10.0;8.50;0.090
11520;15.0;10.0;8.50;0.100
11521;17.0;10.0;8.50;0.010
11522;17.0;10.0;8.50;0.020
11523;17.0;10.0;8.50;0.030
11524;17.0;10.0;8.50;0.040
11525;17.0;10.0;8.50;0.050
11526;17.0;10.0;8.50;0.060
11527;17.0;10.0;8.50;0.070
11528;17.0;10.0;8.50;0.080
11529;17.0;10.0;8.50;0.090
11530;17.0;10.0;8.50;0.100
11531;19.0;10.0;8.50;0.010
11532;19.0;10.0;8.50;0.020
11533;19.0;10.0;8.50;0.030
11534;19.0;10.0;8.50;0.040
11535;19.0;10.0;8.50;0.050
11536;19.0;10.0;8.50;0.060
11537;19.0;10.0;8.50;0.070
11538;19.0;10.0;8.50;0.080
11539;19.0;10.0;8.50;0.090
11540;19.0;10.0;8.50;0.100
11541;21.0;10.0;8.50;0.010
11542;21.0;10.0;8.50;0.020
11543;21.0;10.0;8.50;0.030
11544;21.0;10.0;8.50;0.040
11545;21.0;10.0;8.50;0.050
11546;21.0;10.0;8.50;0.060
11547;21.0;10.0;8.50;0.070
11548;21.0;10.0;8.50;0.080
11549;21.0;10.0;8.50;0.090
11550;21.0;10.0;8.50;0.100
11551;23.0;10.0;8.50;0.010
11552;23.0;10.0;8.50;0.020
11553;23.0;10.0;8.50;0.030
11554;23.0;10.0;8.50;0.040
11555;23.0;10.0;8.50;0.050
11556;23.0;10.0;8.50;0.060
11557;23.0;10.0;8.50;0.070
11558;23.0;10.0;8.50;0.080
11559;23.0;10.0;8.50;0.090
11560;23.0;10.0;8.50;0.100
11561;25.0;10.0;8.50;0.010
11562;25.0;10.0;8.50;0.020
11563;25.0;10.0;8.50;0.030
11564;25.0;10.0;8.50;0.040
11565;25.0;10.0;8.50;0.050
11566;25.0;10.0;8.50;0.060
11567;25.0;10.0;8.50;0.070
11568;25.0;10.0;8.50;0.080
11569;25.0;10.0;8.50;0.090
11570;25.0;10.0;8.50;0.100
11571;1.0;12.0;8.50;0.010
11572;1.0;12.0;8.50;0.020
11573;1.0;12.0;8.50;0.030
11574;1.0;12.0;8.50;0.040
11575;1.0;12.0;8.50;0.050
11576;1.0;12.0;8.50;0.060
11577;1.0;12.0;8.50;0.070
11578;1.0;12.0;8.50;0.080
11579;1.0;12.0;8.50;0.090
11580;1.0;12.0;8.50;0.100
11581;3.0;12.0;8.50;0.010
11582;3.0;12.0;8.50;0.020
11583;3.0;12.0;8.50;0.030
11584;3.0;12.0;8.50;0.040
11585;3.0;12.0;8.50;0.050
11586;3.0;12.0;8.50;0.060
11587;3.0;12.0;8.50;0.070
11588;3.0;12.0;8.50;0.080
11589;3.0;12.0;8.50;0.090
11590;3.0;12.0;8.50;0.100
11591;5.0;12.0;8.50;0.010
11592;5.0;12.0;8.50;0.020
11593;5.0;12.0;8.50;0.030
11594;5.0;12.0;8.50;0.040
11595;5.0;12.0;8.50;0.050
11596;5.0;12.0;8.50;0.060
11597;5.0;12.0;8.50;0.070
11598;5.0;12.0;8.50;0.080
11599;5.0;12.0;8.50;0.090
11600;5.0;12.0;8.50;0.100
11601;7.0;12.0;8.50;0.010
11602;7.0;12.0;8.50;0.020
11603;7.0;12.0;8.50;0.030
11604;7.0;12.0;8.50;0.040
11605;7.0;12.0;8.50;0.050
11606;7.0;12.0;8.50;0.060
11607;7.0;12.0;8.50;0.070
11608;7.0;12.0;8.50;0.080
11609;7.0;12.0;8.50;0.090
11610;7.0;12.0;8.50;0.100
11611;9.0;12.0;8.50;0.010
11612;9.0;12.0;8.50;0.020
11613;9.0;12.0;8.50;0.030
11614;9.0;12.0;8.50;0.040
11615;9.0;12.0;8.50;0.050
11616;9.0;12.0;8.50;0.060
11617;9.0;12.0;8.50;0.070
11618;9.0;12.0;8.50;0.080
11619;9.0;12.0;8.50;0.090
11620;9.0;12.0;8.50;0.100
11621;11.0;12.0;8.50;0.010
11622;11.0;12.0;8.50;0.020
11623;11.0;12.0;8.50;0.030
11624;11.0;12.0;8.50;0.040
11625;11.0;12.0;8.50;0.050
11626;11.0;12.0;8.50;0.060
11627;11.0;12.0;8.50;0.070
11628;11.0;12.0;8.50;0.080
11629;11.0;12.0;8.50;0.090
11630;11.0;12.0;8.50;0.100
11631;13.0;12.0;8.50;0.010
11632;13.0;12.0;8.50;0.020
11633;13.0;12.0;8.50;0.030
11634;13.0;12.0;8.50;0.040
11635;13.0;12.0;8.50;0.050
11636;13.0;12.0;8.50;0.060
11637;13.0;12.0;8.50;0.070
11638;13.0;12.0;8.50;0.080
11639;13.0;12.0;8.50;0.090
11640;13.0;12.0;8.50;0.100
11641;15.0;12.0;8.50;0.010
11642;15.0;12.0;8.50;0.020
11643;15.0;12.0;8.50;0.030
11644;15.0;12.0;8.50;0.040
11645;15.0;12.0;8.50;0.050
11646;15.0;12.0;8.50;0.060
11647;15.0;12.0;8.50;0.070
11648;15.0;12.0;8.50;0.080
11649;15.0;12.0;8.50;0.090
11650;15.0;12.0;8.50;0.100
11651;17.0;12.0;8.50;0.010
11652;17.0;12.0;8.50;0.020
11653;17.0;12.0;8.50;0.030
11654;17.0;12.0;8.50;0.040
11655;17.0;12.0;8.50;0.050
11656;17.0;12.0;8.50;0.060
11657;17.0;12.0;8.50;0.070
11658;17.0;12.0;8.50;0.080
11659;17.0;12.0;8.50;0.090
11660;17.0;12.0;8.50;0.100
11661;19.0;12.0;8.50;0.010
11662;19.0;12.0;8.50;0.020
11663;19.0;12.0;8.50;0.030
11664;19.0;12.0;8.50;0.040
11665;19.0;12.0;8.50;0.050
11666;19.0;12.0;8.50;0.060
11667;19.0;12.0;8.50;0.070
11668;19.0;12.0;8.50;0.080
11669;19.0;12.0;8.50;0.090
11670;19.0;12.0;8.50;0.100
11671;21.0;12.0;8.50;0.010
11672;21.0;12.0;8.50;0.020
11673;21.0;12.0;8.50;0.030
11674;21.0;12.0;8.50;0.040
11675;21.0;12.0;8.50;0.050
11676;21.0;12.0;8.50;0.060
11677;21.0;12.0;8.50;0.070
11678;21.0;12.0;8.50;0.080
11679;21.0;12.0;8.50;0.090
11680;21.0;12.0;8.50;0.100
11681;23.0;12.0;8.50;0.010
11682;23.0;12.0;8.50;0.020
11683;23.0;12.0;8.50;0.030
11684;23.0;12.0;8.50;0.040
11685;23.0;12.0;8.50;0.050
11686;23.0;12.0;8.50;0.060
11687;23.0;12.0;8.50;0.070
11688;23.0;12.0;8.50;0.080
11689;23.0;12.0;8.50;0.090
11690;23.0;12.0;8.50;0.100
11691;25.0;12.0;8.50;0.010
11692;25.0;12.0;8.50;0.020
11693;25.0;12.0;8.50;0.030
11694;25.0;12.0;8.50;0.040
11695;25.0;12.0;8.50;0.050
11696;25.0;12.0;8.50;0.060
11697;25.0;12.0;8.50;0.070
11698;25.0;12.0;8.50;0.080
11699;25.0;12.0;8.50;0.090
11700;25.0;12.0;8.50;0.100
11701;1.0;14.0;8.50;0.010
11702;1.0;14.0;8.50;0.020
11703;1.0;14.0;8.50;0.030
11704;1.0;14.0;8.50;0.040
11705;1.0;14.0;8.50;0.050
11706;1.0;14.0;8.50;0.060
11707;1.0;14.0;8.50;0.070
11708;1.0;14.0;8.50;0.080
11709;1.0;14.0;8.50;0.090
11710;1.0;14.0;8.50;0.100
11711;3.0;14.0;8.50;0.010
11712;3.0;14.0;8.50;0.020
11713;3.0;14.0;8.50;0.030
11714;3.0;14.0;8.50;0.040
11715;3.0;14.0;8.50;0.050
11716;3.0;14.0;8.50;0.060
11717;3.0;14.0;8.50;0.070
11718;3.0;14.0;8.50;0.080
11719;3.0;14.0;8.50;0.090
11720;3.0;14.0;8.50;0.100
11721;5.0;14.0;8.50;0.010
11722;5.0;14.0;8.50;0.020
11723;5.0;14.0;8.50;0.030
11724;5.0;14.0;8.50;0.040
11725;5.0;14.0;8.50;0.050
11726;5.0;14.0;8.50;0.060
11727;5.0;14.0;8.50;0.070
11728;5.0;14.0;8.50;0.080
11729;5.0;14.0;8.50;0.090
11730;5.0;14.0;8.50;0.100
11731;7.0;14.0;8.50;0.010
11732;7.0;14.0;8.50;0.020
11733;7.0;14.0;8.50;0.030
11734;7.0;14.0;8.50;0.040
11735;7.0;14.0;8.50;0.050
11736;7.0;14.0;8.50;0.060
11737;7.0;14.0;8.50;0.070
11738;7.0;14.0;8.50;0.080
11739;7.0;14.0;8.50;0.090
11740;7.0;14.0;8.50;0.100
11741;9.0;14.0;8.50;0.010
11742;9.0;14.0;8.50;0.020
11743;9.0;14.0;8.50;0.030
11744;9.0;14.0;8.50;0.040
11745;9.0;14.0;8.50;0.050
11746;9.0;14.0;8.50;0.060
11747;9.0;14.0;8.50;0.070
11748;9.0;14.0;8.50;0.080
11749;9.0;14.0;8.50;0.090
11750;9.0;14.0;8.50;0.100
11751;11.0;14.0;8.50;0.010
11752;11.0;14.0;8.50;0.020
11753;11.0;14.0;8.50;0.030
11754;11.0;14.0;8.50;0.040
11755;11.0;14.0;8.50;0.050
11756;11.0;14.0;8.50;0.060
11757;11.0;14.0;8.50;0.070
11758;11.0;14.0;8.50;0.080
11759;11.0;14.0;8.50;0.090
11760;11.0;14.0;8.50;0.100
11761;13.0;14.0;8.50;0.010
11762;13.0;14.0;8.50;0.020
11763;13.0;14.0;8.50;0.030
11764;13.0;14.0;8.50;0.040
11765;13.0;14.0;8.50;0.050
11766;13.0;14.0;8.50;0.060
11767;13.0;14.0;8.50;0.070
11768;13.0;14.0;8.50;0.080
11769;13.0;14.0;8.50;0.090
11770;13.0;14.0;8.50;0.100
11771;15.0;14.0;8.50;0.010
11772;15.0;14.0;8.50;0.020
11773;15.0;14.0;8.50;0.030
11774;15.0;14.0;8.50;0.040
11775;15.0;14.0;8.50;0.050
11776;15.0;14.0;8.50;0.060
11777;15.0;14.0;8.50;0.070
11778;15.0;14.0;8.50;0.080
11779;15.0;14.0;8.50;0.090
11780;15.0;14.0;8.50;0.100
11781;17.0;14.0;8.50;0.010
11782;17.0;14.0;8.50;0.020
11783;17.0;14.0;8.50;0.030
11784;17.0;14.0;8.50;0.040
11785;17.0;14.0;8.50;0.050
11786;17.0;14.0;8.50;0.060
11787;17.0;14.0;8.50;0.070
11788;17.0;14.0;8.50;0.080
11789;17.0;14.0;8.50;0.090
11790;17.0;14.0;8.50;0.100
11791;19.0;14.0;8.50;0.010
11792;19.0;14.0;8.50;0.020
11793;19.0;14.0;8.50;0.030
11794;19.0;14.0;8.50;0.040
11795;19.0;14.0;8.50;0.050
11796;19.0;14.0;8.50;0.060
11797;19.0;14.0;8.50;0.070
11798;19.0;14.0;8.50;0.080
11799;19.0;14.0;8.50;0.090
11800;19.0;14.0;8.50;0.100
11801;21.0;14.0;8.50;0.010
11802;21.0;14.0;8.50;0.020
11803;21.0;14.0;8.50;0.030
11804;21.0;14.0;8.50;0.040
11805;21.0;14.0;8.50;0.050
11806;21.0;14.0;8.50;0.060
11807;21.0;14.0;8.50;0.070
11808;21.0;14.0;8.50;0.080
11809;21.0;14.0;8.50;0.090
11810;21.0;14.0;8.50;0.100
11811;23.0;14.0;8.50;0.010
11812;23.0;14.0;8.50;0.020
11813;23.0;14.0;8.50;0.030
11814;23.0;14.0;8.50;0.040
11815;23.0;14.0;8.50;0.050
11816;23.0;14.0;8.50;0.060
11817;23.0;14.0;8.50;0.070
11818;23.0;14.0;8.50;0.080
11819;23.0;14.0;8.50;0.090
11820;23.0;14.0;8.50;0.100
11821;25.0;14.0;8.50;0.010
11822;25.0;14.0;8.50;0.020
11823;25.0;14.0;8.50;0.030
11824;25.0;14.0;8.50;0.040
11825;25.0;14.0;8.50;0.050
11826;25.0;14.0;8.50;0.060
11827;25.0;14.0;8.50;0.070
11828;25.0;14.0;8.50;0.080
11829;25.0;14.0;8.50;0.090
11830;25.0;14.0;8.50;0.100
11831;1.0;16.0;8.50;0.010
11832;1.0;16.0;8.50;0.020
11833;1.0;16.0;8.50;0.030
11834;1.0;16.0;8.50;0.040
11835;1.0;16.0;8.50;0.050
11836;1.0;16.0;8.50;0.060
11837;1.0;16.0;8.50;0.070
11838;1.0;16.0;8.50;0.080
11839;1.0;16.0;8.50;0.090
11840;1.0;16.0;8.50;0.100
11841;3.0;16.0;8.50;0.010
11842;3.0;16.0;8.50;0.020
11843;3.0;16.0;8.50;0.030
11844;3.0;16.0;8.50;0.040
11845;3.0;16.0;8.50;0.050
11846;3.0;16.0;8.50;0.060
11847;3.0;16.0;8.50;0.070
11848;3.0;16.0;8.50;0.080
11849;3.0;16.0;8.50;0.090
11850;3.0;16.0;8.50;0.100
11851;5.0;16.0;8.50;0.010
11852;5.0;16.0;8.50;0.020
11853;5.0;16.0;8.50;0.030
11854;5.0;16.0;8.50;0.040
11855;5.0;16.0;8.50;0.050
11856;5.0;16.0;8.50;0.060
11857;5.0;16.0;8.50;0.070
11858;5.0;16.0;8.50;0.080
11859;5.0;16.0;8.50;0.090
11860;5.0;16.0;8.50;0.100
11861;7.0;16.0;8.50;0.010
11862;7.0;16.0;8.50;0.020
11863;7.0;16.0;8.50;0.030
11864;7.0;16.0;8.50;0.040
11865;7.0;16.0;8.50;0.050
11866;7.0;16.0;8.50;0.060
11867;7.0;16.0;8.50;0.070
11868;7.0;16.0;8.50;0.080
11869;7.0;16.0;8.50;0.090
11870;7.0;16.0;8.50;0.100
11871;9.0;16.0;8.50;0.010
11872;9.0;16.0;8.50;0.020
11873;9.0;16.0;8.50;0.030
11874;9.0;16.0;8.50;0.040
11875;9.0;16.0;8.50;0.050
11876;9.0;16.0;8.50;0.060
11877;9.0;16.0;8.50;0.070
11878;9.0;16.0;8.50;0.080
11879;9.0;16.0;8.50;0.090
11880;9.0;16.0;8.50;0.100
11881;11.0;16.0;8.50;0.010
11882;11.0;16.0;8.50;0.020
11883;11.0;16.0;8.50;0.030
11884;11.0;16.0;8.50;0.040
11885;11.0;16.0;8.50;0.050
11886;11.0;16.0;8.50;0.060
11887;11.0;16.0;8.50;0.070
11888;11.0;16.0;8.50;0.080
11889;11.0;16.0;8.50;0.090
11890;11.0;16.0;8.50;0.100
11891;13.0;16.0;8.50;0.010
11892;13.0;16.0;8.50;0.020
11893;13.0;16.0;8.50;0.030
11894;13.0;16.0;8.50;0.040
11895;13.0;16.0;8.50;0.050
11896;13.0;16.0;8.50;0.060
11897;13.0;16.0;8.50;0.070
11898;13.0;16.0;8.50;0.080
11899;13.0;16.0;8.50;0.090
11900;13.0;16.0;8.50;0.100
11901;15.0;16.0;8.50;0.010
11902;15.0;16.0;8.50;0.020
11903;15.0;16.0;8.50;0.030
11904;15.0;16.0;8.50;0.040
11905;15.0;16.0;8.50;0.050
11906;15.0;16.0;8.50;0.060
11907;15.0;16.0;8.50;0.070
11908;15.0;16.0;8.50;0.080
11909;15.0;16.0;8.50;0.090
11910;15.0;16.0;8.50;0.100
11911;17.0;16.0;8.50;0.010
11912;17.0;16.0;8.50;0.020
11913;17.0;16.0;8.50;0.030
11914;17.0;16.0;8.50;0.040
11915;17.0;16.0;8.50;0.050
11916;17.0;16.0;8.50;0.060
11917;17.0;16.0;8.50;0.070
11918;17.0;16.0;8.50;0.080
11919;17.0;16.0;8.50;0.090
11920;17.0;16.0;8.50;0.100
11921;19.0;16.0;8.50;0.010
11922;19.0;16.0;8.50;0.020
11923;19.0;16.0;8.50;0.030
11924;19.0;16.0;8.50;0.040
11925;19.0;16.0;8.50;0.050
11926;19.0;16.0;8.50;0.060
11927;19.0;16.0;8.50;0.070
11928;19.0;16.0;8.50;0.080
11929;19.0;16.0;8.50;0.090
11930;19.0;16.0;8.50;0.100
11931;21.0;16.0;8.50;0.010
11932;21.0;16.0;8.50;0.020
11933;21.0;16.0;8.50;0.030
11934;21.0;16.0;8.50;0.040
11935;21.0;16.0;8.50;0.050
11936;21.0;16.0;8.50;0.060
11937;21.0;16.0;8.50;0.070
11938;21.0;16.0;8.50;0.080
11939;21.0;16.0;8.50;0.090
11940;21.0;16.0;8.50;0.100
11941;23.0;16.0;8.50;0.010
11942;23.0;16.0;8.50;0.020
11943;23.0;16.0;8.50;0.030
11944;23.0;16.0;8.50;0.040
11945;23.0;16.0;8.50;0.050
11946;23.0;16.0;8.50;0.060
11947;23.0;16.0;8.50;0.070
11948;23.0;16.0;8.50;0.080
11949;23.0;16.0;8.50;0.090
11950;23.0;16.0;8.50;0.100
11951;25.0;16.0;8.50;0.010
11952;25.0;16.0;8.50;0.020
11953;25.0;16.0;8.50;0.030
11954;25.0;16.0;8.50;0.040
11955;25.0;16.0;8.50;0.050
11956;25.0;16.0;8.50;0.060
11957;25.0;16.0;8.50;0.070
11958;25.0;16.0;8.50;0.080
11959;25.0;16.0;8.50;0.090
11960;25.0;16.0;8.50;0.100
11961;1.0;18.0;8.50;0.010
11962;1.0;18.0;8.50;0.020
11963;1.0;18.0;8.50;0.030
11964;1.0;18.0;8.50;0.040
11965;1.0;18.0;8.50;0.050
11966;1.0;18.0;8.50;0.060
11967;1.0;18.0;8.50;0.070
11968;1.0;18.0;8.50;0.080
11969;1.0;18.0;8.50;0.090
11970;1.0;18.0;8.50;0.100
11971;3.0;18.0;8.50;0.010
11972;3.0;18.0;8.50;0.020
11973;3.0;18.0;8.50;0.030
11974;3.0;18.0;8.50;0.040
11975;3.0;18.0;8.50;0.050
11976;3.0;18.0;8.50;0.060
11977;3.0;18.0;8.50;0.070
11978;3.0;18.0;8.50;0.080
11979;3.0;18.0;8.50;0.090
11980;3.0;18.0;8.50;0.100
11981;5.0;18.0;8.50;0.010
11982;5.0;18.0;8.50;0.020
11983;5.0;18.0;8.50;0.030
11984;5.0;18.0;8.50;0.040
11985;5.0;18.0;8.50;0.050
11986;5.0;18.0;8.50;0.060
11987;5.0;18.0;8.50;0.070
11988;5.0;18.0;8.50;0.080
11989;5.0;18.0;8.50;0.090
11990;5.0;18.0;8.50;0.100
11991;7.0;18.0;8.50;0.010
11992;7.0;18.0;8.50;0.020
11993;7.0;18.0;8.50;0.030
11994;7.0;18.0;8.50;0.040
11995;7.0;18.0;8.50;0.050
11996;7.0;18.0;8.50;0.060
11997;7.0;18.0;8.50;0.070
11998;7.0;18.0;8.50;0.080
11999;7.0;18.0;8.50;0.090
12000;7.0;18.0;8.50;0.100
12001;9.0;18.0;8.50;0.010
12002;9.0;18.0;8.50;0.020
12003;9.0;18.0;8.50;0.030
12004;9.0;18.0;8.50;0.040
12005;9.0;18.0;8.50;0.050
12006;9.0;18.0;8.50;0.060
12007;9.0;18.0;8.50;0.070
12008;9.0;18.0;8.50;0.080
12009;9.0;18.0;8.50;0.090
12010;9.0;18.0;8.50;0.100
12011;11.0;18.0;8.50;0.010
12012;11.0;18.0;8.50;0.020
12013;11.0;18.0;8.50;0.030
12014;11.0;18.0;8.50;0.040
12015;11.0;18.0;8.50;0.050
12016;11.0;18.0;8.50;0.060
12017;11.0;18.0;8.50;0.070
12018;11.0;18.0;8.50;0.080
12019;11.0;18.0;8.50;0.090
12020;11.0;18.0;8.50;0.100
12021;13.0;18.0;8.50;0.010
12022;13.0;18.0;8.50;0.020
12023;13.0;18.0;8.50;0.030
12024;13.0;18.0;8.50;0.040
12025;13.0;18.0;8.50;0.050
12026;13.0;18.0;8.50;0.060
12027;13.0;18.0;8.50;0.070
12028;13.0;18.0;8.50;0.080
12029;13.0;18.0;8.50;0.090
12030;13.0;18.0;8.50;0.100
12031;15.0;18.0;8.50;0.010
12032;15.0;18.0;8.50;0.020
12033;15.0;18.0;8.50;0.030
12034;15.0;18.0;8.50;0.040
12035;15.0;18.0;8.50;0.050
12036;15.0;18.0;8.50;0.060
12037;15.0;18.0;8.50;0.070
12038;15.0;18.0;8.50;0.080
12039;15.0;18.0;8.50;0.090
12040;15.0;18.0;8.50;0.100
12041;17.0;18.0;8.50;0.010
12042;17.0;18.0;8.50;0.020
12043;17.0;18.0;8.50;0.030
12044;17.0;18.0;8.50;0.040
12045;17.0;18.0;8.50;0.050
12046;17.0;18.0;8.50;0.060
12047;17.0;18.0;8.50;0.070
12048;17.0;18.0;8.50;0.080
12049;17.0;18.0;8.50;0.090
12050;17.0;18.0;8.50;0.100
12051;19.0;18.0;8.50;0.010
12052;19.0;18.0;8.50;0.020
12053;19.0;18.0;8.50;0.030
12054;19.0;18.0;8.50;0.040
12055;19.0;18.0;8.50;0.050
12056;19.0;18.0;8.50;0.060
12057;19.0;18.0;8.50;0.070
12058;19.0;18.0;8.50;0.080
12059;19.0;18.0;8.50;0.090
12060;19.0;18.0;8.50;0.100
12061;21.0;18.0;8.50;0.010
12062;21.0;18.0;8.50;0.020
12063;21.0;18.0;8.50;0.030
12064;21.0;18.0;8.50;0.040
12065;21.0;18.0;8.50;0.050
12066;21.0;18.0;8.50;0.060
12067;21.0;18.0;8.50;0.070
12068;21.0;18.0;8.50;0.080
12069;21.0;18.0;8.50;0.090
12070;21.0;18.0;8.50;0.100
12071;23.0;18.0;8.50;0.010
12072;23.0;18.0;8.50;0.020
12073;23.0;18.0;8.50;0.030
12074;23.0;18.0;8.50;0.040
12075;23.0;18.0;8.50;0.050
12076;23.0;18.0;8.50;0.060
12077;23.0;18.0;8.50;0.070
12078;23.0;18.0;8.50;0.080
12079;23.0;18.0;8.50;0.090
12080;23.0;18.0;8.50;0.100
12081;25.0;18.0;8.50;0.010
12082;25.0;18.0;8.50;0.020
12083;25.0;18.0;8.50;0.030
12084;25.0;18.0;8.50;0.040
12085;25.0;18.0;8.50;0.050
12086;25.0;18.0;8.50;0.060
12087;25.0;18.0;8.50;0.070
12088;25.0;18.0;8.50;0.080
12089;25.0;18.0;8.50;0.090
12090;25.0;18.0;8.50;0.100
12091;1.0;20.0;8.50;0.010
12092;1.0;20.0;8.50;0.020
12093;1.0;20.0;8.50;0.030
12094;1.0;20.0;8.50;0.040
12095;1.0;20.0;8.50;0.050
12096;1.0;20.0;8.50;0.060
12097;1.0;20.0;8.50;0.070
12098;1.0;20.0;8.50;0.080
12099;1.0;20.0;8.50;0.090
12100;1.0;20.0;8.50;0.100
12101;3.0;20.0;8.50;0.010
12102;3.0;20.0;8.50;0.020
12103;3.0;20.0;8.50;0.030
12104;3.0;20.0;8.50;0.040
12105;3.0;20.0;8.50;0.050
12106;3.0;20.0;8.50;0.060
12107;3.0;20.0;8.50;0.070
12108;3.0;20.0;8.50;0.080
12109;3.0;20.0;8.50;0.090
12110;3.0;20.0;8.50;0.100
12111;5.0;20.0;8.50;0.010
12112;5.0;20.0;8.50;0.020
12113;5.0;20.0;8.50;0.030
12114;5.0;20.0;8.50;0.040
12115;5.0;20.0;8.50;0.050
12116;5.0;20.0;8.50;0.060
12117;5.0;20.0;8.50;0.070
12118;5.0;20.0;8.50;0.080
12119;5.0;20.0;8.50;0.090
12120;5.0;20.0;8.50;0.100
12121;7.0;20.0;8.50;0.010
12122;7.0;20.0;8.50;0.020
12123;7.0;20.0;8.50;0.030
12124;7.0;20.0;8.50;0.040
12125;7.0;20.0;8.50;0.050
12126;7.0;20.0;8.50;0.060
12127;7.0;20.0;8.50;0.070
12128;7.0;20.0;8.50;0.080
12129;7.0;20.0;8.50;0.090
12130;7.0;20.0;8.50;0.100
12131;9.0;20.0;8.50;0.010
12132;9.0;20.0;8.50;0.020
12133;9.0;20.0;8.50;0.030
12134;9.0;20.0;8.50;0.040
12135;9.0;20.0;8.50;0.050
12136;9.0;20.0;8.50;0.060
12137;9.0;20.0;8.50;0.070
12138;9.0;20.0;8.50;0.080
12139;9.0;20.0;8.50;0.090
12140;9.0;20.0;8.50;0.100
12141;11.0;20.0;8.50;0.010
12142;11.0;20.0;8.50;0.020
12143;11.0;20.0;8.50;0.030
12144;11.0;20.0;8.50;0.040
12145;11.0;20.0;8.50;0.050
12146;11.0;20.0;8.50;0.060
12147;11.0;20.0;8.50;0.070
12148;11.0;20.0;8.50;0.080
12149;11.0;20.0;8.50;0.090
12150;11.0;20.0;8.50;0.100
12151;13.0;20.0;8.50;0.010
12152;13.0;20.0;8.50;0.020
12153;13.0;20.0;8.50;0.030
12154;13.0;20.0;8.50;0.040
12155;13.0;20.0;8.50;0.050
12156;13.0;20.0;8.50;0.060
12157;13.0;20.0;8.50;0.070
12158;13.0;20.0;8.50;0.080
12159;13.0;20.0;8.50;0.090
12160;13.0;20.0;8.50;0.100
12161;15.0;20.0;8.50;0.010
12162;15.0;20.0;8.50;0.020
12163;15.0;20.0;8.50;0.030
12164;15.0;20.0;8.50;0.040
12165;15.0;20.0;8.50;0.050
12166;15.0;20.0;8.50;0.060
12167;15.0;20.0;8.50;0.070
12168;15.0;20.0;8.50;0.080
12169;15.0;20.0;8.50;0.090
12170;15.0;20.0;8.50;0.100
12171;17.0;20.0;8.50;0.010
12172;17.0;20.0;8.50;0.020
12173;17.0;20.0;8.50;0.030
12174;17.0;20.0;8.50;0.040
12175;17.0;20.0;8.50;0.050
12176;17.0;20.0;8.50;0.060
12177;17.0;20.0;8.50;0.070
12178;17.0;20.0;8.50;0.080
12179;17.0;20.0;8.50;0.090
12180;17.0;20.0;8.50;0.100
12181;19.0;20.0;8.50;0.010
12182;19.0;20.0;8.50;0.020
12183;19.0;20.0;8.50;0.030
12184;19.0;20.0;8.50;0.040
12185;19.0;20.0;8.50;0.050
12186;19.0;20.0;8.50;0.060
12187;19.0;20.0;8.50;0.070
12188;19.0;20.0;8.50;0.080
12189;19.0;20.0;8.50;0.090
12190;19.0;20.0;8.50;0.100
12191;21.0;20.0;8.50;0.010
12192;21.0;20.0;8.50;0.020
12193;21.0;20.0;8.50;0.030
12194;21.0;20.0;8.50;0.040
12195;21.0;20.0;8.50;0.050
12196;21.0;20.0;8.50;0.060
12197;21.0;20.0;8.50;0.070
12198;21.0;20.0;8.50;0.080
12199;21.0;20.0;8.50;0.090
12200;21.0;20.0;8.50;0.100
12201;23.0;20.0;8.50;0.010
12202;23.0;20.0;8.50;0.020
12203;23.0;20.0;8.50;0.030
12204;23.0;20.0;8.50;0.040
12205;23.0;20.0;8.50;0.050
12206;23.0;20.0;8.50;0.060
12207;23.0;20.0;8.50;0.070
12208;23.0;20.0;8.50;0.080
12209;23.0;20.0;8.50;0.090
12210;23.0;20.0;8.50;0.100
12211;25.0;20.0;8.50;0.010
12212;25.0;20.0;8.50;0.020
12213;25.0;20.0;8.50;0.030
12214;25.0;20.0;8.50;0.040
12215;25.0;20.0;8.50;0.050
12216;25.0;20.0;8.50;0.060
12217;25.0;20.0;8.50;0.070
12218;25.0;20.0;8.50;0.080
12219;25.0;20.0;8.50;0.090
12220;25.0;20.0;8.50;0.100
12221;1.0;22.0;8.50;0.010
12222;1.0;22.0;8.50;0.020
12223;1.0;22.0;8.50;0.030
12224;1.0;22.0;8.50;0.040
12225;1.0;22.0;8.50;0.050
12226;1.0;22.0;8.50;0.060
12227;1.0;22.0;8.50;0.070
12228;1.0;22.0;8.50;0.080
12229;1.0;22.0;8.50;0.090
12230;1.0;22.0;8.50;0.100
12231;3.0;22.0;8.50;0.010
12232;3.0;22.0;8.50;0.020
12233;3.0;22.0;8.50;0.030
12234;3.0;22.0;8.50;0.040
12235;3.0;22.0;8.50;0.050
12236;3.0;22.0;8.50;0.060
12237;3.0;22.0;8.50;0.070
12238;3.0;22.0;8.50;0.080
12239;3.0;22.0;8.50;0.090
12240;3.0;22.0;8.50;0.100
12241;5.0;22.0;8.50;0.010
12242;5.0;22.0;8.50;0.020
12243;5.0;22.0;8.50;0.030
12244;5.0;22.0;8.50;0.040
12245;5.0;22.0;8.50;0.050
12246;5.0;22.0;8.50;0.060
12247;5.0;22.0;8.50;0.070
12248;5.0;22.0;8.50;0.080
12249;5.0;22.0;8.50;0.090
12250;5.0;22.0;8.50;0.100
12251;7.0;22.0;8.50;0.010
12252;7.0;22.0;8.50;0.020
12253;7.0;22.0;8.50;0.030
12254;7.0;22.0;8.50;0.040
12255;7.0;22.0;8.50;0.050
12256;7.0;22.0;8.50;0.060
12257;7.0;22.0;8.50;0.070
12258;7.0;22.0;8.50;0.080
12259;7.0;22.0;8.50;0.090
12260;7.0;22.0;8.50;0.100
12261;9.0;22.0;8.50;0.010
12262;9.0;22.0;8.50;0.020
12263;9.0;22.0;8.50;0.030
12264;9.0;22.0;8.50;0.040
12265;9.0;22.0;8.50;0.050
12266;9.0;22.0;8.50;0.060
12267;9.0;22.0;8.50;0.070
12268;9.0;22.0;8.50;0.080
12269;9.0;22.0;8.50;0.090
12270;9.0;22.0;8.50;0.100
12271;11.0;22.0;8.50;0.010
12272;11.0;22.0;8.50;0.020
12273;11.0;22.0;8.50;0.030
12274;11.0;22.0;8.50;0.040
12275;11.0;22.0;8.50;0.050
12276;11.0;22.0;8.50;0.060
12277;11.0;22.0;8.50;0.070
12278;11.0;22.0;8.50;0.080
12279;11.0;22.0;8.50;0.090
12280;11.0;22.0;8.50;0.100
12281;13.0;22.0;8.50;0.010
12282;13.0;22.0;8.50;0.020
12283;13.0;22.0;8.50;0.030
12284;13.0;22.0;8.50;0.040
12285;13.0;22.0;8.50;0.050
12286;13.0;22.0;8.50;0.060
12287;13.0;22.0;8.50;0.070
12288;13.0;22.0;8.50;0.080
12289;13.0;22.0;8.50;0.090
12290;13.0;22.0;8.50;0.100
12291;15.0;22.0;8.50;0.010
12292;15.0;22.0;8.50;0.020
12293;15.0;22.0;8.50;0.030
12294;15.0;22.0;8.50;0.040
12295;15.0;22.0;8.50;0.050
12296;15.0;22.0;8.50;0.060
12297;15.0;22.0;8.50;0.070
12298;15.0;22.0;8.50;0.080
12299;15.0;22.0;8.50;0.090
12300;15.0;22.0;8.50;0.100
12301;17.0;22.0;8.50;0.010
12302;17.0;22.0;8.50;0.020
12303;17.0;22.0;8.50;0.030
12304;17.0;22.0;8.50;0.040
12305;17.0;22.0;8.50;0.050
12306;17.0;22.0;8.50;0.060
12307;17.0;22.0;8.50;0.070
12308;17.0;22.0;8.50;0.080
12309;17.0;22.0;8.50;0.090
12310;17.0;22.0;8.50;0.100
12311;19.0;22.0;8.50;0.010
12312;19.0;22.0;8.50;0.020
12313;19.0;22.0;8.50;0.030
12314;19.0;22.0;8.50;0.040
12315;19.0;22.0;8.50;0.050
12316;19.0;22.0;8.50;0.060
12317;19.0;22.0;8.50;0.070
12318;19.0;22.0;8.50;0.080
12319;19.0;22.0;8.50;0.090
12320;19.0;22.0;8.50;0.100
12321;21.0;22.0;8.50;0.010
12322;21.0;22.0;8.50;0.020
12323;21.0;22.0;8.50;0.030
12324;21.0;22.0;8.50;0.040
12325;21.0;22.0;8.50;0.050
12326;21.0;22.0;8.50;0.060
12327;21.0;22.0;8.50;0.070
12328;21.0;22.0;8.50;0.080
12329;21.0;22.0;8.50;0.090
12330;21.0;22.0;8.50;0.100
12331;23.0;22.0;8.50;0.010
12332;23.0;22.0;8.50;0.020
12333;23.0;22.0;8.50;0.030
12334;23.0;22.0;8.50;0.040
12335;23.0;22.0;8.50;0.050
12336;23.0;22.0;8.50;0.060
12337;23.0;22.0;8.50;0.070
12338;23.0;22.0;8.50;0.080
12339;23.0;22.0;8.50;0.090
12340;23.0;22.0;8.50;0.100
12341;25.0;22.0;8.50;0.010
12342;25.0;22.0;8.50;0.020
12343;25.0;22.0;8.50;0.030
12344;25.0;22.0;8.50;0.040
12345;25.0;22.0;8.50;0.050
12346;25.0;22.0;8.50;0.060
12347;25.0;22.0;8.50;0.070
12348;25.0;22.0;8.50;0.080
12349;25.0;22.0;8.50;0.090
12350;25.0;22.0;8.50;0.100
12351;1.0;24.0;8.50;0.010
12352;1.0;24.0;8.50;0.020
12353;1.0;24.0;8.50;0.030
12354;1.0;24.0;8.50;0.040
12355;1.0;24.0;8.50;0.050
12356;1.0;24.0;8.50;0.060
12357;1.0;24.0;8.50;0.070
12358;1.0;24.0;8.50;0.080
12359;1.0;24.0;8.50;0.090
12360;1.0;24.0;8.50;0.100
12361;3.0;24.0;8.50;0.010
12362;3.0;24.0;8.50;0.020
12363;3.0;24.0;8.50;0.030
12364;3.0;24.0;8.50;0.040
12365;3.0;24.0;8.50;0.050
12366;3.0;24.0;8.50;0.060
12367;3.0;24.0;8.50;0.070
12368;3.0;24.0;8.50;0.080
12369;3.0;24.0;8.50;0.090
12370;3.0;24.0;8.50;0.100
12371;5.0;24.0;8.50;0.010
12372;5.0;24.0;8.50;0.020
12373;5.0;24.0;8.50;0.030
12374;5.0;24.0;8.50;0.040
12375;5.0;24.0;8.50;0.050
12376;5.0;24.0;8.50;0.060
12377;5.0;24.0;8.50;0.070
12378;5.0;24.0;8.50;0.080
12379;5.0;24.0;8.50;0.090
12380;5.0;24.0;8.50;0.100
12381;7.0;24.0;8.50;0.010
12382;7.0;24.0;8.50;0.020
12383;7.0;24.0;8.50;0.030
12384;7.0;24.0;8.50;0.040
12385;7.0;24.0;8.50;0.050
12386;7.0;24.0;8.50;0.060
12387;7.0;24.0;8.50;0.070
12388;7.0;24.0;8.50;0.080
12389;7.0;24.0;8.50;0.090
12390;7.0;24.0;8.50;0.100
12391;9.0;24.0;8.50;0.010
12392;9.0;24.0;8.50;0.020
12393;9.0;24.0;8.50;0.030
12394;9.0;24.0;8.50;0.040
12395;9.0;24.0;8.50;0.050
12396;9.0;24.0;8.50;0.060
12397;9.0;24.0;8.50;0.070
12398;9.0;24.0;8.50;0.080
12399;9.0;24.0;8.50;0.090
12400;9.0;24.0;8.50;0.100
12401;11.0;24.0;8.50;0.010
12402;11.0;24.0;8.50;0.020
12403;11.0;24.0;8.50;0.030
12404;11.0;24.0;8.50;0.040
12405;11.0;24.0;8.50;0.050
12406;11.0;24.0;8.50;0.060
12407;11.0;24.0;8.50;0.070
12408;11.0;24.0;8.50;0.080
12409;11.0;24.0;8.50;0.090
12410;11.0;24.0;8.50;0.100
12411;13.0;24.0;8.50;0.010
12412;13.0;24.0;8.50;0.020
12413;13.0;24.0;8.50;0.030
12414;13.0;24.0;8.50;0.040
12415;13.0;24.0;8.50;0.050
12416;13.0;24.0;8.50;0.060
12417;13.0;24.0;8.50;0.070
12418;13.0;24.0;8.50;0.080
12419;13.0;24.0;8.50;0.090
12420;13.0;24.0;8.50;0.100
12421;15.0;24.0;8.50;0.010
12422;15.0;24.0;8.50;0.020
12423;15.0;24.0;8.50;0.030
12424;15.0;24.0;8.50;0.040
12425;15.0;24.0;8.50;0.050
12426;15.0;24.0;8.50;0.060
12427;15.0;24.0;8.50;0.070
12428;15.0;24.0;8.50;0.080
12429;15.0;24.0;8.50;0.090
12430;15.0;24.0;8.50;0.100
12431;17.0;24.0;8.50;0.010
12432;17.0;24.0;8.50;0.020
12433;17.0;24.0;8.50;0.030
12434;17.0;24.0;8.50;0.040
12435;17.0;24.0;8.50;0.050
12436;17.0;24.0;8.50;0.060
12437;17.0;24.0;8.50;0.070
12438;17.0;24.0;8.50;0.080
12439;17.0;24.0;8.50;0.090
12440;17.0;24.0;8.50;0.100
12441;19.0;24.0;8.50;0.010
12442;19.0;24.0;8.50;0.020
12443;19.0;24.0;8.50;0.030
12444;19.0;24.0;8.50;0.040
12445;19.0;24.0;8.50;0.050
12446;19.0;24.0;8.50;0.060
12447;19.0;24.0;8.50;0.070
12448;19.0;24.0;8.50;0.080
12449;19.0;24.0;8.50;0.090
12450;19.0;24.0;8.50;0.100
12451;21.0;24.0;8.50;0.010
12452;21.0;24.0;8.50;0.020
12453;21.0;24.0;8.50;0.030
12454;21.0;24.0;8.50;0.040
12455;21.0;24.0;8.50;0.050
12456;21.0;24.0;8.50;0.060
12457;21.0;24.0;8.50;0.070
12458;21.0;24.0;8.50;0.080
12459;21.0;24.0;8.50;0.090
12460;21.0;24.0;8.50;0.100
12461;23.0;24.0;8.50;0.010
12462;23.0;24.0;8.50;0.020
12463;23.0;24.0;8.50;0.030
12464;23.0;24.0;8.50;0.040
12465;23.0;24.0;8.50;0.050
12466;23.0;24.0;8.50;0.060
12467;23.0;24.0;8.50;0.070
12468;23.0;24.0;8.50;0.080
12469;23.0;24.0;8.50;0.090
12470;23.0;24.0;8.50;0.100
12471;25.0;24.0;8.50;0.010
12472;25.0;24.0;8.50;0.020
12473;25.0;24.0;8.50;0.030
12474;25.0;24.0;8.50;0.040
12475;25.0;24.0;8.50;0.050
12476;25.0;24.0;8.50;0.060
12477;25.0;24.0;8.50;0.070
12478;25.0;24.0;8.50;0.080
12479;25.0;24.0;8.50;0.090
12480;25.0;24.0;8.50;0.100
12481;1.0;26.0;8.50;0.010
12482;1.0;26.0;8.50;0.020
12483;1.0;26.0;8.50;0.030
12484;1.0;26.0;8.50;0.040
12485;1.0;26.0;8.50;0.050
12486;1.0;26.0;8.50;0.060
12487;1.0;26.0;8.50;0.070
12488;1.0;26.0;8.50;0.080
12489;1.0;26.0;8.50;0.090
12490;1.0;26.0;8.50;0.100
12491;3.0;26.0;8.50;0.010
12492;3.0;26.0;8.50;0.020
12493;3.0;26.0;8.50;0.030
12494;3.0;26.0;8.50;0.040
12495;3.0;26.0;8.50;0.050
12496;3.0;26.0;8.50;0.060
12497;3.0;26.0;8.50;0.070
12498;3.0;26.0;8.50;0.080
12499;3.0;26.0;8.50;0.090
12500;3.0;26.0;8.50;0.100
12501;5.0;26.0;8.50;0.010
12502;5.0;26.0;8.50;0.020
12503;5.0;26.0;8.50;0.030
12504;5.0;26.0;8.50;0.040
12505;5.0;26.0;8.50;0.050
12506;5.0;26.0;8.50;0.060
12507;5.0;26.0;8.50;0.070
12508;5.0;26.0;8.50;0.080
12509;5.0;26.0;8.50;0.090
12510;5.0;26.0;8.50;0.100
12511;7.0;26.0;8.50;0.010
12512;7.0;26.0;8.50;0.020
12513;7.0;26.0;8.50;0.030
12514;7.0;26.0;8.50;0.040
12515;7.0;26.0;8.50;0.050
12516;7.0;26.0;8.50;0.060
12517;7.0;26.0;8.50;0.070
12518;7.0;26.0;8.50;0.080
12519;7.0;26.0;8.50;0.090
12520;7.0;26.0;8.50;0.100
12521;9.0;26.0;8.50;0.010
12522;9.0;26.0;8.50;0.020
12523;9.0;26.0;8.50;0.030
12524;9.0;26.0;8.50;0.040
12525;9.0;26.0;8.50;0.050
12526;9.0;26.0;8.50;0.060
12527;9.0;26.0;8.50;0.070
12528;9.0;26.0;8.50;0.080
12529;9.0;26.0;8.50;0.090
12530;9.0;26.0;8.50;0.100
12531;11.0;26.0;8.50;0.010
12532;11.0;26.0;8.50;0.020
12533;11.0;26.0;8.50;0.030
12534;11.0;26.0;8.50;0.040
12535;11.0;26.0;8.50;0.050
12536;11.0;26.0;8.50;0.060
12537;11.0;26.0;8.50;0.070
12538;11.0;26.0;8.50;0.080
12539;11.0;26.0;8.50;0.090
12540;11.0;26.0;8.50;0.100
12541;13.0;26.0;8.50;0.010
12542;13.0;26.0;8.50;0.020
12543;13.0;26.0;8.50;0.030
12544;13.0;26.0;8.50;0.040
12545;13.0;26.0;8.50;0.050
12546;13.0;26.0;8.50;0.060
12547;13.0;26.0;8.50;0.070
12548;13.0;26.0;8.50;0.080
12549;13.0;26.0;8.50;0.090
12550;13.0;26.0;8.50;0.100
12551;15.0;26.0;8.50;0.010
12552;15.0;26.0;8.50;0.020
12553;15.0;26.0;8.50;0.030
12554;15.0;26.0;8.50;0.040
12555;15.0;26.0;8.50;0.050
12556;15.0;26.0;8.50;0.060
12557;15.0;26.0;8.50;0.070
12558;15.0;26.0;8.50;0.080
12559;15.0;26.0;8.50;0.090
12560;15.0;26.0;8.50;0.100
12561;17.0;26.0;8.50;0.010
12562;17.0;26.0;8.50;0.020
12563;17.0;26.0;8.50;0.030
12564;17.0;26.0;8.50;0.040
12565;17.0;26.0;8.50;0.050
12566;17.0;26.0;8.50;0.060
12567;17.0;26.0;8.50;0.070
12568;17.0;26.0;8.50;0.080
12569;17.0;26.0;8.50;0.090
12570;17.0;26.0;8.50;0.100
12571;19.0;26.0;8.50;0.010
12572;19.0;26.0;8.50;0.020
12573;19.0;26.0;8.50;0.030
12574;19.0;26.0;8.50;0.040
12575;19.0;26.0;8.50;0.050
12576;19.0;26.0;8.50;0.060
12577;19.0;26.0;8.50;0.070
12578;19.0;26.0;8.50;0.080
12579;19.0;26.0;8.50;0.090
12580;19.0;26.0;8.50;0.100
12581;21.0;26.0;8.50;0.010
12582;21.0;26.0;8.50;0.020
12583;21.0;26.0;8.50;0.030
12584;21.0;26.0;8.50;0.040
12585;21.0;26.0;8.50;0.050
12586;21.0;26.0;8.50;0.060
12587;21.0;26.0;8.50;0.070
12588;21.0;26.0;8.50;0.080
12589;21.0;26.0;8.50;0.090
12590;21.0;26.0;8.50;0.100
12591;23.0;26.0;8.50;0.010
12592;23.0;26.0;8.50;0.020
12593;23.0;26.0;8.50;0.030
12594;23.0;26.0;8.50;0.040
12595;23.0;26.0;8.50;0.050
12596;23.0;26.0;8.50;0.060
12597;23.0;26.0;8.50;0.070
12598;23.0;26.0;8.50;0.080
12599;23.0;26.0;8.50;0.090
12600;23.0;26.0;8.50;0.100
12601;25.0;26.0;8.50;0.010
12602;25.0;26.0;8.50;0.020
12603;25.0;26.0;8.50;0.030
12604;25.0;26.0;8.50;0.040
12605;25.0;26.0;8.50;0.050
12606;25.0;26.0;8.50;0.060
12607;25.0;26.0;8.50;0.070
12608;25.0;26.0;8.50;0.080
12609;25.0;26.0;8.50;0.090
12610;25.0;26.0;8.50;0.100
12611;1.0;28.0;8.50;0.010
12612;1.0;28.0;8.50;0.020
12613;1.0;28.0;8.50;0.030
12614;1.0;28.0;8.50;0.040
12615;1.0;28.0;8.50;0.050
12616;1.0;28.0;8.50;0.060
12617;1.0;28.0;8.50;0.070
12618;1.0;28.0;8.50;0.080
12619;1.0;28.0;8.50;0.090
12620;1.0;28.0;8.50;0.100
12621;3.0;28.0;8.50;0.010
12622;3.0;28.0;8.50;0.020
12623;3.0;28.0;8.50;0.030
12624;3.0;28.0;8.50;0.040
12625;3.0;28.0;8.50;0.050
12626;3.0;28.0;8.50;0.060
12627;3.0;28.0;8.50;0.070
12628;3.0;28.0;8.50;0.080
12629;3.0;28.0;8.50;0.090
12630;3.0;28.0;8.50;0.100
12631;5.0;28.0;8.50;0.010
12632;5.0;28.0;8.50;0.020
12633;5.0;28.0;8.50;0.030
12634;5.0;28.0;8.50;0.040
12635;5.0;28.0;8.50;0.050
12636;5.0;28.0;8.50;0.060
12637;5.0;28.0;8.50;0.070
12638;5.0;28.0;8.50;0.080
12639;5.0;28.0;8.50;0.090
12640;5.0;28.0;8.50;0.100
12641;7.0;28.0;8.50;0.010
12642;7.0;28.0;8.50;0.020
12643;7.0;28.0;8.50;0.030
12644;7.0;28.0;8.50;0.040
12645;7.0;28.0;8.50;0.050
12646;7.0;28.0;8.50;0.060
12647;7.0;28.0;8.50;0.070
12648;7.0;28.0;8.50;0.080
12649;7.0;28.0;8.50;0.090
12650;7.0;28.0;8.50;0.100
12651;9.0;28.0;8.50;0.010
12652;9.0;28.0;8.50;0.020
12653;9.0;28.0;8.50;0.030
12654;9.0;28.0;8.50;0.040
12655;9.0;28.0;8.50;0.050
12656;9.0;28.0;8.50;0.060
12657;9.0;28.0;8.50;0.070
12658;9.0;28.0;8.50;0.080
12659;9.0;28.0;8.50;0.090
12660;9.0;28.0;8.50;0.100
12661;11.0;28.0;8.50;0.010
12662;11.0;28.0;8.50;0.020
12663;11.0;28.0;8.50;0.030
12664;11.0;28.0;8.50;0.040
12665;11.0;28.0;8.50;0.050
12666;11.0;28.0;8.50;0.060
12667;11.0;28.0;8.50;0.070
12668;11.0;28.0;8.50;0.080
12669;11.0;28.0;8.50;0.090
12670;11.0;28.0;8.50;0.100
12671;13.0;28.0;8.50;0.010
12672;13.0;28.0;8.50;0.020
12673;13.0;28.0;8.50;0.030
12674;13.0;28.0;8.50;0.040
12675;13.0;28.0;8.50;0.050
12676;13.0;28.0;8.50;0.060
12677;13.0;28.0;8.50;0.070
12678;13.0;28.0;8.50;0.080
12679;13.0;28.0;8.50;0.090
12680;13.0;28.0;8.50;0.100
12681;15.0;28.0;8.50;0.010
12682;15.0;28.0;8.50;0.020
12683;15.0;28.0;8.50;0.030
12684;15.0;28.0;8.50;0.040
12685;15.0;28.0;8.50;0.050
12686;15.0;28.0;8.50;0.060
12687;15.0;28.0;8.50;0.070
12688;15.0;28.0;8.50;0.080
12689;15.0;28.0;8.50;0.090
12690;15.0;28.0;8.50;0.100
12691;17.0;28.0;8.50;0.010
12692;17.0;28.0;8.50;0.020
12693;17.0;28.0;8.50;0.030
12694;17.0;28.0;8.50;0.040
12695;17.0;28.0;8.50;0.050
12696;17.0;28.0;8.50;0.060
12697;17.0;28.0;8.50;0.070
12698;17.0;28.0;8.50;0.080
12699;17.0;28.0;8.50;0.090
12700;17.0;28.0;8.50;0.100
12701;19.0;28.0;8.50;0.010
12702;19.0;28.0;8.50;0.020
12703;19.0;28.0;8.50;0.030
12704;19.0;28.0;8.50;0.040
12705;19.0;28.0;8.50;0.050
12706;19.0;28.0;8.50;0.060
12707;19.0;28.0;8.50;0.070
12708;19.0;28.0;8.50;0.080
12709;19.0;28.0;8.50;0.090
12710;19.0;28.0;8.50;0.100
12711;21.0;28.0;8.50;0.010
12712;21.0;28.0;8.50;0.020
12713;21.0;28.0;8.50;0.030
12714;21.0;28.0;8.50;0.040
12715;21.0;28.0;8.50;0.050
12716;21.0;28.0;8.50;0.060
12717;21.0;28.0;8.50;0.070
12718;21.0;28.0;8.50;0.080
12719;21.0;28.0;8.50;0.090
12720;21.0;28.0;8.50;0.100
12721;23.0;28.0;8.50;0.010
12722;23.0;28.0;8.50;0.020
12723;23.0;28.0;8.50;0.030
12724;23.0;28.0;8.50;0.040
12725;23.0;28.0;8.50;0.050
12726;23.0;28.0;8.50;0.060
12727;23.0;28.0;8.50;0.070
12728;23.0;28.0;8.50;0.080
12729;23.0;28.0;8.50;0.090
12730;23.0;28.0;8.50;0.100
12731;25.0;28.0;8.50;0.010
12732;25.0;28.0;8.50;0.020
12733;25.0;28.0;8.50;0.030
12734;25.0;28.0;8.50;0.040
12735;25.0;28.0;8.50;0.050
12736;25.0;28.0;8.50;0.060
12737;25.0;28.0;8.50;0.070
12738;25.0;28.0;8.50;0.080
12739;25.0;28.0;8.50;0.090
12740;25.0;28.0;8.50;0.100
12741;1.0;30.0;8.50;0.010
12742;1.0;30.0;8.50;0.020
12743;1.0;30.0;8.50;0.030
12744;1.0;30.0;8.50;0.040
12745;1.0;30.0;8.50;0.050
12746;1.0;30.0;8.50;0.060
12747;1.0;30.0;8.50;0.070
12748;1.0;30.0;8.50;0.080
12749;1.0;30.0;8.50;0.090
12750;1.0;30.0;8.50;0.100
12751;3.0;30.0;8.50;0.010
12752;3.0;30.0;8.50;0.020
12753;3.0;30.0;8.50;0.030
12754;3.0;30.0;8.50;0.040
12755;3.0;30.0;8.50;0.050
12756;3.0;30.0;8.50;0.060
12757;3.0;30.0;8.50;0.070
12758;3.0;30.0;8.50;0.080
12759;3.0;30.0;8.50;0.090
12760;3.0;30.0;8.50;0.100
12761;5.0;30.0;8.50;0.010
12762;5.0;30.0;8.50;0.020
12763;5.0;30.0;8.50;0.030
12764;5.0;30.0;8.50;0.040
12765;5.0;30.0;8.50;0.050
12766;5.0;30.0;8.50;0.060
12767;5.0;30.0;8.50;0.070
12768;5.0;30.0;8.50;0.080
12769;5.0;30.0;8.50;0.090
12770;5.0;30.0;8.50;0.100
12771;7.0;30.0;8.50;0.010
12772;7.0;30.0;8.50;0.020
12773;7.0;30.0;8.50;0.030
12774;7.0;30.0;8.50;0.040
12775;7.0;30.0;8.50;0.050
12776;7.0;30.0;8.50;0.060
12777;7.0;30.0;8.50;0.070
12778;7.0;30.0;8.50;0.080
12779;7.0;30.0;8.50;0.090
12780;7.0;30.0;8.50;0.100
12781;9.0;30.0;8.50;0.010
12782;9.0;30.0;8.50;0.020
12783;9.0;30.0;8.50;0.030
12784;9.0;30.0;8.50;0.040
12785;9.0;30.0;8.50;0.050
12786;9.0;30.0;8.50;0.060
12787;9.0;30.0;8.50;0.070
12788;9.0;30.0;8.50;0.080
12789;9.0;30.0;8.50;0.090
12790;9.0;30.0;8.50;0.100
12791;11.0;30.0;8.50;0.010
12792;11.0;30.0;8.50;0.020
12793;11.0;30.0;8.50;0.030
12794;11.0;30.0;8.50;0.040
12795;11.0;30.0;8.50;0.050
12796;11.0;30.0;8.50;0.060
12797;11.0;30.0;8.50;0.070
12798;11.0;30.0;8.50;0.080
12799;11.0;30.0;8.50;0.090
12800;11.0;30.0;8.50;0.100
12801;13.0;30.0;8.50;0.010
12802;13.0;30.0;8.50;0.020
12803;13.0;30.0;8.50;0.030
12804;13.0;30.0;8.50;0.040
12805;13.0;30.0;8.50;0.050
12806;13.0;30.0;8.50;0.060
12807;13.0;30.0;8.50;0.070
12808;13.0;30.0;8.50;0.080
12809;13.0;30.0;8.50;0.090
12810;13.0;30.0;8.50;0.100
12811;15.0;30.0;8.50;0.010
12812;15.0;30.0;8.50;0.020
12813;15.0;30.0;8.50;0.030
12814;15.0;30.0;8.50;0.040
12815;15.0;30.0;8.50;0.050
12816;15.0;30.0;8.50;0.060
12817;15.0;30.0;8.50;0.070
12818;15.0;30.0;8.50;0.080
12819;15.0;30.0;8.50;0.090
12820;15.0;30.0;8.50;0.100
12821;17.0;30.0;8.50;0.010
12822;17.0;30.0;8.50;0.020
12823;17.0;30.0;8.50;0.030
12824;17.0;30.0;8.50;0.040
12825;17.0;30.0;8.50;0.050
12826;17.0;30.0;8.50;0.060
12827;17.0;30.0;8.50;0.070
12828;17.0;30.0;8.50;0.080
12829;17.0;30.0;8.50;0.090
12830;17.0;30.0;8.50;0.100
12831;19.0;30.0;8.50;0.010
12832;19.0;30.0;8.50;0.020
12833;19.0;30.0;8.50;0.030
12834;19.0;30.0;8.50;0.040
12835;19.0;30.0;8.50;0.050
12836;19.0;30.0;8.50;0.060
12837;19.0;30.0;8.50;0.070
12838;19.0;30.0;8.50;0.080
12839;19.0;30.0;8.50;0.090
12840;19.0;30.0;8.50;0.100
12841;21.0;30.0;8.50;0.010
12842;21.0;30.0;8.50;0.020
12843;21.0;30.0;8.50;0.030
12844;21.0;30.0;8.50;0.040
12845;21.0;30.0;8.50;0.050
12846;21.0;30.0;8.50;0.060
12847;21.0;30.0;8.50;0.070
12848;21.0;30.0;8.50;0.080
12849;21.0;30.0;8.50;0.090
12850;21.0;30.0;8.50;0.100
12851;23.0;30.0;8.50;0.010
12852;23.0;30.0;8.50;0.020
12853;23.0;30.0;8.50;0.030
12854;23.0;30.0;8.50;0.040
12855;23.0;30.0;8.50;0.050
12856;23.0;30.0;8.50;0.060
12857;23.0;30.0;8.50;0.070
12858;23.0;30.0;8.50;0.080
12859;23.0;30.0;8.50;0.090
12860;23.0;30.0;8.50;0.100
12861;25.0;30.0;8.50;0.010
12862;25.0;30.0;8.50;0.020
12863;25.0;30.0;8.50;0.030
12864;25.0;30.0;8.50;0.040
12865;25.0;30.0;8.50;0.050
12866;25.0;30.0;8.50;0.060
12867;25.0;30.0;8.50;0.070
12868;25.0;30.0;8.50;0.080
12869;25.0;30.0;8.50;0.090
12870;25.0;30.0;8.50;0.100
12871;1.0;10.0;9.50;0.010
12872;1.0;10.0;9.50;0.020
12873;1.0;10.0;9.50;0.030
12874;1.0;10.0;9.50;0.040
12875;1.0;10.0;9.50;0.050
12876;1.0;10.0;9.50;0.060
12877;1.0;10.0;9.50;0.070
12878;1.0;10.0;9.50;0.080
12879;1.0;10.0;9.50;0.090
12880;1.0;10.0;9.50;0.100
12881;3.0;10.0;9.50;0.010
12882;3.0;10.0;9.50;0.020
12883;3.0;10.0;9.50;0.030
12884;3.0;10.0;9.50;0.040
12885;3.0;10.0;9.50;0.050
12886;3.0;10.0;9.50;0.060
12887;3.0;10.0;9.50;0.070
12888;3.0;10.0;9.50;0.080
12889;3.0;10.0;9.50;0.090
12890;3.0;10.0;9.50;0.100
12891;5.0;10.0;9.50;0.010
12892;5.0;10.0;9.50;0.020
12893;5.0;10.0;9.50;0.030
12894;5.0;10.0;9.50;0.040
12895;5.0;10.0;9.50;0.050
12896;5.0;10.0;9.50;0.060
12897;5.0;10.0;9.50;0.070
12898;5.0;10.0;9.50;0.080
12899;5.0;10.0;9.50;0.090
12900;5.0;10.0;9.50;0.100
12901;7.0;10.0;9.50;0.010
12902;7.0;10.0;9.50;0.020
12903;7.0;10.0;9.50;0.030
12904;7.0;10.0;9.50;0.040
12905;7.0;10.0;9.50;0.050
12906;7.0;10.0;9.50;0.060
12907;7.0;10.0;9.50;0.070
12908;7.0;10.0;9.50;0.080
12909;7.0;10.0;9.50;0.090
12910;7.0;10.0;9.50;0.100
12911;9.0;10.0;9.50;0.010
12912;9.0;10.0;9.50;0.020
12913;9.0;10.0;9.50;0.030
12914;9.0;10.0;9.50;0.040
12915;9.0;10.0;9.50;0.050
12916;9.0;10.0;9.50;0.060
12917;9.0;10.0;9.50;0.070
12918;9.0;10.0;9.50;0.080
12919;9.0;10.0;9.50;0.090
12920;9.0;10.0;9.50;0.100
12921;11.0;10.0;9.50;0.010
12922;11.0;10.0;9.50;0.020
12923;11.0;10.0;9.50;0.030
12924;11.0;10.0;9.50;0.040
12925;11.0;10.0;9.50;0.050
12926;11.0;10.0;9.50;0.060
12927;11.0;10.0;9.50;0.070
12928;11.0;10.0;9.50;0.080
12929;11.0;10.0;9.50;0.090
12930;11.0;10.0;9.50;0.100
12931;13.0;10.0;9.50;0.010
12932;13.0;10.0;9.50;0.020
12933;13.0;10.0;9.50;0.030
12934;13.0;10.0;9.50;0.040
12935;13.0;10.0;9.50;0.050
12936;13.0;10.0;9.50;0.060
12937;13.0;10.0;9.50;0.070
12938;13.0;10.0;9.50;0.080
12939;13.0;10.0;9.50;0.090
12940;13.0;10.0;9.50;0.100
12941;15.0;10.0;9.50;0.010
12942;15.0;10.0;9.50;0.020
12943;15.0;10.0;9.50;0.030
12944;15.0;10.0;9.50;0.040
12945;15.0;10.0;9.50;0.050
12946;15.0;10.0;9.50;0.060
12947;15.0;10.0;9.50;0.070
12948;15.0;10.0;9.50;0.080
12949;15.0;10.0;9.50;0.090
12950;15.0;10.0;9.50;0.100
12951;17.0;10.0;9.50;0.010
12952;17.0;10.0;9.50;0.020
12953;17.0;10.0;9.50;0.030
12954;17.0;10.0;9.50;0.040
12955;17.0;10.0;9.50;0.050
12956;17.0;10.0;9.50;0.060
12957;17.0;10.0;9.50;0.070
12958;17.0;10.0;9.50;0.080
12959;17.0;10.0;9.50;0.090
12960;17.0;10.0;9.50;0.100
12961;19.0;10.0;9.50;0.010
12962;19.0;10.0;9.50;0.020
12963;19.0;10.0;9.50;0.030
12964;19.0;10.0;9.50;0.040
12965;19.0;10.0;9.50;0.050
12966;19.0;10.0;9.50;0.060
12967;19.0;10.0;9.50;0.070
12968;19.0;10.0;9.50;0.080
12969;19.0;10.0;9.50;0.090
12970;19.0;10.0;9.50;0.100
12971;21.0;10.0;9.50;0.010
12972;21.0;10.0;9.50;0.020
12973;21.0;10.0;9.50;0.030
12974;21.0;10.0;9.50;0.040
12975;21.0;10.0;9.50;0.050
12976;21.0;10.0;9.50;0.060
12977;21.0;10.0;9.50;0.070
12978;21.0;10.0;9.50;0.080
12979;21.0;10.0;9.50;0.090
12980;21.0;10.0;9.50;0.100
12981;23.0;10.0;9.50;0.010
12982;23.0;10.0;9.50;0.020
12983;23.0;10.0;9.50;0.030
12984;23.0;10.0;9.50;0.040
12985;23.0;10.0;9.50;0.050
12986;23.0;10.0;9.50;0.060
12987;23.0;10.0;9.50;0.070
12988;23.0;10.0;9.50;0.080
12989;23.0;10.0;9.50;0.090
12990;23.0;10.0;9.50;0.100
12991;25.0;10.0;9.50;0.010
12992;25.0;10.0;9.50;0.020
12993;25.0;10.0;9.50;0.030
12994;25.0;10.0;9.50;0.040
12995;25.0;10.0;9.50;0.050
12996;25.0;10.0;9.50;0.060
12997;25.0;10.0;9.50;0.070
12998;25.0;10.0;9.50;0.080
12999;25.0;10.0;9.50;0.090
13000;25.0;10.0;9.50;0.100
13001;1.0;12.0;9.50;0.010
13002;1.0;12.0;9.50;0.020
13003;1.0;12.0;9.50;0.030
13004;1.0;12.0;9.50;0.040
13005;1.0;12.0;9.50;0.050
13006;1.0;12.0;9.50;0.060
13007;1.0;12.0;9.50;0.070
13008;1.0;12.0;9.50;0.080
13009;1.0;12.0;9.50;0.090
13010;1.0;12.0;9.50;0.100
13011;3.0;12.0;9.50;0.010
13012;3.0;12.0;9.50;0.020
13013;3.0;12.0;9.50;0.030
13014;3.0;12.0;9.50;0.040
13015;3.0;12.0;9.50;0.050
13016;3.0;12.0;9.50;0.060
13017;3.0;12.0;9.50;0.070
13018;3.0;12.0;9.50;0.080
13019;3.0;12.0;9.50;0.090
13020;3.0;12.0;9.50;0.100
13021;5.0;12.0;9.50;0.010
13022;5.0;12.0;9.50;0.020
13023;5.0;12.0;9.50;0.030
13024;5.0;12.0;9.50;0.040
13025;5.0;12.0;9.50;0.050
13026;5.0;12.0;9.50;0.060
13027;5.0;12.0;9.50;0.070
13028;5.0;12.0;9.50;0.080
13029;5.0;12.0;9.50;0.090
13030;5.0;12.0;9.50;0.100
13031;7.0;12.0;9.50;0.010
13032;7.0;12.0;9.50;0.020
13033;7.0;12.0;9.50;0.030
13034;7.0;12.0;9.50;0.040
13035;7.0;12.0;9.50;0.050
13036;7.0;12.0;9.50;0.060
13037;7.0;12.0;9.50;0.070
13038;7.0;12.0;9.50;0.080
13039;7.0;12.0;9.50;0.090
13040;7.0;12.0;9.50;0.100
13041;9.0;12.0;9.50;0.010
13042;9.0;12.0;9.50;0.020
13043;9.0;12.0;9.50;0.030
13044;9.0;12.0;9.50;0.040
13045;9.0;12.0;9.50;0.050
13046;9.0;12.0;9.50;0.060
13047;9.0;12.0;9.50;0.070
13048;9.0;12.0;9.50;0.080
13049;9.0;12.0;9.50;0.090
13050;9.0;12.0;9.50;0.100
13051;11.0;12.0;9.50;0.010
13052;11.0;12.0;9.50;0.020
13053;11.0;12.0;9.50;0.030
13054;11.0;12.0;9.50;0.040
13055;11.0;12.0;9.50;0.050
13056;11.0;12.0;9.50;0.060
13057;11.0;12.0;9.50;0.070
13058;11.0;12.0;9.50;0.080
13059;11.0;12.0;9.50;0.090
13060;11.0;12.0;9.50;0.100
13061;13.0;12.0;9.50;0.010
13062;13.0;12.0;9.50;0.020
13063;13.0;12.0;9.50;0.030
13064;13.0;12.0;9.50;0.040
13065;13.0;12.0;9.50;0.050
13066;13.0;12.0;9.50;0.060
13067;13.0;12.0;9.50;0.070
13068;13.0;12.0;9.50;0.080
13069;13.0;12.0;9.50;0.090
13070;13.0;12.0;9.50;0.100
13071;15.0;12.0;9.50;0.010
13072;15.0;12.0;9.50;0.020
13073;15.0;12.0;9.50;0.030
13074;15.0;12.0;9.50;0.040
13075;15.0;12.0;9.50;0.050
13076;15.0;12.0;9.50;0.060
13077;15.0;12.0;9.50;0.070
13078;15.0;12.0;9.50;0.080
13079;15.0;12.0;9.50;0.090
13080;15.0;12.0;9.50;0.100
13081;17.0;12.0;9.50;0.010
13082;17.0;12.0;9.50;0.020
13083;17.0;12.0;9.50;0.030
13084;17.0;12.0;9.50;0.040
13085;17.0;12.0;9.50;0.050
13086;17.0;12.0;9.50;0.060
13087;17.0;12.0;9.50;0.070
13088;17.0;12.0;9.50;0.080
13089;17.0;12.0;9.50;0.090
13090;17.0;12.0;9.50;0.100
13091;19.0;12.0;9.50;0.010
13092;19.0;12.0;9.50;0.020
13093;19.0;12.0;9.50;0.030
13094;19.0;12.0;9.50;0.040
13095;19.0;12.0;9.50;0.050
13096;19.0;12.0;9.50;0.060
13097;19.0;12.0;9.50;0.070
13098;19.0;12.0;9.50;0.080
13099;19.0;12.0;9.50;0.090
13100;19.0;12.0;9.50;0.100
13101;21.0;12.0;9.50;0.010
13102;21.0;12.0;9.50;0.020
13103;21.0;12.0;9.50;0.030
13104;21.0;12.0;9.50;0.040
13105;21.0;12.0;9.50;0.050
13106;21.0;12.0;9.50;0.060
13107;21.0;12.0;9.50;0.070
13108;21.0;12.0;9.50;0.080
13109;21.0;12.0;9.50;0.090
13110;21.0;12.0;9.50;0.100
13111;23.0;12.0;9.50;0.010
13112;23.0;12.0;9.50;0.020
13113;23.0;12.0;9.50;0.030
13114;23.0;12.0;9.50;0.040
13115;23.0;12.0;9.50;0.050
13116;23.0;12.0;9.50;0.060
13117;23.0;12.0;9.50;0.070
13118;23.0;12.0;9.50;0.080
13119;23.0;12.0;9.50;0.090
13120;23.0;12.0;9.50;0.100
13121;25.0;12.0;9.50;0.010
13122;25.0;12.0;9.50;0.020
13123;25.0;12.0;9.50;0.030
13124;25.0;12.0;9.50;0.040
13125;25.0;12.0;9.50;0.050
13126;25.0;12.0;9.50;0.060
13127;25.0;12.0;9.50;0.070
13128;25.0;12.0;9.50;0.080
13129;25.0;12.0;9.50;0.090
13130;25.0;12.0;9.50;0.100
13131;1.0;14.0;9.50;0.010
13132;1.0;14.0;9.50;0.020
13133;1.0;14.0;9.50;0.030
13134;1.0;14.0;9.50;0.040
13135;1.0;14.0;9.50;0.050
13136;1.0;14.0;9.50;0.060
13137;1.0;14.0;9.50;0.070
13138;1.0;14.0;9.50;0.080
13139;1.0;14.0;9.50;0.090
13140;1.0;14.0;9.50;0.100
13141;3.0;14.0;9.50;0.010
13142;3.0;14.0;9.50;0.020
13143;3.0;14.0;9.50;0.030
13144;3.0;14.0;9.50;0.040
13145;3.0;14.0;9.50;0.050
13146;3.0;14.0;9.50;0.060
13147;3.0;14.0;9.50;0.070
13148;3.0;14.0;9.50;0.080
13149;3.0;14.0;9.50;0.090
13150;3.0;14.0;9.50;0.100
13151;5.0;14.0;9.50;0.010
13152;5.0;14.0;9.50;0.020
13153;5.0;14.0;9.50;0.030
13154;5.0;14.0;9.50;0.040
13155;5.0;14.0;9.50;0.050
13156;5.0;14.0;9.50;0.060
13157;5.0;14.0;9.50;0.070
13158;5.0;14.0;9.50;0.080
13159;5.0;14.0;9.50;0.090
13160;5.0;14.0;9.50;0.100
13161;7.0;14.0;9.50;0.010
13162;7.0;14.0;9.50;0.020
13163;7.0;14.0;9.50;0.030
13164;7.0;14.0;9.50;0.040
13165;7.0;14.0;9.50;0.050
13166;7.0;14.0;9.50;0.060
13167;7.0;14.0;9.50;0.070
13168;7.0;14.0;9.50;0.080
13169;7.0;14.0;9.50;0.090
13170;7.0;14.0;9.50;0.100
13171;9.0;14.0;9.50;0.010
13172;9.0;14.0;9.50;0.020
13173;9.0;14.0;9.50;0.030
13174;9.0;14.0;9.50;0.040
13175;9.0;14.0;9.50;0.050
13176;9.0;14.0;9.50;0.060
13177;9.0;14.0;9.50;0.070
13178;9.0;14.0;9.50;0.080
13179;9.0;14.0;9.50;0.090
13180;9.0;14.0;9.50;0.100
13181;11.0;14.0;9.50;0.010
13182;11.0;14.0;9.50;0.020
13183;11.0;14.0;9.50;0.030
13184;11.0;14.0;9.50;0.040
13185;11.0;14.0;9.50;0.050
13186;11.0;14.0;9.50;0.060
13187;11.0;14.0;9.50;0.070
13188;11.0;14.0;9.50;0.080
13189;11.0;14.0;9.50;0.090
13190;11.0;14.0;9.50;0.100
13191;13.0;14.0;9.50;0.010
13192;13.0;14.0;9.50;0.020
13193;13.0;14.0;9.50;0.030
13194;13.0;14.0;9.50;0.040
13195;13.0;14.0;9.50;0.050
13196;13.0;14.0;9.50;0.060
13197;13.0;14.0;9.50;0.070
13198;13.0;14.0;9.50;0.080
13199;13.0;14.0;9.50;0.090
13200;13.0;14.0;9.50;0.100
13201;15.0;14.0;9.50;0.010
13202;15.0;14.0;9.50;0.020
13203;15.0;14.0;9.50;0.030
13204;15.0;14.0;9.50;0.040
13205;15.0;14.0;9.50;0.050
13206;15.0;14.0;9.50;0.060
13207;15.0;14.0;9.50;0.070
13208;15.0;14.0;9.50;0.080
13209;15.0;14.0;9.50;0.090
13210;15.0;14.0;9.50;0.100
13211;17.0;14.0;9.50;0.010
13212;17.0;14.0;9.50;0.020
13213;17.0;14.0;9.50;0.030
13214;17.0;14.0;9.50;0.040
13215;17.0;14.0;9.50;0.050
13216;17.0;14.0;9.50;0.060
13217;17.0;14.0;9.50;0.070
13218;17.0;14.0;9.50;0.080
13219;17.0;14.0;9.50;0.090
13220;17.0;14.0;9.50;0.100
13221;19.0;14.0;9.50;0.010
13222;19.0;14.0;9.50;0.020
13223;19.0;14.0;9.50;0.030
13224;19.0;14.0;9.50;0.040
13225;19.0;14.0;9.50;0.050
13226;19.0;14.0;9.50;0.060
13227;19.0;14.0;9.50;0.070
13228;19.0;14.0;9.50;0.080
13229;19.0;14.0;9.50;0.090
13230;19.0;14.0;9.50;0.100
13231;21.0;14.0;9.50;0.010
13232;21.0;14.0;9.50;0.020
13233;21.0;14.0;9.50;0.030
13234;21.0;14.0;9.50;0.040
13235;21.0;14.0;9.50;0.050
13236;21.0;14.0;9.50;0.060
13237;21.0;14.0;9.50;0.070
13238;21.0;14.0;9.50;0.080
13239;21.0;14.0;9.50;0.090
13240;21.0;14.0;9.50;0.100
13241;23.0;14.0;9.50;0.010
13242;23.0;14.0;9.50;0.020
13243;23.0;14.0;9.50;0.030
13244;23.0;14.0;9.50;0.040
13245;23.0;14.0;9.50;0.050
13246;23.0;14.0;9.50;0.060
13247;23.0;14.0;9.50;0.070
13248;23.0;14.0;9.50;0.080
13249;23.0;14.0;9.50;0.090
13250;23.0;14.0;9.50;0.100
13251;25.0;14.0;9.50;0.010
13252;25.0;14.0;9.50;0.020
13253;25.0;14.0;9.50;0.030
13254;25.0;14.0;9.50;0.040
13255;25.0;14.0;9.50;0.050
13256;25.0;14.0;9.50;0.060
13257;25.0;14.0;9.50;0.070
13258;25.0;14.0;9.50;0.080
13259;25.0;14.0;9.50;0.090
13260;25.0;14.0;9.50;0.100
13261;1.0;16.0;9.50;0.010
13262;1.0;16.0;9.50;0.020
13263;1.0;16.0;9.50;0.030
13264;1.0;16.0;9.50;0.040
13265;1.0;16.0;9.50;0.050
13266;1.0;16.0;9.50;0.060
13267;1.0;16.0;9.50;0.070
13268;1.0;16.0;9.50;0.080
13269;1.0;16.0;9.50;0.090
13270;1.0;16.0;9.50;0.100
13271;3.0;16.0;9.50;0.010
13272;3.0;16.0;9.50;0.020
13273;3.0;16.0;9.50;0.030
13274;3.0;16.0;9.50;0.040
13275;3.0;16.0;9.50;0.050
13276;3.0;16.0;9.50;0.060
13277;3.0;16.0;9.50;0.070
13278;3.0;16.0;9.50;0.080
13279;3.0;16.0;9.50;0.090
13280;3.0;16.0;9.50;0.100
13281;5.0;16.0;9.50;0.010
13282;5.0;16.0;9.50;0.020
13283;5.0;16.0;9.50;0.030
13284;5.0;16.0;9.50;0.040
13285;5.0;16.0;9.50;0.050
13286;5.0;16.0;9.50;0.060
13287;5.0;16.0;9.50;0.070
13288;5.0;16.0;9.50;0.080
13289;5.0;16.0;9.50;0.090
13290;5.0;16.0;9.50;0.100
13291;7.0;16.0;9.50;0.010
13292;7.0;16.0;9.50;0.020
13293;7.0;16.0;9.50;0.030
13294;7.0;16.0;9.50;0.040
13295;7.0;16.0;9.50;0.050
13296;7.0;16.0;9.50;0.060
13297;7.0;16.0;9.50;0.070
13298;7.0;16.0;9.50;0.080
13299;7.0;16.0;9.50;0.090
13300;7.0;16.0;9.50;0.100
13301;9.0;16.0;9.50;0.010
13302;9.0;16.0;9.50;0.020
13303;9.0;16.0;9.50;0.030
13304;9.0;16.0;9.50;0.040
13305;9.0;16.0;9.50;0.050
13306;9.0;16.0;9.50;0.060
13307;9.0;16.0;9.50;0.070
13308;9.0;16.0;9.50;0.080
13309;9.0;16.0;9.50;0.090
13310;9.0;16.0;9.50;0.100
13311;11.0;16.0;9.50;0.010
13312;11.0;16.0;9.50;0.020
13313;11.0;16.0;9.50;0.030
13314;11.0;16.0;9.50;0.040
13315;11.0;16.0;9.50;0.050
13316;11.0;16.0;9.50;0.060
13317;11.0;16.0;9.50;0.070
13318;11.0;16.0;9.50;0.080
13319;11.0;16.0;9.50;0.090
13320;11.0;16.0;9.50;0.100
13321;13.0;16.0;9.50;0.010
13322;13.0;16.0;9.50;0.020
13323;13.0;16.0;9.50;0.030
13324;13.0;16.0;9.50;0.040
13325;13.0;16.0;9.50;0.050
13326;13.0;16.0;9.50;0.060
13327;13.0;16.0;9.50;0.070
13328;13.0;16.0;9.50;0.080
13329;13.0;16.0;9.50;0.090
13330;13.0;16.0;9.50;0.100
13331;15.0;16.0;9.50;0.010
13332;15.0;16.0;9.50;0.020
13333;15.0;16.0;9.50;0.030
13334;15.0;16.0;9.50;0.040
13335;15.0;16.0;9.50;0.050
13336;15.0;16.0;9.50;0.060
13337;15.0;16.0;9.50;0.070
13338;15.0;16.0;9.50;0.080
13339;15.0;16.0;9.50;0.090
13340;15.0;16.0;9.50;0.100
13341;17.0;16.0;9.50;0.010
13342;17.0;16.0;9.50;0.020
13343;17.0;16.0;9.50;0.030
13344;17.0;16.0;9.50;0.040
13345;17.0;16.0;9.50;0.050
13346;17.0;16.0;9.50;0.060
13347;17.0;16.0;9.50;0.070
13348;17.0;16.0;9.50;0.080
13349;17.0;16.0;9.50;0.090
13350;17.0;16.0;9.50;0.100
13351;19.0;16.0;9.50;0.010
13352;19.0;16.0;9.50;0.020
13353;19.0;16.0;9.50;0.030
13354;19.0;16.0;9.50;0.040
13355;19.0;16.0;9.50;0.050
13356;19.0;16.0;9.50;0.060
13357;19.0;16.0;9.50;0.070
13358;19.0;16.0;9.50;0.080
13359;19.0;16.0;9.50;0.090
13360;19.0;16.0;9.50;0.100
13361;21.0;16.0;9.50;0.010
13362;21.0;16.0;9.50;0.020
13363;21.0;16.0;9.50;0.030
13364;21.0;16.0;9.50;0.040
13365;21.0;16.0;9.50;0.050
13366;21.0;16.0;9.50;0.060
13367;21.0;16.0;9.50;0.070
13368;21.0;16.0;9.50;0.080
13369;21.0;16.0;9.50;0.090
13370;21.0;16.0;9.50;0.100
13371;23.0;16.0;9.50;0.010
13372;23.0;16.0;9.50;0.020
13373;23.0;16.0;9.50;0.030
13374;23.0;16.0;9.50;0.040
13375;23.0;16.0;9.50;0.050
13376;23.0;16.0;9.50;0.060
13377;23.0;16.0;9.50;0.070
13378;23.0;16.0;9.50;0.080
13379;23.0;16.0;9.50;0.090
13380;23.0;16.0;9.50;0.100
13381;25.0;16.0;9.50;0.010
13382;25.0;16.0;9.50;0.020
13383;25.0;16.0;9.50;0.030
13384;25.0;16.0;9.50;0.040
13385;25.0;16.0;9.50;0.050
13386;25.0;16.0;9.50;0.060
13387;25.0;16.0;9.50;0.070
13388;25.0;16.0;9.50;0.080
13389;25.0;16.0;9.50;0.090
13390;25.0;16.0;9.50;0.100
13391;1.0;18.0;9.50;0.010
13392;1.0;18.0;9.50;0.020
13393;1.0;18.0;9.50;0.030
13394;1.0;18.0;9.50;0.040
13395;1.0;18.0;9.50;0.050
13396;1.0;18.0;9.50;0.060
13397;1.0;18.0;9.50;0.070
13398;1.0;18.0;9.50;0.080
13399;1.0;18.0;9.50;0.090
13400;1.0;18.0;9.50;0.100
13401;3.0;18.0;9.50;0.010
13402;3.0;18.0;9.50;0.020
13403;3.0;18.0;9.50;0.030
13404;3.0;18.0;9.50;0.040
13405;3.0;18.0;9.50;0.050
13406;3.0;18.0;9.50;0.060
13407;3.0;18.0;9.50;0.070
13408;3.0;18.0;9.50;0.080
13409;3.0;18.0;9.50;0.090
13410;3.0;18.0;9.50;0.100
13411;5.0;18.0;9.50;0.010
13412;5.0;18.0;9.50;0.020
13413;5.0;18.0;9.50;0.030
13414;5.0;18.0;9.50;0.040
13415;5.0;18.0;9.50;0.050
13416;5.0;18.0;9.50;0.060
13417;5.0;18.0;9.50;0.070
13418;5.0;18.0;9.50;0.080
13419;5.0;18.0;9.50;0.090
13420;5.0;18.0;9.50;0.100
13421;7.0;18.0;9.50;0.010
13422;7.0;18.0;9.50;0.020
13423;7.0;18.0;9.50;0.030
13424;7.0;18.0;9.50;0.040
13425;7.0;18.0;9.50;0.050
13426;7.0;18.0;9.50;0.060
13427;7.0;18.0;9.50;0.070
13428;7.0;18.0;9.50;0.080
13429;7.0;18.0;9.50;0.090
13430;7.0;18.0;9.50;0.100
13431;9.0;18.0;9.50;0.010
13432;9.0;18.0;9.50;0.020
13433;9.0;18.0;9.50;0.030
13434;9.0;18.0;9.50;0.040
13435;9.0;18.0;9.50;0.050
13436;9.0;18.0;9.50;0.060
13437;9.0;18.0;9.50;0.070
13438;9.0;18.0;9.50;0.080
13439;9.0;18.0;9.50;0.090
13440;9.0;18.0;9.50;0.100
13441;11.0;18.0;9.50;0.010
13442;11.0;18.0;9.50;0.020
13443;11.0;18.0;9.50;0.030
13444;11.0;18.0;9.50;0.040
13445;11.0;18.0;9.50;0.050
13446;11.0;18.0;9.50;0.060
13447;11.0;18.0;9.50;0.070
13448;11.0;18.0;9.50;0.080
13449;11.0;18.0;9.50;0.090
13450;11.0;18.0;9.50;0.100
13451;13.0;18.0;9.50;0.010
13452;13.0;18.0;9.50;0.020
13453;13.0;18.0;9.50;0.030
13454;13.0;18.0;9.50;0.040
13455;13.0;18.0;9.50;0.050
13456;13.0;18.0;9.50;0.060
13457;13.0;18.0;9.50;0.070
13458;13.0;18.0;9.50;0.080
13459;13.0;18.0;9.50;0.090
13460;13.0;18.0;9.50;0.100
13461;15.0;18.0;9.50;0.010
13462;15.0;18.0;9.50;0.020
13463;15.0;18.0;9.50;0.030
13464;15.0;18.0;9.50;0.040
13465;15.0;18.0;9.50;0.050
13466;15.0;18.0;9.50;0.060
13467;15.0;18.0;9.50;0.070
13468;15.0;18.0;9.50;0.080
13469;15.0;18.0;9.50;0.090
13470;15.0;18.0;9.50;0.100
13471;17.0;18.0;9.50;0.010
13472;17.0;18.0;9.50;0.020
13473;17.0;18.0;9.50;0.030
13474;17.0;18.0;9.50;0.040
13475;17.0;18.0;9.50;0.050
13476;17.0;18.0;9.50;0.060
13477;17.0;18.0;9.50;0.070
13478;17.0;18.0;9.50;0.080
13479;17.0;18.0;9.50;0.090
13480;17.0;18.0;9.50;0.100
13481;19.0;18.0;9.50;0.010
13482;19.0;18.0;9.50;0.020
13483;19.0;18.0;9.50;0.030
13484;19.0;18.0;9.50;0.040
13485;19.0;18.0;9.50;0.050
13486;19.0;18.0;9.50;0.060
13487;19.0;18.0;9.50;0.070
13488;19.0;18.0;9.50;0.080
13489;19.0;18.0;9.50;0.090
13490;19.0;18.0;9.50;0.100
13491;21.0;18.0;9.50;0.010
13492;21.0;18.0;9.50;0.020
13493;21.0;18.0;9.50;0.030
13494;21.0;18.0;9.50;0.040
13495;21.0;18.0;9.50;0.050
13496;21.0;18.0;9.50;0.060
13497;21.0;18.0;9.50;0.070
13498;21.0;18.0;9.50;0.080
13499;21.0;18.0;9.50;0.090
13500;21.0;18.0;9.50;0.100
13501;23.0;18.0;9.50;0.010
13502;23.0;18.0;9.50;0.020
13503;23.0;18.0;9.50;0.030
13504;23.0;18.0;9.50;0.040
13505;23.0;18.0;9.50;0.050
13506;23.0;18.0;9.50;0.060
13507;23.0;18.0;9.50;0.070
13508;23.0;18.0;9.50;0.080
13509;23.0;18.0;9.50;0.090
13510;23.0;18.0;9.50;0.100
13511;25.0;18.0;9.50;0.010
13512;25.0;18.0;9.50;0.020
13513;25.0;18.0;9.50;0.030
13514;25.0;18.0;9.50;0.040
13515;25.0;18.0;9.50;0.050
13516;25.0;18.0;9.50;0.060
13517;25.0;18.0;9.50;0.070
13518;25.0;18.0;9.50;0.080
13519;25.0;18.0;9.50;0.090
13520;25.0;18.0;9.50;0.100
13521;1.0;20.0;9.50;0.010
13522;1.0;20.0;9.50;0.020
13523;1.0;20.0;9.50;0.030
13524;1.0;20.0;9.50;0.040
13525;1.0;20.0;9.50;0.050
13526;1.0;20.0;9.50;0.060
13527;1.0;20.0;9.50;0.070
13528;1.0;20.0;9.50;0.080
13529;1.0;20.0;9.50;0.090
13530;1.0;20.0;9.50;0.100
13531;3.0;20.0;9.50;0.010
13532;3.0;20.0;9.50;0.020
13533;3.0;20.0;9.50;0.030
13534;3.0;20.0;9.50;0.040
13535;3.0;20.0;9.50;0.050
13536;3.0;20.0;9.50;0.060
13537;3.0;20.0;9.50;0.070
13538;3.0;20.0;9.50;0.080
13539;3.0;20.0;9.50;0.090
13540;3.0;20.0;9.50;0.100
13541;5.0;20.0;9.50;0.010
13542;5.0;20.0;9.50;0.020
13543;5.0;20.0;9.50;0.030
13544;5.0;20.0;9.50;0.040
13545;5.0;20.0;9.50;0.050
13546;5.0;20.0;9.50;0.060
13547;5.0;20.0;9.50;0.070
13548;5.0;20.0;9.50;0.080
13549;5.0;20.0;9.50;0.090
13550;5.0;20.0;9.50;0.100
13551;7.0;20.0;9.50;0.010
13552;7.0;20.0;9.50;0.020
13553;7.0;20.0;9.50;0.030
13554;7.0;20.0;9.50;0.040
13555;7.0;20.0;9.50;0.050
13556;7.0;20.0;9.50;0.060
13557;7.0;20.0;9.50;0.070
13558;7.0;20.0;9.50;0.080
13559;7.0;20.0;9.50;0.090
13560;7.0;20.0;9.50;0.100
13561;9.0;20.0;9.50;0.010
13562;9.0;20.0;9.50;0.020
13563;9.0;20.0;9.50;0.030
13564;9.0;20.0;9.50;0.040
13565;9.0;20.0;9.50;0.050
13566;9.0;20.0;9.50;0.060
13567;9.0;20.0;9.50;0.070
13568;9.0;20.0;9.50;0.080
13569;9.0;20.0;9.50;0.090
13570;9.0;20.0;9.50;0.100
13571;11.0;20.0;9.50;0.010
13572;11.0;20.0;9.50;0.020
13573;11.0;20.0;9.50;0.030
13574;11.0;20.0;9.50;0.040
13575;11.0;20.0;9.50;0.050
13576;11.0;20.0;9.50;0.060
13577;11.0;20.0;9.50;0.070
13578;11.0;20.0;9.50;0.080
13579;11.0;20.0;9.50;0.090
13580;11.0;20.0;9.50;0.100
13581;13.0;20.0;9.50;0.010
13582;13.0;20.0;9.50;0.020
13583;13.0;20.0;9.50;0.030
13584;13.0;20.0;9.50;0.040
13585;13.0;20.0;9.50;0.050
13586;13.0;20.0;9.50;0.060
13587;13.0;20.0;9.50;0.070
13588;13.0;20.0;9.50;0.080
13589;13.0;20.0;9.50;0.090
13590;13.0;20.0;9.50;0.100
13591;15.0;20.0;9.50;0.010
13592;15.0;20.0;9.50;0.020
13593;15.0;20.0;9.50;0.030
13594;15.0;20.0;9.50;0.040
13595;15.0;20.0;9.50;0.050
13596;15.0;20.0;9.50;0.060
13597;15.0;20.0;9.50;0.070
13598;15.0;20.0;9.50;0.080
13599;15.0;20.0;9.50;0.090
13600;15.0;20.0;9.50;0.100
13601;17.0;20.0;9.50;0.010
13602;17.0;20.0;9.50;0.020
13603;17.0;20.0;9.50;0.030
13604;17.0;20.0;9.50;0.040
13605;17.0;20.0;9.50;0.050
13606;17.0;20.0;9.50;0.060
13607;17.0;20.0;9.50;0.070
13608;17.0;20.0;9.50;0.080
13609;17.0;20.0;9.50;0.090
13610;17.0;20.0;9.50;0.100
13611;19.0;20.0;9.50;0.010
13612;19.0;20.0;9.50;0.020
13613;19.0;20.0;9.50;0.030
13614;19.0;20.0;9.50;0.040
13615;19.0;20.0;9.50;0.050
13616;19.0;20.0;9.50;0.060
13617;19.0;20.0;9.50;0.070
13618;19.0;20.0;9.50;0.080
13619;19.0;20.0;9.50;0.090
13620;19.0;20.0;9.50;0.100
13621;21.0;20.0;9.50;0.010
13622;21.0;20.0;9.50;0.020
13623;21.0;20.0;9.50;0.030
13624;21.0;20.0;9.50;0.040
13625;21.0;20.0;9.50;0.050
13626;21.0;20.0;9.50;0.060
13627;21.0;20.0;9.50;0.070
13628;21.0;20.0;9.50;0.080
13629;21.0;20.0;9.50;0.090
13630;21.0;20.0;9.50;0.100
13631;23.0;20.0;9.50;0.010
13632;23.0;20.0;9.50;0.020
13633;23.0;20.0;9.50;0.030
13634;23.0;20.0;9.50;0.040
13635;23.0;20.0;9.50;0.050
13636;23.0;20.0;9.50;0.060
13637;23.0;20.0;9.50;0.070
13638;23.0;20.0;9.50;0.080
13639;23.0;20.0;9.50;0.090
13640;23.0;20.0;9.50;0.100
13641;25.0;20.0;9.50;0.010
13642;25.0;20.0;9.50;0.020
13643;25.0;20.0;9.50;0.030
13644;25.0;20.0;9.50;0.040
13645;25.0;20.0;9.50;0.050
13646;25.0;20.0;9.50;0.060
13647;25.0;20.0;9.50;0.070
13648;25.0;20.0;9.50;0.080
13649;25.0;20.0;9.50;0.090
13650;25.0;20.0;9.50;0.100
13651;1.0;22.0;9.50;0.010
13652;1.0;22.0;9.50;0.020
13653;1.0;22.0;9.50;0.030
13654;1.0;22.0;9.50;0.040
13655;1.0;22.0;9.50;0.050
13656;1.0;22.0;9.50;0.060
13657;1.0;22.0;9.50;0.070
13658;1.0;22.0;9.50;0.080
13659;1.0;22.0;9.50;0.090
13660;1.0;22.0;9.50;0.100
13661;3.0;22.0;9.50;0.010
13662;3.0;22.0;9.50;0.020
13663;3.0;22.0;9.50;0.030
13664;3.0;22.0;9.50;0.040
13665;3.0;22.0;9.50;0.050
13666;3.0;22.0;9.50;0.060
13667;3.0;22.0;9.50;0.070
13668;3.0;22.0;9.50;0.080
13669;3.0;22.0;9.50;0.090
13670;3.0;22.0;9.50;0.100
13671;5.0;22.0;9.50;0.010
13672;5.0;22.0;9.50;0.020
13673;5.0;22.0;9.50;0.030
13674;5.0;22.0;9.50;0.040
13675;5.0;22.0;9.50;0.050
13676;5.0;22.0;9.50;0.060
13677;5.0;22.0;9.50;0.070
13678;5.0;22.0;9.50;0.080
13679;5.0;22.0;9.50;0.090
13680;5.0;22.0;9.50;0.100
13681;7.0;22.0;9.50;0.010
13682;7.0;22.0;9.50;0.020
13683;7.0;22.0;9.50;0.030
13684;7.0;22.0;9.50;0.040
13685;7.0;22.0;9.50;0.050
13686;7.0;22.0;9.50;0.060
13687;7.0;22.0;9.50;0.070
13688;7.0;22.0;9.50;0.080
13689;7.0;22.0;9.50;0.090
13690;7.0;22.0;9.50;0.100
13691;9.0;22.0;9.50;0.010
13692;9.0;22.0;9.50;0.020
13693;9.0;22.0;9.50;0.030
13694;9.0;22.0;9.50;0.040
13695;9.0;22.0;9.50;0.050
13696;9.0;22.0;9.50;0.060
13697;9.0;22.0;9.50;0.070
13698;9.0;22.0;9.50;0.080
13699;9.0;22.0;9.50;0.090
13700;9.0;22.0;9.50;0.100
13701;11.0;22.0;9.50;0.010
13702;11.0;22.0;9.50;0.020
13703;11.0;22.0;9.50;0.030
13704;11.0;22.0;9.50;0.040
13705;11.0;22.0;9.50;0.050
13706;11.0;22.0;9.50;0.060
13707;11.0;22.0;9.50;0.070
13708;11.0;22.0;9.50;0.080
13709;11.0;22.0;9.50;0.090
13710;11.0;22.0;9.50;0.100
13711;13.0;22.0;9.50;0.010
13712;13.0;22.0;9.50;0.020
13713;13.0;22.0;9.50;0.030
13714;13.0;22.0;9.50;0.040
13715;13.0;22.0;9.50;0.050
13716;13.0;22.0;9.50;0.060
13717;13.0;22.0;9.50;0.070
13718;13.0;22.0;9.50;0.080
13719;13.0;22.0;9.50;0.090
13720;13.0;22.0;9.50;0.100
13721;15.0;22.0;9.50;0.010
13722;15.0;22.0;9.50;0.020
13723;15.0;22.0;9.50;0.030
13724;15.0;22.0;9.50;0.040
13725;15.0;22.0;9.50;0.050
13726;15.0;22.0;9.50;0.060
13727;15.0;22.0;9.50;0.070
13728;15.0;22.0;9.50;0.080
13729;15.0;22.0;9.50;0.090
13730;15.0;22.0;9.50;0.100
13731;17.0;22.0;9.50;0.010
13732;17.0;22.0;9.50;0.020
13733;17.0;22.0;9.50;0.030
13734;17.0;22.0;9.50;0.040
13735;17.0;22.0;9.50;0.050
13736;17.0;22.0;9.50;0.060
13737;17.0;22.0;9.50;0.070
13738;17.0;22.0;9.50;0.080
13739;17.0;22.0;9.50;0.090
13740;17.0;22.0;9.50;0.100
13741;19.0;22.0;9.50;0.010
13742;19.0;22.0;9.50;0.020
13743;19.0;22.0;9.50;0.030
13744;19.0;22.0;9.50;0.040
13745;19.0;22.0;9.50;0.050
13746;19.0;22.0;9.50;0.060
13747;19.0;22.0;9.50;0.070
13748;19.0;22.0;9.50;0.080
13749;19.0;22.0;9.50;0.090
13750;19.0;22.0;9.50;0.100
13751;21.0;22.0;9.50;0.010
13752;21.0;22.0;9.50;0.020
13753;21.0;22.0;9.50;0.030
13754;21.0;22.0;9.50;0.040
13755;21.0;22.0;9.50;0.050
13756;21.0;22.0;9.50;0.060
13757;21.0;22.0;9.50;0.070
13758;21.0;22.0;9.50;0.080
13759;21.0;22.0;9.50;0.090
13760;21.0;22.0;9.50;0.100
13761;23.0;22.0;9.50;0.010
13762;23.0;22.0;9.50;0.020
13763;23.0;22.0;9.50;0.030
13764;23.0;22.0;9.50;0.040
13765;23.0;22.0;9.50;0.050
13766;23.0;22.0;9.50;0.060
13767;23.0;22.0;9.50;0.070
13768;23.0;22.0;9.50;0.080
13769;23.0;22.0;9.50;0.090
13770;23.0;22.0;9.50;0.100
13771;25.0;22.0;9.50;0.010
13772;25.0;22.0;9.50;0.020
13773;25.0;22.0;9.50;0.030
13774;25.0;22.0;9.50;0.040
13775;25.0;22.0;9.50;0.050
13776;25.0;22.0;9.50;0.060
13777;25.0;22.0;9.50;0.070
13778;25.0;22.0;9.50;0.080
13779;25.0;22.0;9.50;0.090
13780;25.0;22.0;9.50;0.100
13781;1.0;24.0;9.50;0.010
13782;1.0;24.0;9.50;0.020
13783;1.0;24.0;9.50;0.030
13784;1.0;24.0;9.50;0.040
13785;1.0;24.0;9.50;0.050
13786;1.0;24.0;9.50;0.060
13787;1.0;24.0;9.50;0.070
13788;1.0;24.0;9.50;0.080
13789;1.0;24.0;9.50;0.090
13790;1.0;24.0;9.50;0.100
13791;3.0;24.0;9.50;0.010
13792;3.0;24.0;9.50;0.020
13793;3.0;24.0;9.50;0.030
13794;3.0;24.0;9.50;0.040
13795;3.0;24.0;9.50;0.050
13796;3.0;24.0;9.50;0.060
13797;3.0;24.0;9.50;0.070
13798;3.0;24.0;9.50;0.080
13799;3.0;24.0;9.50;0.090
13800;3.0;24.0;9.50;0.100
13801;5.0;24.0;9.50;0.010
13802;5.0;24.0;9.50;0.020
13803;5.0;24.0;9.50;0.030
13804;5.0;24.0;9.50;0.040
13805;5.0;24.0;9.50;0.050
13806;5.0;24.0;9.50;0.060
13807;5.0;24.0;9.50;0.070
13808;5.0;24.0;9.50;0.080
13809;5.0;24.0;9.50;0.090
13810;5.0;24.0;9.50;0.100
13811;7.0;24.0;9.50;0.010
13812;7.0;24.0;9.50;0.020
13813;7.0;24.0;9.50;0.030
13814;7.0;24.0;9.50;0.040
13815;7.0;24.0;9.50;0.050
13816;7.0;24.0;9.50;0.060
13817;7.0;24.0;9.50;0.070
13818;7.0;24.0;9.50;0.080
13819;7.0;24.0;9.50;0.090
13820;7.0;24.0;9.50;0.100
13821;9.0;24.0;9.50;0.010
13822;9.0;24.0;9.50;0.020
13823;9.0;24.0;9.50;0.030
13824;9.0;24.0;9.50;0.040
13825;9.0;24.0;9.50;0.050
13826;9.0;24.0;9.50;0.060
13827;9.0;24.0;9.50;0.070
13828;9.0;24.0;9.50;0.080
13829;9.0;24.0;9.50;0.090
13830;9.0;24.0;9.50;0.100
13831;11.0;24.0;9.50;0.010
13832;11.0;24.0;9.50;0.020
13833;11.0;24.0;9.50;0.030
13834;11.0;24.0;9.50;0.040
13835;11.0;24.0;9.50;0.050
13836;11.0;24.0;9.50;0.060
13837;11.0;24.0;9.50;0.070
13838;11.0;24.0;9.50;0.080
13839;11.0;24.0;9.50;0.090
13840;11.0;24.0;9.50;0.100
13841;13.0;24.0;9.50;0.010
13842;13.0;24.0;9.50;0.020
13843;13.0;24.0;9.50;0.030
13844;13.0;24.0;9.50;0.040
13845;13.0;24.0;9.50;0.050
13846;13.0;24.0;9.50;0.060
13847;13.0;24.0;9.50;0.070
13848;13.0;24.0;9.50;0.080
13849;13.0;24.0;9.50;0.090
13850;13.0;24.0;9.50;0.100
13851;15.0;24.0;9.50;0.010
13852;15.0;24.0;9.50;0.020
13853;15.0;24.0;9.50;0.030
13854;15.0;24.0;9.50;0.040
13855;15.0;24.0;9.50;0.050
13856;15.0;24.0;9.50;0.060
13857;15.0;24.0;9.50;0.070
13858;15.0;24.0;9.50;0.080
13859;15.0;24.0;9.50;0.090
13860;15.0;24.0;9.50;0.100
13861;17.0;24.0;9.50;0.010
13862;17.0;24.0;9.50;0.020
13863;17.0;24.0;9.50;0.030
13864;17.0;24.0;9.50;0.040
13865;17.0;24.0;9.50;0.050
13866;17.0;24.0;9.50;0.060
13867;17.0;24.0;9.50;0.070
13868;17.0;24.0;9.50;0.080
13869;17.0;24.0;9.50;0.090
13870;17.0;24.0;9.50;0.100
13871;19.0;24.0;9.50;0.010
13872;19.0;24.0;9.50;0.020
13873;19.0;24.0;9.50;0.030
13874;19.0;24.0;9.50;0.040
13875;19.0;24.0;9.50;0.050
13876;19.0;24.0;9.50;0.060
13877;19.0;24.0;9.50;0.070
13878;19.0;24.0;9.50;0.080
13879;19.0;24.0;9.50;0.090
13880;19.0;24.0;9.50;0.100
13881;21.0;24.0;9.50;0.010
13882;21.0;24.0;9.50;0.020
13883;21.0;24.0;9.50;0.030
13884;21.0;24.0;9.50;0.040
13885;21.0;24.0;9.50;0.050
13886;21.0;24.0;9.50;0.060
13887;21.0;24.0;9.50;0.070
13888;21.0;24.0;9.50;0.080
13889;21.0;24.0;9.50;0.090
13890;21.0;24.0;9.50;0.100
13891;23.0;24.0;9.50;0.010
13892;23.0;24.0;9.50;0.020
13893;23.0;24.0;9.50;0.030
13894;23.0;24.0;9.50;0.040
13895;23.0;24.0;9.50;0.050
13896;23.0;24.0;9.50;0.060
13897;23.0;24.0;9.50;0.070
13898;23.0;24.0;9.50;0.080
13899;23.0;24.0;9.50;0.090
13900;23.0;24.0;9.50;0.100
13901;25.0;24.0;9.50;0.010
13902;25.0;24.0;9.50;0.020
13903;25.0;24.0;9.50;0.030
13904;25.0;24.0;9.50;0.040
13905;25.0;24.0;9.50;0.050
13906;25.0;24.0;9.50;0.060
13907;25.0;24.0;9.50;0.070
13908;25.0;24.0;9.50;0.080
13909;25.0;24.0;9.50;0.090
13910;25.0;24.0;9.50;0.100
13911;1.0;26.0;9.50;0.010
13912;1.0;26.0;9.50;0.020
13913;1.0;26.0;9.50;0.030
13914;1.0;26.0;9.50;0.040
13915;1.0;26.0;9.50;0.050
13916;1.0;26.0;9.50;0.060
13917;1.0;26.0;9.50;0.070
13918;1.0;26.0;9.50;0.080
13919;1.0;26.0;9.50;0.090
13920;1.0;26.0;9.50;0.100
13921;3.0;26.0;9.50;0.010
13922;3.0;26.0;9.50;0.020
13923;3.0;26.0;9.50;0.030
13924;3.0;26.0;9.50;0.040
13925;3.0;26.0;9.50;0.050
13926;3.0;26.0;9.50;0.060
13927;3.0;26.0;9.50;0.070
13928;3.0;26.0;9.50;0.080
13929;3.0;26.0;9.50;0.090
13930;3.0;26.0;9.50;0.100
13931;5.0;26.0;9.50;0.010
13932;5.0;26.0;9.50;0.020
13933;5.0;26.0;9.50;0.030
13934;5.0;26.0;9.50;0.040
13935;5.0;26.0;9.50;0.050
13936;5.0;26.0;9.50;0.060
13937;5.0;26.0;9.50;0.070
13938;5.0;26.0;9.50;0.080
13939;5.0;26.0;9.50;0.090
13940;5.0;26.0;9.50;0.100
13941;7.0;26.0;9.50;0.010
13942;7.0;26.0;9.50;0.020
13943;7.0;26.0;9.50;0.030
13944;7.0;26.0;9.50;0.040
13945;7.0;26.0;9.50;0.050
13946;7.0;26.0;9.50;0.060
13947;7.0;26.0;9.50;0.070
13948;7.0;26.0;9.50;0.080
13949;7.0;26.0;9.50;0.090
13950;7.0;26.0;9.50;0.100
13951;9.0;26.0;9.50;0.010
13952;9.0;26.0;9.50;0.020
13953;9.0;26.0;9.50;0.030
13954;9.0;26.0;9.50;0.040
13955;9.0;26.0;9.50;0.050
13956;9.0;26.0;9.50;0.060
13957;9.0;26.0;9.50;0.070
13958;9.0;26.0;9.50;0.080
13959;9.0;26.0;9.50;0.090
13960;9.0;26.0;9.50;0.100
13961;11.0;26.0;9.50;0.010
13962;11.0;26.0;9.50;0.020
13963;11.0;26.0;9.50;0.030
13964;11.0;26.0;9.50;0.040
13965;11.0;26.0;9.50;0.050
13966;11.0;26.0;9.50;0.060
13967;11.0;26.0;9.50;0.070
13968;11.0;26.0;9.50;0.080
13969;11.0;26.0;9.50;0.090
13970;11.0;26.0;9.50;0.100
13971;13.0;26.0;9.50;0.010
13972;13.0;26.0;9.50;0.020
13973;13.0;26.0;9.50;0.030
13974;13.0;26.0;9.50;0.040
13975;13.0;26.0;9.50;0.050
13976;13.0;26.0;9.50;0.060
13977;13.0;26.0;9.50;0.070
13978;13.0;26.0;9.50;0.080
13979;13.0;26.0;9.50;0.090
13980;13.0;26.0;9.50;0.100
13981;15.0;26.0;9.50;0.010
13982;15.0;26.0;9.50;0.020
13983;15.0;26.0;9.50;0.030
13984;15.0;26.0;9.50;0.040
13985;15.0;26.0;9.50;0.050
13986;15.0;26.0;9.50;0.060
13987;15.0;26.0;9.50;0.070
13988;15.0;26.0;9.50;0.080
13989;15.0;26.0;9.50;0.090
13990;15.0;26.0;9.50;0.100
13991;17.0;26.0;9.50;0.010
13992;17.0;26.0;9.50;0.020
13993;17.0;26.0;9.50;0.030
13994;17.0;26.0;9.50;0.040
13995;17.0;26.0;9.50;0.050
13996;17.0;26.0;9.50;0.060
13997;17.0;26.0;9.50;0.070
13998;17.0;26.0;9.50;0.080
13999;17.0;26.0;9.50;0.090
14000;17.0;26.0;9.50;0.100
14001;19.0;26.0;9.50;0.010
14002;19.0;26.0;9.50;0.020
14003;19.0;26.0;9.50;0.030
14004;19.0;26.0;9.50;0.040
14005;19.0;26.0;9.50;0.050
14006;19.0;26.0;9.50;0.060
14007;19.0;26.0;9.50;0.070
14008;19.0;26.0;9.50;0.080
14009;19.0;26.0;9.50;0.090
14010;19.0;26.0;9.50;0.100
14011;21.0;26.0;9.50;0.010
14012;21.0;26.0;9.50;0.020
14013;21.0;26.0;9.50;0.030
14014;21.0;26.0;9.50;0.040
14015;21.0;26.0;9.50;0.050
14016;21.0;26.0;9.50;0.060
14017;21.0;26.0;9.50;0.070
14018;21.0;26.0;9.50;0.080
14019;21.0;26.0;9.50;0.090
14020;21.0;26.0;9.50;0.100
14021;23.0;26.0;9.50;0.010
14022;23.0;26.0;9.50;0.020
14023;23.0;26.0;9.50;0.030
14024;23.0;26.0;9.50;0.040
14025;23.0;26.0;9.50;0.050
14026;23.0;26.0;9.50;0.060
14027;23.0;26.0;9.50;0.070
14028;23.0;26.0;9.50;0.080
14029;23.0;26.0;9.50;0.090
14030;23.0;26.0;9.50;0.100
14031;25.0;26.0;9.50;0.010
14032;25.0;26.0;9.50;0.020
14033;25.0;26.0;9.50;0.030
14034;25.0;26.0;9.50;0.040
14035;25.0;26.0;9.50;0.050
14036;25.0;26.0;9.50;0.060
14037;25.0;26.0;9.50;0.070
14038;25.0;26.0;9.50;0.080
14039;25.0;26.0;9.50;0.090
14040;25.0;26.0;9.50;0.100
14041;1.0;28.0;9.50;0.010
14042;1.0;28.0;9.50;0.020
14043;1.0;28.0;9.50;0.030
14044;1.0;28.0;9.50;0.040
14045;1.0;28.0;9.50;0.050
14046;1.0;28.0;9.50;0.060
14047;1.0;28.0;9.50;0.070
14048;1.0;28.0;9.50;0.080
14049;1.0;28.0;9.50;0.090
14050;1.0;28.0;9.50;0.100
14051;3.0;28.0;9.50;0.010
14052;3.0;28.0;9.50;0.020
14053;3.0;28.0;9.50;0.030
14054;3.0;28.0;9.50;0.040
14055;3.0;28.0;9.50;0.050
14056;3.0;28.0;9.50;0.060
14057;3.0;28.0;9.50;0.070
14058;3.0;28.0;9.50;0.080
14059;3.0;28.0;9.50;0.090
14060;3.0;28.0;9.50;0.100
14061;5.0;28.0;9.50;0.010
14062;5.0;28.0;9.50;0.020
14063;5.0;28.0;9.50;0.030
14064;5.0;28.0;9.50;0.040
14065;5.0;28.0;9.50;0.050
14066;5.0;28.0;9.50;0.060
14067;5.0;28.0;9.50;0.070
14068;5.0;28.0;9.50;0.080
14069;5.0;28.0;9.50;0.090
14070;5.0;28.0;9.50;0.100
14071;7.0;28.0;9.50;0.010
14072;7.0;28.0;9.50;0.020
14073;7.0;28.0;9.50;0.030
14074;7.0;28.0;9.50;0.040
14075;7.0;28.0;9.50;0.050
14076;7.0;28.0;9.50;0.060
14077;7.0;28.0;9.50;0.070
14078;7.0;28.0;9.50;0.080
14079;7.0;28.0;9.50;0.090
14080;7.0;28.0;9.50;0.100
14081;9.0;28.0;9.50;0.010
14082;9.0;28.0;9.50;0.020
14083;9.0;28.0;9.50;0.030
14084;9.0;28.0;9.50;0.040
14085;9.0;28.0;9.50;0.050
14086;9.0;28.0;9.50;0.060
14087;9.0;28.0;9.50;0.070
14088;9.0;28.0;9.50;0.080
14089;9.0;28.0;9.50;0.090
14090;9.0;28.0;9.50;0.100
14091;11.0;28.0;9.50;0.010
14092;11.0;28.0;9.50;0.020
14093;11.0;28.0;9.50;0.030
14094;11.0;28.0;9.50;0.040
14095;11.0;28.0;9.50;0.050
14096;11.0;28.0;9.50;0.060
14097;11.0;28.0;9.50;0.070
14098;11.0;28.0;9.50;0.080
14099;11.0;28.0;9.50;0.090
14100;11.0;28.0;9.50;0.100
14101;13.0;28.0;9.50;0.010
14102;13.0;28.0;9.50;0.020
14103;13.0;28.0;9.50;0.030
14104;13.0;28.0;9.50;0.040
14105;13.0;28.0;9.50;0.050
14106;13.0;28.0;9.50;0.060
14107;13.0;28.0;9.50;0.070
14108;13.0;28.0;9.50;0.080
14109;13.0;28.0;9.50;0.090
14110;13.0;28.0;9.50;0.100
14111;15.0;28.0;9.50;0.010
14112;15.0;28.0;9.50;0.020
14113;15.0;28.0;9.50;0.030
14114;15.0;28.0;9.50;0.040
14115;15.0;28.0;9.50;0.050
14116;15.0;28.0;9.50;0.060
14117;15.0;28.0;9.50;0.070
14118;15.0;28.0;9.50;0.080
14119;15.0;28.0;9.50;0.090
14120;15.0;28.0;9.50;0.100
14121;17.0;28.0;9.50;0.010
14122;17.0;28.0;9.50;0.020
14123;17.0;28.0;9.50;0.030
14124;17.0;28.0;9.50;0.040
14125;17.0;28.0;9.50;0.050
14126;17.0;28.0;9.50;0.060
14127;17.0;28.0;9.50;0.070
14128;17.0;28.0;9.50;0.080
14129;17.0;28.0;9.50;0.090
14130;17.0;28.0;9.50;0.100
14131;19.0;28.0;9.50;0.010
14132;19.0;28.0;9.50;0.020
14133;19.0;28.0;9.50;0.030
14134;19.0;28.0;9.50;0.040
14135;19.0;28.0;9.50;0.050
14136;19.0;28.0;9.50;0.060
14137;19.0;28.0;9.50;0.070
14138;19.0;28.0;9.50;0.080
14139;19.0;28.0;9.50;0.090
14140;19.0;28.0;9.50;0.100
14141;21.0;28.0;9.50;0.010
14142;21.0;28.0;9.50;0.020
14143;21.0;28.0;9.50;0.030
14144;21.0;28.0;9.50;0.040
14145;21.0;28.0;9.50;0.050
14146;21.0;28.0;9.50;0.060
14147;21.0;28.0;9.50;0.070
14148;21.0;28.0;9.50;0.080
14149;21.0;28.0;9.50;0.090
14150;21.0;28.0;9.50;0.100
14151;23.0;28.0;9.50;0.010
14152;23.0;28.0;9.50;0.020
14153;23.0;28.0;9.50;0.030
14154;23.0;28.0;9.50;0.040
14155;23.0;28.0;9.50;0.050
14156;23.0;28.0;9.50;0.060
14157;23.0;28.0;9.50;0.070
14158;23.0;28.0;9.50;0.080
14159;23.0;28.0;9.50;0.090
14160;23.0;28.0;9.50;0.100
14161;25.0;28.0;9.50;0.010
14162;25.0;28.0;9.50;0.020
14163;25.0;28.0;9.50;0.030
14164;25.0;28.0;9.50;0.040
14165;25.0;28.0;9.50;0.050
14166;25.0;28.0;9.50;0.060
14167;25.0;28.0;9.50;0.070
14168;25.0;28.0;9.50;0.080
14169;25.0;28.0;9.50;0.090
14170;25.0;28.0;9.50;0.100
14171;1.0;30.0;9.50;0.010
14172;1.0;30.0;9.50;0.020
14173;1.0;30.0;9.50;0.030
14174;1.0;30.0;9.50;0.040
14175;1.0;30.0;9.50;0.050
14176;1.0;30.0;9.50;0.060
14177;1.0;30.0;9.50;0.070
14178;1.0;30.0;9.50;0.080
14179;1.0;30.0;9.50;0.090
14180;1.0;30.0;9.50;0.100
14181;3.0;30.0;9.50;0.010
14182;3.0;30.0;9.50;0.020
14183;3.0;30.0;9.50;0.030
14184;3.0;30.0;9.50;0.040
14185;3.0;30.0;9.50;0.050
14186;3.0;30.0;9.50;0.060
14187;3.0;30.0;9.50;0.070
14188;3.0;30.0;9.50;0.080
14189;3.0;30.0;9.50;0.090
14190;3.0;30.0;9.50;0.100
14191;5.0;30.0;9.50;0.010
14192;5.0;30.0;9.50;0.020
14193;5.0;30.0;9.50;0.030
14194;5.0;30.0;9.50;0.040
14195;5.0;30.0;9.50;0.050
14196;5.0;30.0;9.50;0.060
14197;5.0;30.0;9.50;0.070
14198;5.0;30.0;9.50;0.080
14199;5.0;30.0;9.50;0.090
14200;5.0;30.0;9.50;0.100
14201;7.0;30.0;9.50;0.010
14202;7.0;30.0;9.50;0.020
14203;7.0;30.0;9.50;0.030
14204;7.0;30.0;9.50;0.040
14205;7.0;30.0;9.50;0.050
14206;7.0;30.0;9.50;0.060
14207;7.0;30.0;9.50;0.070
14208;7.0;30.0;9.50;0.080
14209;7.0;30.0;9.50;0.090
14210;7.0;30.0;9.50;0.100
14211;9.0;30.0;9.50;0.010
14212;9.0;30.0;9.50;0.020
14213;9.0;30.0;9.50;0.030
14214;9.0;30.0;9.50;0.040
14215;9.0;30.0;9.50;0.050
14216;9.0;30.0;9.50;0.060
14217;9.0;30.0;9.50;0.070
14218;9.0;30.0;9.50;0.080
14219;9.0;30.0;9.50;0.090
14220;9.0;30.0;9.50;0.100
14221;11.0;30.0;9.50;0.010
14222;11.0;30.0;9.50;0.020
14223;11.0;30.0;9.50;0.030
14224;11.0;30.0;9.50;0.040
14225;11.0;30.0;9.50;0.050
14226;11.0;30.0;9.50;0.060
14227;11.0;30.0;9.50;0.070
14228;11.0;30.0;9.50;0.080
14229;11.0;30.0;9.50;0.090
14230;11.0;30.0;9.50;0.100
14231;13.0;30.0;9.50;0.010
14232;13.0;30.0;9.50;0.020
14233;13.0;30.0;9.50;0.030
14234;13.0;30.0;9.50;0.040
14235;13.0;30.0;9.50;0.050
14236;13.0;30.0;9.50;0.060
14237;13.0;30.0;9.50;0.070
14238;13.0;30.0;9.50;0.080
14239;13.0;30.0;9.50;0.090
14240;13.0;30.0;9.50;0.100
14241;15.0;30.0;9.50;0.010
14242;15.0;30.0;9.50;0.020
14243;15.0;30.0;9.50;0.030
14244;15.0;30.0;9.50;0.040
14245;15.0;30.0;9.50;0.050
14246;15.0;30.0;9.50;0.060
14247;15.0;30.0;9.50;0.070
14248;15.0;30.0;9.50;0.080
14249;15.0;30.0;9.50;0.090
14250;15.0;30.0;9.50;0.100
14251;17.0;30.0;9.50;0.010
14252;17.0;30.0;9.50;0.020
14253;17.0;30.0;9.50;0.030
14254;17.0;30.0;9.50;0.040
14255;17.0;30.0;9.50;0.050
14256;17.0;30.0;9.50;0.060
14257;17.0;30.0;9.50;0.070
14258;17.0;30.0;9.50;0.080
14259;17.0;30.0;9.50;0.090
14260;17.0;30.0;9.50;0.100
14261;19.0;30.0;9.50;0.010
14262;19.0;30.0;9.50;0.020
14263;19.0;30.0;9.50;0.030
14264;19.0;30.0;9.50;0.040
14265;19.0;30.0;9.50;0.050
14266;19.0;30.0;9.50;0.060
14267;19.0;30.0;9.50;0.070
14268;19.0;30.0;9.50;0.080
14269;19.0;30.0;9.50;0.090
14270;19.0;30.0;9.50;0.100
14271;21.0;30.0;9.50;0.010
14272;21.0;30.0;9.50;0.020
14273;21.0;30.0;9.50;0.030
14274;21.0;30.0;9.50;0.040
14275;21.0;30.0;9.50;0.050
14276;21.0;30.0;9.50;0.060
14277;21.0;30.0;9.50;0.070
14278;21.0;30.0;9.50;0.080
14279;21.0;30.0;9.50;0.090
14280;21.0;30.0;9.50;0.100
14281;23.0;30.0;9.50;0.010
14282;23.0;30.0;9.50;0.020
14283;23.0;30.0;9.50;0.030
14284;23.0;30.0;9.50;0.040
14285;23.0;30.0;9.50;0.050
14286;23.0;30.0;9.50;0.060
14287;23.0;30.0;9.50;0.070
14288;23.0;30.0;9.50;0.080
14289;23.0;30.0;9.50;0.090
14290;23.0;30.0;9.50;0.100
14291;25.0;30.0;9.50;0.010
14292;25.0;30.0;9.50;0.020
14293;25.0;30.0;9.50;0.030
14294;25.0;30.0;9.50;0.040
14295;25.0;30.0;9.50;0.050
14296;25.0;30.0;9.50;0.060
14297;25.0;30.0;9.50;0.070
14298;25.0;30.0;9.50;0.080
14299;25.0;30.0;9.50;0.090
14300;25.0;30.0;9.50;0.100
